CREATE DATABASE  IF NOT EXISTS `duck` /*!40100 DEFAULT CHARACTER SET utf8mb4 COLLATE utf8mb4_0900_ai_ci */ /*!80016 DEFAULT ENCRYPTION='N' */;
USE `duck`;
-- MySQL dump 10.13  Distrib 8.0.33, for Win64 (x86_64)
--
-- Host: localhost    Database: duck
-- ------------------------------------------------------
-- Server version	8.0.33

/*!40101 SET @OLD_CHARACTER_SET_CLIENT=@@CHARACTER_SET_CLIENT */;
/*!40101 SET @OLD_CHARACTER_SET_RESULTS=@@CHARACTER_SET_RESULTS */;
/*!40101 SET @OLD_COLLATION_CONNECTION=@@COLLATION_CONNECTION */;
/*!50503 SET NAMES utf8 */;
/*!40103 SET @OLD_TIME_ZONE=@@TIME_ZONE */;
/*!40103 SET TIME_ZONE='+00:00' */;
/*!40014 SET @OLD_UNIQUE_CHECKS=@@UNIQUE_CHECKS, UNIQUE_CHECKS=0 */;
/*!40014 SET @OLD_FOREIGN_KEY_CHECKS=@@FOREIGN_KEY_CHECKS, FOREIGN_KEY_CHECKS=0 */;
/*!40101 SET @OLD_SQL_MODE=@@SQL_MODE, SQL_MODE='NO_AUTO_VALUE_ON_ZERO' */;
/*!40111 SET @OLD_SQL_NOTES=@@SQL_NOTES, SQL_NOTES=0 */;

--
-- Table structure for table `address`
--

DROP TABLE IF EXISTS `address`;
/*!40101 SET @saved_cs_client     = @@character_set_client */;
/*!50503 SET character_set_client = utf8mb4 */;
CREATE TABLE `address` (
  `id` bigint NOT NULL AUTO_INCREMENT,
  `district` varchar(255) DEFAULT NULL,
  `full_name` varchar(255) DEFAULT NULL,
  `is_default` bit(1) DEFAULT NULL,
  `order_details` varchar(255) DEFAULT NULL,
  `phone_number` varchar(255) DEFAULT NULL,
  `ward` varchar(255) DEFAULT NULL,
  `user_id` bigint DEFAULT NULL,
  `is_deleted` bit(1) DEFAULT NULL,
  `district_id` int DEFAULT NULL,
  `province` varchar(255) DEFAULT NULL,
  `province_id` int DEFAULT NULL,
  `ward_code` varchar(255) DEFAULT NULL,
  PRIMARY KEY (`id`),
  KEY `FK6i66ijb8twgcqtetl8eeeed6v` (`user_id`),
  CONSTRAINT `FK6i66ijb8twgcqtetl8eeeed6v` FOREIGN KEY (`user_id`) REFERENCES `users` (`id`)
) ENGINE=InnoDB AUTO_INCREMENT=38 DEFAULT CHARSET=utf8mb4 COLLATE=utf8mb4_0900_ai_ci;
/*!40101 SET character_set_client = @saved_cs_client */;

--
-- Dumping data for table `address`
--

LOCK TABLES `address` WRITE;
/*!40000 ALTER TABLE `address` DISABLE KEYS */;
INSERT INTO `address` VALUES (26,'TP. Thủ Đức','Admin',_binary '','162/9 Đường số 8','0326474614','P. Linh Xuân',36,_binary '\0',3695,'TP. Hồ Chí Minh',269,'90742'),(27,'Thành Phố Thủ Đức 1','User',_binary '\0','162 Đường số 8','0326474613','Phường Linh Xuân',37,_binary '\0',3695,'Hồ Chí Minh',202,'90735'),(29,'Thủ đức','Chau Chhin Hua',_binary '\0','Street 8, Linh Xuan','0326474614','Phuờng Tăng Nhơn Phú A',37,_binary '',3695,'TP. Hồ Chí Minh',269,'90755'),(30,'Thủ đức','User2 Nguyễn',_binary '','Street 8, Linh Xuan','0326474614','Phường Linh Xuân',42,_binary '\0',3695,'TP. Hồ Chí Minh',269,'90755'),(31,'Thủ đức','Chau Chhin Hua',_binary '\0','Street 8, Linh Xuan','0326474614','Phuờng Tăng Nhơn Phú A',37,_binary '',3695,'TP. Hồ Chí Minh',269,'90755'),(32,'Thành Phố Thủ Đức 1','Chau Chhin Hua',_binary '\0','484A đường Lê Văn Việt','0326474614','Phường Tăng Nhơn Phú A',37,_binary '\0',3695,'Hồ Chí Minh',202,'90755'),(33,'Thủ đức','Chau Chhin Hua',_binary '','Street 8, Linh Xuan','0326474614','Phường Linh Xuân',46,_binary '\0',3695,'TP. Hồ Chí Minh',269,'90755'),(34,'Thủ đức','Chau Chhin Hua',_binary '\0','Street 8, Linh Xuan','0326474614','Phuờng Tăng Nhơn Phú A',46,_binary '\0',3695,'TP. Hồ Chí Minh',269,'90755'),(35,'Thủ đức','Chau Chhin Hua',_binary '','Street 8, Linh Xuan','0326474614','Phường Linh Xuân',47,_binary '\0',3695,'TP. Hồ Chí Minh',269,'90755'),(36,'Thủ đức','Chau Chhin Hua',_binary '\0','Street 8, Linh Xuan','0326474614','P. Linh Xuân',47,_binary '\0',3695,'TP. Hồ Chí Minh',269,'90742'),(37,'Huyện Tri Tôn','清华',_binary '','cổng chùa Xà Lôn, ấp Xà Lôn','0326474611','Xã Lương Phi',37,_binary '\0',1751,'An Giang',217,'510709');
/*!40000 ALTER TABLE `address` ENABLE KEYS */;
UNLOCK TABLES;

--
-- Table structure for table `cart_items`
--

DROP TABLE IF EXISTS `cart_items`;
/*!40101 SET @saved_cs_client     = @@character_set_client */;
/*!50503 SET character_set_client = utf8mb4 */;
CREATE TABLE `cart_items` (
  `id` bigint NOT NULL AUTO_INCREMENT,
  `image_url` varchar(255) DEFAULT NULL,
  `price` decimal(38,2) DEFAULT NULL,
  `quantity` int DEFAULT NULL,
  `sub_total` decimal(38,2) DEFAULT NULL,
  `cart_id` bigint DEFAULT NULL,
  `product_id` bigint DEFAULT NULL,
  `sku_id` bigint DEFAULT NULL,
  PRIMARY KEY (`id`),
  KEY `FKpcttvuq4mxppo8sxggjtn5i2c` (`cart_id`),
  KEY `FK1re40cjegsfvw58xrkdp6bac6` (`product_id`),
  KEY `FKia2f7yq196srm6ya3v96wafy6` (`sku_id`),
  CONSTRAINT `FK1re40cjegsfvw58xrkdp6bac6` FOREIGN KEY (`product_id`) REFERENCES `products` (`product_id`),
  CONSTRAINT `FKia2f7yq196srm6ya3v96wafy6` FOREIGN KEY (`sku_id`) REFERENCES `product_skus` (`sku_id`),
  CONSTRAINT `FKpcttvuq4mxppo8sxggjtn5i2c` FOREIGN KEY (`cart_id`) REFERENCES `carts` (`id`)
) ENGINE=InnoDB AUTO_INCREMENT=423 DEFAULT CHARSET=utf8mb4 COLLATE=utf8mb4_0900_ai_ci;
/*!40101 SET character_set_client = @saved_cs_client */;

--
-- Dumping data for table `cart_items`
--

LOCK TABLES `cart_items` WRITE;
/*!40000 ALTER TABLE `cart_items` DISABLE KEYS */;
INSERT INTO `cart_items` VALUES (103,NULL,NULL,NULL,NULL,NULL,NULL,NULL),(105,NULL,NULL,NULL,NULL,NULL,NULL,NULL),(107,NULL,NULL,NULL,NULL,NULL,NULL,NULL),(109,NULL,NULL,NULL,NULL,NULL,NULL,NULL),(111,NULL,NULL,NULL,NULL,NULL,NULL,NULL),(113,NULL,NULL,NULL,NULL,NULL,NULL,NULL),(115,NULL,NULL,NULL,NULL,NULL,NULL,NULL),(117,NULL,NULL,NULL,NULL,NULL,NULL,NULL),(119,NULL,NULL,NULL,NULL,NULL,NULL,NULL),(121,NULL,NULL,NULL,NULL,NULL,NULL,NULL),(123,NULL,NULL,NULL,NULL,NULL,NULL,NULL),(125,NULL,NULL,NULL,NULL,NULL,NULL,NULL),(127,NULL,NULL,NULL,NULL,NULL,NULL,NULL),(129,NULL,NULL,NULL,NULL,NULL,NULL,NULL),(131,NULL,NULL,NULL,NULL,NULL,NULL,NULL),(133,NULL,NULL,NULL,NULL,NULL,NULL,NULL),(135,NULL,NULL,NULL,NULL,NULL,NULL,NULL),(137,NULL,NULL,NULL,NULL,NULL,NULL,NULL),(139,NULL,NULL,NULL,NULL,NULL,NULL,NULL),(141,NULL,NULL,NULL,NULL,NULL,NULL,NULL),(143,NULL,NULL,NULL,NULL,NULL,NULL,NULL),(145,NULL,NULL,NULL,NULL,NULL,NULL,NULL),(147,NULL,NULL,NULL,NULL,NULL,NULL,NULL),(149,NULL,NULL,NULL,NULL,NULL,NULL,NULL),(151,NULL,NULL,NULL,NULL,NULL,NULL,NULL),(153,NULL,NULL,NULL,NULL,NULL,NULL,NULL),(155,NULL,NULL,NULL,NULL,NULL,NULL,NULL),(157,NULL,NULL,NULL,NULL,NULL,NULL,NULL),(159,NULL,NULL,NULL,NULL,NULL,NULL,NULL),(161,NULL,NULL,NULL,NULL,NULL,NULL,NULL),(163,NULL,NULL,NULL,NULL,NULL,NULL,NULL),(165,NULL,NULL,NULL,NULL,NULL,NULL,NULL),(167,NULL,NULL,NULL,NULL,NULL,NULL,NULL),(169,NULL,NULL,NULL,NULL,NULL,NULL,NULL),(171,NULL,NULL,NULL,NULL,NULL,NULL,NULL),(173,NULL,NULL,NULL,NULL,NULL,NULL,NULL),(175,NULL,NULL,NULL,NULL,NULL,NULL,NULL),(177,NULL,NULL,NULL,NULL,NULL,NULL,NULL),(179,NULL,NULL,NULL,NULL,NULL,NULL,NULL),(181,NULL,NULL,NULL,NULL,NULL,NULL,NULL),(183,NULL,NULL,NULL,NULL,NULL,NULL,NULL),(185,NULL,NULL,NULL,NULL,NULL,NULL,NULL),(187,NULL,NULL,NULL,NULL,NULL,NULL,NULL),(189,NULL,NULL,NULL,NULL,NULL,NULL,NULL),(191,NULL,NULL,NULL,NULL,NULL,NULL,NULL),(193,NULL,NULL,NULL,NULL,NULL,NULL,NULL),(195,NULL,NULL,NULL,NULL,NULL,NULL,NULL),(197,NULL,NULL,NULL,NULL,NULL,NULL,NULL),(199,NULL,NULL,NULL,NULL,NULL,NULL,NULL),(201,NULL,NULL,NULL,NULL,NULL,NULL,NULL),(203,NULL,NULL,NULL,NULL,NULL,NULL,NULL),(205,NULL,NULL,NULL,NULL,NULL,NULL,NULL),(207,NULL,NULL,NULL,NULL,NULL,NULL,NULL),(209,NULL,NULL,NULL,NULL,NULL,NULL,NULL),(211,NULL,NULL,NULL,NULL,NULL,NULL,NULL),(213,NULL,NULL,NULL,NULL,NULL,NULL,NULL),(215,NULL,NULL,NULL,NULL,NULL,NULL,NULL),(217,NULL,NULL,NULL,NULL,NULL,NULL,NULL),(219,NULL,NULL,NULL,NULL,NULL,NULL,NULL),(221,NULL,NULL,NULL,NULL,NULL,NULL,NULL),(222,'https://down-vn.img.susercontent.com/file/1394e7bc1ae741e749cba39a37bf44bb',126000.00,1,126000.00,9,35,156),(223,NULL,NULL,NULL,NULL,NULL,NULL,NULL),(225,NULL,NULL,NULL,NULL,NULL,NULL,NULL),(227,NULL,NULL,NULL,NULL,NULL,NULL,NULL),(229,NULL,NULL,NULL,NULL,NULL,NULL,NULL),(231,NULL,NULL,NULL,NULL,NULL,NULL,NULL),(233,NULL,NULL,NULL,NULL,NULL,NULL,NULL),(235,NULL,NULL,NULL,NULL,NULL,NULL,NULL),(237,NULL,NULL,NULL,NULL,NULL,NULL,NULL),(239,NULL,NULL,NULL,NULL,NULL,NULL,NULL),(241,NULL,NULL,NULL,NULL,NULL,NULL,NULL),(243,NULL,NULL,NULL,NULL,NULL,NULL,NULL),(245,NULL,NULL,NULL,NULL,NULL,NULL,NULL),(247,NULL,NULL,NULL,NULL,NULL,NULL,NULL),(249,NULL,NULL,NULL,NULL,NULL,NULL,NULL),(251,NULL,NULL,NULL,NULL,NULL,NULL,NULL),(253,NULL,NULL,NULL,NULL,NULL,NULL,NULL),(255,NULL,NULL,NULL,NULL,NULL,NULL,NULL),(257,NULL,NULL,NULL,NULL,NULL,NULL,NULL),(259,NULL,NULL,NULL,NULL,NULL,NULL,NULL),(261,NULL,NULL,NULL,NULL,NULL,NULL,NULL),(263,NULL,NULL,NULL,NULL,NULL,NULL,NULL),(265,NULL,NULL,NULL,NULL,NULL,NULL,NULL),(267,NULL,NULL,NULL,NULL,NULL,NULL,NULL),(269,NULL,NULL,NULL,NULL,NULL,NULL,NULL),(271,NULL,NULL,NULL,NULL,NULL,NULL,NULL),(273,NULL,NULL,NULL,NULL,NULL,NULL,NULL),(275,NULL,NULL,NULL,NULL,NULL,NULL,NULL),(277,NULL,NULL,NULL,NULL,NULL,NULL,NULL),(279,NULL,NULL,NULL,NULL,NULL,NULL,NULL),(281,NULL,NULL,NULL,NULL,NULL,NULL,NULL),(283,NULL,NULL,NULL,NULL,NULL,NULL,NULL),(285,NULL,NULL,NULL,NULL,NULL,NULL,NULL),(287,NULL,NULL,NULL,NULL,NULL,NULL,NULL),(289,NULL,NULL,NULL,NULL,NULL,NULL,NULL),(291,NULL,NULL,NULL,NULL,NULL,NULL,NULL),(293,NULL,NULL,NULL,NULL,NULL,NULL,NULL),(295,NULL,NULL,NULL,NULL,NULL,NULL,NULL),(297,NULL,NULL,NULL,NULL,NULL,NULL,NULL),(299,NULL,NULL,NULL,NULL,NULL,NULL,NULL),(301,NULL,NULL,NULL,NULL,NULL,NULL,NULL),(303,NULL,NULL,NULL,NULL,NULL,NULL,NULL),(305,NULL,NULL,NULL,NULL,NULL,NULL,NULL),(307,NULL,NULL,NULL,NULL,NULL,NULL,NULL),(309,NULL,NULL,NULL,NULL,NULL,NULL,NULL),(311,NULL,NULL,NULL,NULL,NULL,NULL,NULL),(313,NULL,NULL,NULL,NULL,NULL,NULL,NULL),(315,NULL,NULL,NULL,NULL,NULL,NULL,NULL),(317,NULL,NULL,NULL,NULL,NULL,NULL,NULL),(319,NULL,NULL,NULL,NULL,NULL,NULL,NULL),(321,NULL,NULL,NULL,NULL,NULL,NULL,NULL),(323,NULL,NULL,NULL,NULL,NULL,NULL,NULL),(325,NULL,NULL,NULL,NULL,NULL,NULL,NULL),(327,NULL,NULL,NULL,NULL,NULL,NULL,NULL),(329,NULL,NULL,NULL,NULL,NULL,NULL,NULL),(331,NULL,NULL,NULL,NULL,NULL,NULL,NULL),(333,NULL,NULL,NULL,NULL,NULL,NULL,NULL),(335,NULL,NULL,NULL,NULL,NULL,NULL,NULL),(337,NULL,NULL,NULL,NULL,NULL,NULL,NULL),(339,NULL,NULL,NULL,NULL,NULL,NULL,NULL),(340,'https://res.cloudinary.com/dkurral2z/image/upload/v1703691793/duck_shop/f7d7ikfkizicju4zcgxp.webp',339000.00,1,339000.00,8,124,1271),(341,NULL,NULL,NULL,NULL,NULL,NULL,NULL),(342,'https://res.cloudinary.com/dkurral2z/image/upload/v1703691793/duck_shop/f7d7ikfkizicju4zcgxp.webp',349000.00,1,349000.00,8,124,1273),(343,NULL,NULL,NULL,NULL,NULL,NULL,NULL),(345,NULL,NULL,NULL,NULL,NULL,NULL,NULL),(347,NULL,NULL,NULL,NULL,NULL,NULL,NULL),(349,NULL,NULL,NULL,NULL,NULL,NULL,NULL),(350,'https://res.cloudinary.com/dkurral2z/image/upload/v1703690880/duck_shop/xbcnhlpg3lnriy4l4xfj.jpg',249000.00,2,498000.00,12,123,1266),(351,NULL,NULL,NULL,NULL,NULL,NULL,NULL),(353,NULL,NULL,NULL,NULL,NULL,NULL,NULL),(355,NULL,NULL,NULL,NULL,NULL,NULL,NULL),(357,NULL,NULL,NULL,NULL,NULL,NULL,NULL),(359,NULL,NULL,NULL,NULL,NULL,NULL,NULL),(361,NULL,NULL,NULL,NULL,NULL,NULL,NULL),(363,NULL,NULL,NULL,NULL,NULL,NULL,NULL),(365,NULL,NULL,NULL,NULL,NULL,NULL,NULL),(367,NULL,NULL,NULL,NULL,NULL,NULL,NULL),(369,NULL,NULL,NULL,NULL,NULL,NULL,NULL),(371,NULL,NULL,NULL,NULL,NULL,NULL,NULL),(373,NULL,NULL,NULL,NULL,NULL,NULL,NULL),(375,NULL,NULL,NULL,NULL,NULL,NULL,NULL),(377,NULL,NULL,NULL,NULL,NULL,NULL,NULL),(379,NULL,NULL,NULL,NULL,NULL,NULL,NULL),(381,NULL,NULL,NULL,NULL,NULL,NULL,NULL),(383,NULL,NULL,NULL,NULL,NULL,NULL,NULL),(385,NULL,NULL,NULL,NULL,NULL,NULL,NULL),(387,NULL,NULL,NULL,NULL,NULL,NULL,NULL),(389,NULL,NULL,NULL,NULL,NULL,NULL,NULL),(391,NULL,NULL,NULL,NULL,NULL,NULL,NULL),(393,NULL,NULL,NULL,NULL,NULL,NULL,NULL),(395,NULL,NULL,NULL,NULL,NULL,NULL,NULL),(397,NULL,NULL,NULL,NULL,NULL,NULL,NULL),(399,NULL,NULL,NULL,NULL,NULL,NULL,NULL),(401,NULL,NULL,NULL,NULL,NULL,NULL,NULL),(403,NULL,NULL,NULL,NULL,NULL,NULL,NULL),(405,NULL,NULL,NULL,NULL,NULL,NULL,NULL),(407,NULL,NULL,NULL,NULL,NULL,NULL,NULL),(409,NULL,NULL,NULL,NULL,NULL,NULL,NULL),(411,NULL,NULL,NULL,NULL,NULL,NULL,NULL),(413,NULL,NULL,NULL,NULL,NULL,NULL,NULL),(414,'https://down-vn.img.susercontent.com/file/4cd4f822d02d3bd7f198d83ba78c1f07',109000.00,1,109000.00,4,78,799),(415,NULL,NULL,NULL,NULL,NULL,NULL,NULL),(416,'https://res.cloudinary.com/dkurral2z/image/upload/v1703690880/duck_shop/xbcnhlpg3lnriy4l4xfj.jpg',249000.00,1,249000.00,4,123,1266),(417,NULL,NULL,NULL,NULL,NULL,NULL,NULL),(419,NULL,NULL,NULL,NULL,NULL,NULL,NULL),(420,'https://down-vn.img.susercontent.com/file/ab8a8a378f139cb517951b385633d312',109000.00,2,218000.00,4,71,705),(421,NULL,NULL,NULL,NULL,NULL,NULL,NULL);
/*!40000 ALTER TABLE `cart_items` ENABLE KEYS */;
UNLOCK TABLES;

--
-- Table structure for table `carts`
--

DROP TABLE IF EXISTS `carts`;
/*!40101 SET @saved_cs_client     = @@character_set_client */;
/*!50503 SET character_set_client = utf8mb4 */;
CREATE TABLE `carts` (
  `id` bigint NOT NULL AUTO_INCREMENT,
  `created_date` datetime(6) DEFAULT NULL,
  `last_modified_date` datetime(6) DEFAULT NULL,
  `total_items` int NOT NULL,
  `total_price` decimal(38,2) DEFAULT NULL,
  `user_id` bigint DEFAULT NULL,
  PRIMARY KEY (`id`),
  KEY `FKb5o626f86h46m4s7ms6ginnop` (`user_id`),
  CONSTRAINT `FKb5o626f86h46m4s7ms6ginnop` FOREIGN KEY (`user_id`) REFERENCES `users` (`id`)
) ENGINE=InnoDB AUTO_INCREMENT=13 DEFAULT CHARSET=utf8mb4 COLLATE=utf8mb4_0900_ai_ci;
/*!40101 SET character_set_client = @saved_cs_client */;

--
-- Dumping data for table `carts`
--

LOCK TABLES `carts` WRITE;
/*!40000 ALTER TABLE `carts` DISABLE KEYS */;
INSERT INTO `carts` VALUES (4,'2023-11-17 15:37:18.715000','2024-06-01 18:55:17.316660',3,576000.00,37),(7,'2023-11-20 19:54:51.246000','2023-11-20 19:54:51.246000',0,0.00,41),(8,'2023-11-24 16:12:29.846000','2023-12-27 23:07:55.099110',2,688000.00,42),(9,'2023-11-27 20:42:03.845199','2023-11-27 20:42:03.874204',1,126000.00,43),(10,'2023-11-29 15:52:07.240533','2023-11-29 15:52:07.240533',0,0.00,44),(11,'2023-12-17 16:43:58.666786','2023-12-17 16:44:58.511519',0,0.00,46),(12,'2023-12-30 15:13:11.134967','2024-03-10 13:16:18.228693',1,498000.00,47);
/*!40000 ALTER TABLE `carts` ENABLE KEYS */;
UNLOCK TABLES;

--
-- Table structure for table `categories`
--

DROP TABLE IF EXISTS `categories`;
/*!40101 SET @saved_cs_client     = @@character_set_client */;
/*!50503 SET character_set_client = utf8mb4 */;
CREATE TABLE `categories` (
  `id` bigint NOT NULL AUTO_INCREMENT,
  `created_date` datetime(6) DEFAULT NULL,
  `last_modified_date` datetime(6) DEFAULT NULL,
  `created_by` varchar(255) DEFAULT NULL,
  `description` longtext,
  `last_modified_by` varchar(255) DEFAULT NULL,
  `name` varchar(255) NOT NULL,
  `slug` varchar(255) DEFAULT NULL,
  `parent_id` bigint DEFAULT NULL,
  `is_deleted` bit(1) DEFAULT NULL,
  PRIMARY KEY (`id`),
  UNIQUE KEY `UK_t8o6pivur7nn124jehx7cygw5` (`name`),
  KEY `FKsaok720gsu4u2wrgbk10b5n8d` (`parent_id`),
  CONSTRAINT `FKsaok720gsu4u2wrgbk10b5n8d` FOREIGN KEY (`parent_id`) REFERENCES `categories` (`id`)
) ENGINE=InnoDB AUTO_INCREMENT=34 DEFAULT CHARSET=utf8mb4 COLLATE=utf8mb4_0900_ai_ci;
/*!40101 SET character_set_client = @saved_cs_client */;

--
-- Dumping data for table `categories`
--

LOCK TABLES `categories` WRITE;
/*!40000 ALTER TABLE `categories` DISABLE KEYS */;
INSERT INTO `categories` VALUES (13,'2023-11-17 14:50:33.229000','2023-11-17 14:50:33.229000','admin','Danh mục thời trang nam','admin','Thời trang nam','thoi-trang-nam',NULL,_binary '\0'),(14,'2023-11-17 14:51:03.413000','2023-11-26 16:54:11.061510','admin','Danh mục áo khoác','admin','Áo khoác','ao-khoac',13,_binary '\0'),(15,'2023-11-17 14:51:28.514000','2023-11-27 15:46:33.026181','admin','Danh mục quần Jeans của nam','admin','Quần Jeans nam','quan-jeans-nam',NULL,_binary '\0'),(16,'2023-11-17 14:51:59.415000','2023-11-21 21:34:03.194000','admin','Danh mục áo nam','admin','Áo nam','ao-nam',13,_binary '\0'),(17,'2023-11-17 14:52:46.128000','2023-11-18 17:36:48.430000','admin','Danh mục Áo Hoodie, Áo Len & Áo Nỉ','admin','Áo Hoodie / Áo Len / Áo Nỉ','ao-hoodie-ao-len-ao-ni-1',13,_binary '\0'),(18,'2023-11-17 14:53:17.582000','2023-11-18 18:10:40.922000','admin','Quần dài, quần âu','admin','Quần dài và quần âu','quan-dai-va-quan-au',13,_binary '\0'),(20,'2023-11-17 14:54:28.812000','2023-11-17 14:54:28.812000','admin','Danh mục kính mắt nam','admin','Kính mắt nam','kinh-mat-nam',13,_binary '\0'),(21,'2023-11-17 14:55:36.073000','2023-11-23 22:38:57.293000','admin','Danh mục Áo Vest và Blazer','admin','Áo Vest và Blazer','ao-vest-va-blazer',13,_binary '\0'),(22,'2023-11-21 20:58:50.457000','2023-11-21 20:58:50.457000','admin','Danh mục thời trang nữ','admin','Thời trang nữ','thoi-trang-nu',NULL,_binary '\0'),(23,'2023-11-21 21:29:08.398000','2023-11-21 21:29:08.398000','admin','Danh mục chân váy của nữ','admin','Chân váy','chan-vay',22,_binary '\0'),(24,'2023-11-21 21:29:53.010000','2023-11-21 21:29:53.010000','admin','Danh mục sản phẩm gồm đầm và váy','admin','Đầm / váy','am-vay',22,_binary '\0'),(25,'2023-11-21 21:31:20.840000','2023-11-21 21:31:20.840000','admin','Danh mục sản phẩm quần của nữ','admin','Quần nữ','quan-nu',22,_binary '\0'),(26,'2023-11-21 21:31:54.813000','2023-11-21 21:31:54.813000','admin','Danh mục quần đùi của nữ','admin','Quần đùi','quan-ui',22,_binary '\0'),(27,'2023-11-21 21:32:10.482000','2023-11-23 22:36:14.341000','admin','Danh mục quần đùi của nữ','admin','Quần Jeans nữ','quan-jeans-nu',22,_binary '\0'),(28,'2023-11-26 16:45:13.706296','2023-11-26 16:45:13.706296','admin','Danh mục áo thun nam','admin','Áo thun nam','ao-thun-nam',13,_binary '\0'),(29,'2023-11-27 15:29:19.269556','2023-11-27 15:29:19.269556','admin','Danh mục áo nữ','admin','Áo nữ','ao-nu',22,_binary '\0'),(30,'2023-11-30 01:36:44.489651','2023-11-30 01:37:08.288588','admin','Danh mục áo thun nữ','admin','Áo thun nữ','ao-thun-nu-1',22,_binary '\0'),(31,'2023-12-03 00:04:57.279121','2023-12-03 00:04:57.279121','admin','Danh mục thời trang của trẻ em','admin','Thời trang trẻ em','thoi-trang-tre-em',NULL,_binary '\0'),(32,'2023-12-16 14:59:49.618652','2023-12-16 14:59:49.618652','admin','Danh mục giày','admin','Giày','giay',NULL,_binary '\0'),(33,'2023-12-27 22:09:02.097918','2023-12-27 22:09:02.097918','admin','Danh mục áo Polo dành cho cả nam và nữ','admin','Áo Polo','ao-polo',NULL,_binary '\0');
/*!40000 ALTER TABLE `categories` ENABLE KEYS */;
UNLOCK TABLES;

--
-- Table structure for table `district`
--

DROP TABLE IF EXISTS `district`;
/*!40101 SET @saved_cs_client     = @@character_set_client */;
/*!50503 SET character_set_client = utf8mb4 */;
CREATE TABLE `district` (
  `id` bigint NOT NULL AUTO_INCREMENT,
  `code` varchar(255) DEFAULT NULL,
  `name` varchar(255) DEFAULT NULL,
  `province_code` varchar(255) DEFAULT NULL,
  `type` varchar(255) DEFAULT NULL,
  PRIMARY KEY (`id`)
) ENGINE=InnoDB DEFAULT CHARSET=utf8mb4 COLLATE=utf8mb4_0900_ai_ci;
/*!40101 SET character_set_client = @saved_cs_client */;

--
-- Dumping data for table `district`
--

LOCK TABLES `district` WRITE;
/*!40000 ALTER TABLE `district` DISABLE KEYS */;
/*!40000 ALTER TABLE `district` ENABLE KEYS */;
UNLOCK TABLES;

--
-- Table structure for table `option_values`
--

DROP TABLE IF EXISTS `option_values`;
/*!40101 SET @saved_cs_client     = @@character_set_client */;
/*!50503 SET character_set_client = utf8mb4 */;
CREATE TABLE `option_values` (
  `value_id` bigint NOT NULL AUTO_INCREMENT,
  `image_url` varchar(255) DEFAULT NULL,
  `value_name` varchar(255) NOT NULL,
  `option_id` bigint DEFAULT NULL,
  PRIMARY KEY (`value_id`),
  KEY `FKnwvpvk3crgi57dage4rvs0q2s` (`option_id`),
  CONSTRAINT `FKnwvpvk3crgi57dage4rvs0q2s` FOREIGN KEY (`option_id`) REFERENCES `options` (`option_id`)
) ENGINE=InnoDB AUTO_INCREMENT=826 DEFAULT CHARSET=utf8mb4 COLLATE=utf8mb4_0900_ai_ci;
/*!40101 SET character_set_client = @saved_cs_client */;

--
-- Dumping data for table `option_values`
--

LOCK TABLES `option_values` WRITE;
/*!40000 ALTER TABLE `option_values` DISABLE KEYS */;
INSERT INTO `option_values` VALUES (129,'https://down-vn.img.susercontent.com/file/fb12d5110d0ad6dd8d4e8e710231b3d5','Trắng',65),(130,'https://down-vn.img.susercontent.com/file/1394e7bc1ae741e749cba39a37bf44bb','Đen',65),(131,NULL,'S',66),(132,NULL,'M',66),(133,NULL,'L',66),(134,NULL,'XL',66),(135,NULL,'XXL',66),(136,'https://down-vn.img.susercontent.com/file/fb12d5110d0ad6dd8d4e8e710231b3d5','Trắng',67),(137,'https://down-vn.img.susercontent.com/file/1394e7bc1ae741e749cba39a37bf44bb','Đen',67),(138,NULL,'S',68),(139,NULL,'M',68),(140,NULL,'L',68),(141,NULL,'XL',68),(142,NULL,'XXL',68),(143,'https://down-vn.img.susercontent.com/file/fb12d5110d0ad6dd8d4e8e710231b3d5','Trắng',69),(144,'https://down-vn.img.susercontent.com/file/1394e7bc1ae741e749cba39a37bf44bb','Đen',69),(145,NULL,'S',70),(146,NULL,'M',70),(147,NULL,'L',70),(148,NULL,'XL',70),(149,NULL,'XXL',70),(150,'https://down-vn.img.susercontent.com/file/fb12d5110d0ad6dd8d4e8e710231b3d5','Trắng',71),(151,'https://down-vn.img.susercontent.com/file/1394e7bc1ae741e749cba39a37bf44bb','Đen',71),(152,NULL,'S',72),(153,NULL,'M',72),(154,NULL,'L',72),(155,NULL,'XL',72),(156,NULL,'XXL',72),(157,'https://down-vn.img.susercontent.com/file/fb12d5110d0ad6dd8d4e8e710231b3d5','Trắng',73),(158,'https://down-vn.img.susercontent.com/file/1394e7bc1ae741e749cba39a37bf44bb','Đen',73),(159,NULL,'S',74),(160,NULL,'M',74),(161,NULL,'L',74),(162,NULL,'XL',74),(163,NULL,'XXL',74),(164,'https://down-vn.img.susercontent.com/file/fb12d5110d0ad6dd8d4e8e710231b3d5','Trắng',75),(165,'https://down-vn.img.susercontent.com/file/1394e7bc1ae741e749cba39a37bf44bb','Đen',75),(166,NULL,'S',76),(167,NULL,'M',76),(168,NULL,'L',76),(169,NULL,'XL',76),(170,NULL,'XXL',76),(171,'https://down-vn.img.susercontent.com/file/a0cbc115ddfbdb370c533d370192f527','Trắng',77),(172,'https://down-vn.img.susercontent.com/file/1ff34943b7bb34414882baaee37bd9b0','Đen',77),(173,'https://down-vn.img.susercontent.com/file/vn-50009109-7b57c0c47015ece51b7b79f3cdfc388e','Xanh',77),(174,NULL,'S',78),(175,NULL,'M',78),(176,NULL,'L',78),(177,NULL,'XL',78),(178,NULL,'XXL',78),(179,'https://down-vn.img.susercontent.com/file/a0cbc115ddfbdb370c533d370192f527','Trắng',79),(180,'https://down-vn.img.susercontent.com/file/1ff34943b7bb34414882baaee37bd9b0','Đen',79),(181,'https://down-vn.img.susercontent.com/file/vn-50009109-7b57c0c47015ece51b7b79f3cdfc388e','Xanh',79),(182,NULL,'S',80),(183,NULL,'M',80),(184,NULL,'L',80),(185,NULL,'XL',80),(186,NULL,'XXL',80),(187,'https://down-vn.img.susercontent.com/file/a0cbc115ddfbdb370c533d370192f527','Trắng',81),(188,'https://down-vn.img.susercontent.com/file/1ff34943b7bb34414882baaee37bd9b0','Đen',81),(189,'https://down-vn.img.susercontent.com/file/vn-50009109-7b57c0c47015ece51b7b79f3cdfc388e','Xanh',81),(190,NULL,'S',82),(191,NULL,'M',82),(192,NULL,'L',82),(193,NULL,'XL',82),(194,NULL,'XXL',82),(195,'https://down-vn.img.susercontent.com/file/a0cbc115ddfbdb370c533d370192f527','Trắng',83),(196,'https://down-vn.img.susercontent.com/file/1ff34943b7bb34414882baaee37bd9b0','Đen',83),(197,'https://down-vn.img.susercontent.com/file/vn-50009109-7b57c0c47015ece51b7b79f3cdfc388e','Xanh',83),(198,NULL,'S',84),(199,NULL,'M',84),(200,NULL,'L',84),(201,NULL,'XL',84),(202,NULL,'XXL',84),(203,'https://down-vn.img.susercontent.com/file/a0cbc115ddfbdb370c533d370192f527','Trắng',85),(204,'https://down-vn.img.susercontent.com/file/1ff34943b7bb34414882baaee37bd9b0','Đen',85),(205,'https://down-vn.img.susercontent.com/file/vn-50009109-7b57c0c47015ece51b7b79f3cdfc388e','Xanh',85),(206,NULL,'S',86),(207,NULL,'M',86),(208,NULL,'L',86),(209,NULL,'XL',86),(210,NULL,'XXL',86),(211,'https://down-vn.img.susercontent.com/file/a0cbc115ddfbdb370c533d370192f527','Trắng',87),(212,'https://down-vn.img.susercontent.com/file/1ff34943b7bb34414882baaee37bd9b0','Đen',87),(213,'https://down-vn.img.susercontent.com/file/vn-50009109-7b57c0c47015ece51b7b79f3cdfc388e','Xanh',87),(214,NULL,'S',88),(215,NULL,'M',88),(216,NULL,'L',88),(217,NULL,'XL',88),(218,NULL,'XXL',88),(219,'https://down-vn.img.susercontent.com/file/a0cbc115ddfbdb370c533d370192f527','Trắng',89),(220,'https://down-vn.img.susercontent.com/file/1ff34943b7bb34414882baaee37bd9b0','Đen',89),(221,'https://down-vn.img.susercontent.com/file/f0d870c210592fe755c5f5571108ab97','Xanh',89),(222,NULL,'S',90),(223,NULL,'M',90),(224,NULL,'L',90),(225,NULL,'XL',90),(226,NULL,'XXL',90),(227,'https://down-vn.img.susercontent.com/file/a0cbc115ddfbdb370c533d370192f527','Trắng',91),(228,'https://down-vn.img.susercontent.com/file/1ff34943b7bb34414882baaee37bd9b0','Đen',91),(229,'https://down-vn.img.susercontent.com/file/f0d870c210592fe755c5f5571108ab97','Xanh',91),(230,NULL,'S',92),(231,NULL,'M',92),(232,NULL,'L',92),(233,NULL,'XL',92),(234,NULL,'XXL',92),(235,'https://down-vn.img.susercontent.com/file/a0cbc115ddfbdb370c533d370192f527','Trắng',93),(236,'https://down-vn.img.susercontent.com/file/1ff34943b7bb34414882baaee37bd9b0','Đen',93),(237,'https://down-vn.img.susercontent.com/file/f0d870c210592fe755c5f5571108ab97','Xanh',93),(238,NULL,'S',94),(239,NULL,'M',94),(240,NULL,'L',94),(241,NULL,'XL',94),(242,NULL,'XXL',94),(243,'https://down-vn.img.susercontent.com/file/a0cbc115ddfbdb370c533d370192f527','Trắng',95),(244,'https://down-vn.img.susercontent.com/file/1ff34943b7bb34414882baaee37bd9b0','Đen',95),(245,'https://down-vn.img.susercontent.com/file/f0d870c210592fe755c5f5571108ab97','Xanh',95),(246,NULL,'S',96),(247,NULL,'M',96),(248,NULL,'L',96),(249,NULL,'XL',96),(250,NULL,'XXL',96),(266,'https://down-vn.img.susercontent.com/file/954e3e79744246d9537345d6561349c8','Trắng',101),(267,'https://down-vn.img.susercontent.com/file/1ff34943b7bb34414882baaee37bd9b0','Đen',101),(268,'https://down-vn.img.susercontent.com/file/d1bd25ed4a28d4dcd8bc06a127dd8fa6','Hồng',101),(269,'https://down-vn.img.susercontent.com/file/vn-11134207-7qukw-lfz47yizlw8a54','Đen vải lụa',101),(270,NULL,'M',102),(271,NULL,'L',102),(272,NULL,'XL',102),(273,NULL,'XXL',102),(274,'https://down-vn.img.susercontent.com/file/954e3e79744246d9537345d6561349c8','Trắng',103),(275,'https://down-vn.img.susercontent.com/file/1ff34943b7bb34414882baaee37bd9b0','Đen',103),(276,'https://down-vn.img.susercontent.com/file/d1bd25ed4a28d4dcd8bc06a127dd8fa6','Hồng',103),(277,'https://down-vn.img.susercontent.com/file/vn-11134207-7qukw-lfz47yizlw8a54','Đen vải lụa',103),(278,NULL,'M',104),(279,NULL,'L',104),(280,NULL,'XL',104),(281,NULL,'XXL',104),(282,'https://down-vn.img.susercontent.com/file/954e3e79744246d9537345d6561349c8','Trắng',105),(283,'https://down-vn.img.susercontent.com/file/1ff34943b7bb34414882baaee37bd9b0','Đen',105),(284,'https://down-vn.img.susercontent.com/file/d1bd25ed4a28d4dcd8bc06a127dd8fa6','Hồng',105),(285,'https://down-vn.img.susercontent.com/file/vn-11134207-7qukw-lfz47yizlw8a54','Đen vải lụa',105),(286,NULL,'M',106),(287,NULL,'L',106),(288,NULL,'XL',106),(289,NULL,'XXL',106),(290,'https://down-vn.img.susercontent.com/file/954e3e79744246d9537345d6561349c8','Trắng',107),(291,'https://down-vn.img.susercontent.com/file/1ff34943b7bb34414882baaee37bd9b0','Đen',107),(292,'https://down-vn.img.susercontent.com/file/d1bd25ed4a28d4dcd8bc06a127dd8fa6','Hồng',107),(293,'https://down-vn.img.susercontent.com/file/vn-11134207-7qukw-lfz47yizlw8a54','Đen vải lụa',107),(294,NULL,'M',108),(295,NULL,'L',108),(296,NULL,'XL',108),(297,NULL,'XXL',108),(298,'https://down-vn.img.susercontent.com/file/954e3e79744246d9537345d6561349c8','Trắng',109),(299,'https://down-vn.img.susercontent.com/file/1ff34943b7bb34414882baaee37bd9b0','Đen',109),(300,'https://down-vn.img.susercontent.com/file/d1bd25ed4a28d4dcd8bc06a127dd8fa6','Hồng',109),(301,'https://down-vn.img.susercontent.com/file/vn-11134207-7qukw-lfz47yizlw8a54','Đen vải lụa',109),(302,NULL,'M',110),(303,NULL,'L',110),(304,NULL,'XL',110),(305,NULL,'XXL',110),(306,'https://down-vn.img.susercontent.com/file/vn-11134207-7qukw-lg3vzc0v5mqy24','Trắng',111),(307,'https://down-vn.img.susercontent.com/file/1b7f2c752957cd4aeabb9a4bbce4bc8f','Đen',111),(308,'https://down-vn.img.susercontent.com/file/d1bd25ed4a28d4dcd8bc06a127dd8fa6','Hồng',111),(309,'https://down-vn.img.susercontent.com/file/vn-11134207-7qukw-lfz47yizlw8a54','Đen vải lụa',111),(310,NULL,'M',112),(311,NULL,'L',112),(312,NULL,'XL',112),(313,NULL,'XXL',112),(314,'https://down-vn.img.susercontent.com/file/954e3e79744246d9537345d6561349c8','Trắng',113),(315,'https://down-vn.img.susercontent.com/file/1ff34943b7bb34414882baaee37bd9b0','Đen',113),(316,'https://down-vn.img.susercontent.com/file/d1bd25ed4a28d4dcd8bc06a127dd8fa6','Hồng',113),(317,'https://down-vn.img.susercontent.com/file/vn-11134207-7qukw-lfz47yizlw8a54','Đen vải lụa',113),(318,NULL,'M',114),(319,NULL,'L',114),(320,NULL,'XL',114),(321,NULL,'XXL',114),(322,'https://down-vn.img.susercontent.com/file/954e3e79744246d9537345d6561349c8','Trắng',115),(323,'https://down-vn.img.susercontent.com/file/1ff34943b7bb34414882baaee37bd9b0','Đen',115),(324,'https://down-vn.img.susercontent.com/file/d1bd25ed4a28d4dcd8bc06a127dd8fa6','Hồng',115),(325,'https://down-vn.img.susercontent.com/file/vn-11134207-7qukw-lfz47yizlw8a54','Đen vải lụa',115),(326,NULL,'M',116),(327,NULL,'L',116),(328,NULL,'XL',116),(329,NULL,'XXL',116),(330,'https://down-vn.img.susercontent.com/file/954e3e79744246d9537345d6561349c8','Trắng',117),(331,'https://down-vn.img.susercontent.com/file/1ff34943b7bb34414882baaee37bd9b0','Đen',117),(332,'https://down-vn.img.susercontent.com/file/d1bd25ed4a28d4dcd8bc06a127dd8fa6','Hồng',117),(333,'https://down-vn.img.susercontent.com/file/vn-11134207-7qukw-lfz47yizlw8a54','Đen vải lụa',117),(334,NULL,'M',118),(335,NULL,'L',118),(336,NULL,'XL',118),(337,NULL,'XXL',118),(338,'https://down-vn.img.susercontent.com/file/vn-11134207-7qukw-lg3vzc0v5mqy24','Trắng',119),(339,'https://down-vn.img.susercontent.com/file/1b7f2c752957cd4aeabb9a4bbce4bc8f','Đen',119),(340,'https://down-vn.img.susercontent.com/file/4f6c63fc056e6153f396db0ddd161acc','Xanh nhạt',119),(341,'https://down-vn.img.susercontent.com/file/ab8a8a378f139cb517951b385633d312','Xám',119),(342,NULL,'27',120),(343,NULL,'28',120),(344,NULL,'29',120),(345,NULL,'30',120),(346,'https://down-vn.img.susercontent.com/file/vn-11134207-7qukw-lg3vzc0v5mqy24','Trắng',121),(347,'https://down-vn.img.susercontent.com/file/1b7f2c752957cd4aeabb9a4bbce4bc8f','Đen',121),(348,'https://down-vn.img.susercontent.com/file/4f6c63fc056e6153f396db0ddd161acc','Xanh nhạt',121),(349,'https://down-vn.img.susercontent.com/file/ab8a8a378f139cb517951b385633d312','Xám',121),(350,NULL,'27',122),(351,NULL,'28',122),(352,NULL,'29',122),(353,NULL,'30',122),(354,'https://down-vn.img.susercontent.com/file/vn-11134207-7qukw-lg3vzc0v5mqy24','Trắng',123),(355,'https://down-vn.img.susercontent.com/file/1b7f2c752957cd4aeabb9a4bbce4bc8f','Đen',123),(356,'https://down-vn.img.susercontent.com/file/4f6c63fc056e6153f396db0ddd161acc','Xanh nhạt',123),(357,'https://down-vn.img.susercontent.com/file/ab8a8a378f139cb517951b385633d312','Xám',123),(358,NULL,'27',124),(359,NULL,'28',124),(360,NULL,'29',124),(361,NULL,'30',124),(362,'https://down-vn.img.susercontent.com/file/vn-11134207-7qukw-lg3vzc0v5mqy24','Trắng',125),(363,'https://down-vn.img.susercontent.com/file/1b7f2c752957cd4aeabb9a4bbce4bc8f','Đen',125),(364,'https://down-vn.img.susercontent.com/file/4f6c63fc056e6153f396db0ddd161acc','Xanh nhạt',125),(365,'https://down-vn.img.susercontent.com/file/ab8a8a378f139cb517951b385633d312','Xám',125),(366,NULL,'27',126),(367,NULL,'28',126),(368,NULL,'29',126),(369,NULL,'30',126),(370,'https://down-vn.img.susercontent.com/file/vn-11134207-7qukw-lg3vzc0v5mqy24','Trắng',127),(371,'https://down-vn.img.susercontent.com/file/1b7f2c752957cd4aeabb9a4bbce4bc8f','Đen',127),(372,'https://down-vn.img.susercontent.com/file/4f6c63fc056e6153f396db0ddd161acc','Xanh nhạt',127),(373,'https://down-vn.img.susercontent.com/file/ab8a8a378f139cb517951b385633d312','Xám',127),(374,NULL,'27',128),(375,NULL,'28',128),(376,NULL,'29',128),(377,NULL,'30',128),(378,'https://down-vn.img.susercontent.com/file/vn-11134207-7qukw-lg3vzc0v5mqy24','Trắng',129),(379,'https://down-vn.img.susercontent.com/file/1b7f2c752957cd4aeabb9a4bbce4bc8f','Đen',129),(380,'https://down-vn.img.susercontent.com/file/4f6c63fc056e6153f396db0ddd161acc','Xanh nhạt',129),(381,'https://down-vn.img.susercontent.com/file/ab8a8a378f139cb517951b385633d312','Xám',129),(382,NULL,'27',130),(383,NULL,'28',130),(384,NULL,'29',130),(385,NULL,'30',130),(386,'https://down-vn.img.susercontent.com/file/vn-11134207-7qukw-lg3vzc0v5mqy24','Trắng',131),(387,'https://down-vn.img.susercontent.com/file/1b7f2c752957cd4aeabb9a4bbce4bc8f','Đen',131),(388,'https://down-vn.img.susercontent.com/file/4f6c63fc056e6153f396db0ddd161acc','Xanh nhạt',131),(389,'https://down-vn.img.susercontent.com/file/ab8a8a378f139cb517951b385633d312','Xám',131),(390,NULL,'27',132),(391,NULL,'28',132),(392,NULL,'29',132),(393,NULL,'30',132),(394,'https://down-vn.img.susercontent.com/file/vn-11134207-7qukw-lg3vzc0v5mqy24','Trắng',133),(395,'https://down-vn.img.susercontent.com/file/1b7f2c752957cd4aeabb9a4bbce4bc8f','Đen',133),(396,'https://down-vn.img.susercontent.com/file/4f6c63fc056e6153f396db0ddd161acc','Xanh nhạt',133),(397,'https://down-vn.img.susercontent.com/file/ab8a8a378f139cb517951b385633d312','Xám',133),(398,NULL,'27',134),(399,NULL,'28',134),(400,NULL,'29',134),(401,NULL,'30',134),(402,'https://down-vn.img.susercontent.com/file/vn-11134207-7qukw-lg3vzc0v5mqy24','Trắng',135),(403,'https://down-vn.img.susercontent.com/file/1b7f2c752957cd4aeabb9a4bbce4bc8f','Đen',135),(404,'https://down-vn.img.susercontent.com/file/4f6c63fc056e6153f396db0ddd161acc','Xanh nhạt',135),(405,'https://down-vn.img.susercontent.com/file/ab8a8a378f139cb517951b385633d312','Xám',135),(406,NULL,'27',136),(407,NULL,'28',136),(408,NULL,'29',136),(409,NULL,'30',136),(410,'https://down-vn.img.susercontent.com/file/vn-11134207-7qukw-lg3vzc0v5mqy24','Trắng',137),(411,'https://down-vn.img.susercontent.com/file/1b7f2c752957cd4aeabb9a4bbce4bc8f','Đen',137),(412,'https://down-vn.img.susercontent.com/file/4f6c63fc056e6153f396db0ddd161acc','Xanh nhạt',137),(413,'https://down-vn.img.susercontent.com/file/ab8a8a378f139cb517951b385633d312','Xám',137),(414,NULL,'27',138),(415,NULL,'28',138),(416,NULL,'29',138),(417,NULL,'30',138),(418,'https://down-vn.img.susercontent.com/file/vn-11134207-7qukw-lg3vzc0v5mqy24','Trắng',139),(419,'https://down-vn.img.susercontent.com/file/1b7f2c752957cd4aeabb9a4bbce4bc8f','Đen',139),(420,'https://down-vn.img.susercontent.com/file/4f6c63fc056e6153f396db0ddd161acc','Xanh nhạt',139),(421,'https://down-vn.img.susercontent.com/file/ab8a8a378f139cb517951b385633d312','Xám',139),(422,NULL,'27',140),(423,NULL,'28',140),(424,NULL,'29',140),(425,NULL,'30',140),(426,'https://down-vn.img.susercontent.com/file/vn-11134207-7qukw-lg3vzc0v5mqy24','Trắng',141),(427,'https://down-vn.img.susercontent.com/file/1b7f2c752957cd4aeabb9a4bbce4bc8f','Đen',141),(428,'https://down-vn.img.susercontent.com/file/4f6c63fc056e6153f396db0ddd161acc','Xanh nhạt',141),(429,'https://down-vn.img.susercontent.com/file/ab8a8a378f139cb517951b385633d312','Xám',141),(430,NULL,'27',142),(431,NULL,'28',142),(432,NULL,'29',142),(433,NULL,'30',142),(434,'https://down-vn.img.susercontent.com/file/vn-11134207-7qukw-lg3vzc0v5mqy24','Trắng',143),(435,'https://down-vn.img.susercontent.com/file/1b7f2c752957cd4aeabb9a4bbce4bc8f','Đen',143),(436,'https://down-vn.img.susercontent.com/file/4f6c63fc056e6153f396db0ddd161acc','Xanh nhạt',143),(437,'https://down-vn.img.susercontent.com/file/ab8a8a378f139cb517951b385633d312','Xám',143),(438,NULL,'27',144),(439,NULL,'28',144),(440,NULL,'29',144),(441,NULL,'30',144),(442,'https://down-vn.img.susercontent.com/file/vn-11134207-7qukw-lg3vzc0v5mqy24','Trắng',145),(443,'https://down-vn.img.susercontent.com/file/1b7f2c752957cd4aeabb9a4bbce4bc8f','Đen',145),(444,'https://down-vn.img.susercontent.com/file/4f6c63fc056e6153f396db0ddd161acc','Xanh nhạt',145),(445,'https://down-vn.img.susercontent.com/file/ab8a8a378f139cb517951b385633d312','Xám',145),(446,NULL,'27',146),(447,NULL,'28',146),(448,NULL,'29',146),(449,NULL,'30',146),(450,'https://down-vn.img.susercontent.com/file/vn-11134207-7qukw-lg3vzc0v5mqy24','Trắng',147),(451,'https://down-vn.img.susercontent.com/file/1b7f2c752957cd4aeabb9a4bbce4bc8f','Đen',147),(452,'https://down-vn.img.susercontent.com/file/4f6c63fc056e6153f396db0ddd161acc','Xanh nhạt',147),(453,'https://down-vn.img.susercontent.com/file/ab8a8a378f139cb517951b385633d312','Xám',147),(454,NULL,'27',148),(455,NULL,'28',148),(456,NULL,'29',148),(457,NULL,'30',148),(458,'https://down-vn.img.susercontent.com/file/vn-11134207-7qukw-lg3vzc0v5mqy24','Trắng',149),(459,'https://down-vn.img.susercontent.com/file/1b7f2c752957cd4aeabb9a4bbce4bc8f','Đen',149),(460,'https://down-vn.img.susercontent.com/file/4f6c63fc056e6153f396db0ddd161acc','Xanh nhạt',149),(461,'https://down-vn.img.susercontent.com/file/ab8a8a378f139cb517951b385633d312','Xám',149),(462,NULL,'27',150),(463,NULL,'28',150),(464,NULL,'29',150),(465,NULL,'30',150),(466,'https://down-vn.img.susercontent.com/file/4cd4f822d02d3bd7f198d83ba78c1f07','Đen',151),(467,'https://down-vn.img.susercontent.com/file/4cd4f822d02d3bd7f198d83ba78c1f07','Trắng',151),(468,NULL,'S',152),(469,NULL,'M',152),(470,NULL,'L',152),(471,NULL,'XL',152),(472,NULL,'XXL',152),(473,'https://down-vn.img.susercontent.com/file/4cd4f822d02d3bd7f198d83ba78c1f07','Đen',153),(474,'https://down-vn.img.susercontent.com/file/4cd4f822d02d3bd7f198d83ba78c1f07','Trắng',153),(475,NULL,'S',154),(476,NULL,'M',154),(477,NULL,'L',154),(478,NULL,'XL',154),(479,NULL,'XXL',154),(480,'https://down-vn.img.susercontent.com/file/4cd4f822d02d3bd7f198d83ba78c1f07','Đen',155),(481,'https://down-vn.img.susercontent.com/file/4cd4f822d02d3bd7f198d83ba78c1f07','Trắng',155),(482,NULL,'S',156),(483,NULL,'M',156),(484,NULL,'L',156),(485,NULL,'XL',156),(486,NULL,'XXL',156),(487,'https://down-vn.img.susercontent.com/file/4cd4f822d02d3bd7f198d83ba78c1f07','Đen',157),(488,'https://down-vn.img.susercontent.com/file/4cd4f822d02d3bd7f198d83ba78c1f07','Trắng',157),(489,NULL,'S',158),(490,NULL,'M',158),(491,NULL,'L',158),(492,NULL,'XL',158),(493,NULL,'XXL',158),(494,'https://down-vn.img.susercontent.com/file/4cd4f822d02d3bd7f198d83ba78c1f07','Đen',159),(495,'https://down-vn.img.susercontent.com/file/4cd4f822d02d3bd7f198d83ba78c1f07','Trắng',159),(496,NULL,'S',160),(497,NULL,'M',160),(498,NULL,'L',160),(499,NULL,'XL',160),(500,NULL,'XXL',160),(501,'https://down-vn.img.susercontent.com/file/4cd4f822d02d3bd7f198d83ba78c1f07','Đen',161),(502,'https://down-vn.img.susercontent.com/file/4cd4f822d02d3bd7f198d83ba78c1f07','Trắng',161),(503,NULL,'S',162),(504,NULL,'M',162),(505,NULL,'L',162),(506,NULL,'XL',162),(507,NULL,'XXL',162),(508,'https://down-vn.img.susercontent.com/file/4cd4f822d02d3bd7f198d83ba78c1f07','Đen',163),(509,'https://down-vn.img.susercontent.com/file/4cd4f822d02d3bd7f198d83ba78c1f07','Trắng',163),(510,NULL,'S',164),(511,NULL,'M',164),(512,NULL,'L',164),(513,NULL,'XL',164),(514,NULL,'XXL',164),(515,'https://down-vn.img.susercontent.com/file/4cd4f822d02d3bd7f198d83ba78c1f07','Đen',165),(516,'https://down-vn.img.susercontent.com/file/4cd4f822d02d3bd7f198d83ba78c1f07','Trắng',165),(517,NULL,'S',166),(518,NULL,'M',166),(519,NULL,'L',166),(520,NULL,'XL',166),(521,NULL,'XXL',166),(522,'https://down-vn.img.susercontent.com/file/4cd4f822d02d3bd7f198d83ba78c1f07','Đen',167),(523,'https://down-vn.img.susercontent.com/file/4cd4f822d02d3bd7f198d83ba78c1f07','Trắng',167),(524,NULL,'S',168),(525,NULL,'M',168),(526,NULL,'L',168),(527,NULL,'XL',168),(528,NULL,'XXL',168),(529,'https://down-vn.img.susercontent.com/file/4cd4f822d02d3bd7f198d83ba78c1f07','Đen',169),(530,'https://down-vn.img.susercontent.com/file/4cd4f822d02d3bd7f198d83ba78c1f07','Trắng',169),(531,NULL,'S',170),(532,NULL,'M',170),(533,NULL,'L',170),(534,NULL,'XL',170),(535,NULL,'XXL',170),(536,'https://down-vn.img.susercontent.com/file/4cd4f822d02d3bd7f198d83ba78c1f07','Đen',171),(537,'https://down-vn.img.susercontent.com/file/4cd4f822d02d3bd7f198d83ba78c1f07','Trắng',171),(538,NULL,'S',172),(539,NULL,'M',172),(540,NULL,'L',172),(541,NULL,'XL',172),(542,NULL,'XXL',172),(543,'https://down-vn.img.susercontent.com/file/4cd4f822d02d3bd7f198d83ba78c1f07','Đen',173),(544,'https://down-vn.img.susercontent.com/file/4cd4f822d02d3bd7f198d83ba78c1f07','Trắng',173),(545,NULL,'S',174),(546,NULL,'M',174),(547,NULL,'L',174),(548,NULL,'XL',174),(549,NULL,'XXL',174),(550,'https://down-vn.img.susercontent.com/file/f2bbc88a11e31a0b8e80989c9ccb1141','Vàng Đen',175),(551,'https://down-vn.img.susercontent.com/file/f2bbc88a11e31a0b8e80989c9ccb1141','Đen xám',175),(552,'https://down-vn.img.susercontent.com/file/ad670efe5c8606d1ff8c2c0936ba95de','Súng xám',175),(553,'https://down-vn.img.susercontent.com/file/735671e7cd7f9e54385d6d600e8c31cd','Xanh đậm',175),(554,NULL,'53-18-145',176),(555,'https://down-vn.img.susercontent.com/file/f2bbc88a11e31a0b8e80989c9ccb1141','Vàng Đen',177),(556,'https://down-vn.img.susercontent.com/file/f2bbc88a11e31a0b8e80989c9ccb1141','Đen xám',177),(557,'https://down-vn.img.susercontent.com/file/ad670efe5c8606d1ff8c2c0936ba95de','Súng xám',177),(558,'https://down-vn.img.susercontent.com/file/735671e7cd7f9e54385d6d600e8c31cd','Xanh đậm',177),(559,NULL,'53-18-145',178),(560,'https://down-vn.img.susercontent.com/file/f2bbc88a11e31a0b8e80989c9ccb1141','Vàng Đen',179),(561,'https://down-vn.img.susercontent.com/file/f2bbc88a11e31a0b8e80989c9ccb1141','Đen xám',179),(562,'https://down-vn.img.susercontent.com/file/ad670efe5c8606d1ff8c2c0936ba95de','Súng xám',179),(563,'https://down-vn.img.susercontent.com/file/735671e7cd7f9e54385d6d600e8c31cd','Xanh đậm',179),(564,NULL,'53-18-145',180),(565,'https://down-vn.img.susercontent.com/file/f2bbc88a11e31a0b8e80989c9ccb1141','Vàng Đen',181),(566,'https://down-vn.img.susercontent.com/file/f2bbc88a11e31a0b8e80989c9ccb1141','Đen xám',181),(567,'https://down-vn.img.susercontent.com/file/ad670efe5c8606d1ff8c2c0936ba95de','Súng xám',181),(568,'https://down-vn.img.susercontent.com/file/735671e7cd7f9e54385d6d600e8c31cd','Xanh đậm',181),(569,NULL,'53-18-145',182),(570,'https://down-vn.img.susercontent.com/file/f2bbc88a11e31a0b8e80989c9ccb1141','Vàng Đen',183),(571,'https://down-vn.img.susercontent.com/file/f2bbc88a11e31a0b8e80989c9ccb1141','Đen xám',183),(572,'https://down-vn.img.susercontent.com/file/ad670efe5c8606d1ff8c2c0936ba95de','Súng xám',183),(573,'https://down-vn.img.susercontent.com/file/735671e7cd7f9e54385d6d600e8c31cd','Xanh đậm',183),(574,NULL,'53-18-145',184),(575,'https://down-vn.img.susercontent.com/file/f2bbc88a11e31a0b8e80989c9ccb1141','Vàng Đen',185),(576,'https://down-vn.img.susercontent.com/file/f2bbc88a11e31a0b8e80989c9ccb1141','Đen xám',185),(577,'https://down-vn.img.susercontent.com/file/ad670efe5c8606d1ff8c2c0936ba95de','Súng xám',185),(578,'https://down-vn.img.susercontent.com/file/735671e7cd7f9e54385d6d600e8c31cd','Xanh đậm',185),(579,NULL,'53-18-145',186),(580,'https://down-vn.img.susercontent.com/file/f2bbc88a11e31a0b8e80989c9ccb1141','Vàng Đen',187),(581,'https://down-vn.img.susercontent.com/file/f2bbc88a11e31a0b8e80989c9ccb1141','Đen xám',187),(582,'https://down-vn.img.susercontent.com/file/ad670efe5c8606d1ff8c2c0936ba95de','Súng xám',187),(583,'https://down-vn.img.susercontent.com/file/735671e7cd7f9e54385d6d600e8c31cd','Xanh đậm',187),(584,NULL,'53-18-145',188),(585,'https://down-vn.img.susercontent.com/file/f2bbc88a11e31a0b8e80989c9ccb1141','Vàng Đen',189),(586,'https://down-vn.img.susercontent.com/file/f2bbc88a11e31a0b8e80989c9ccb1141','Đen xám',189),(587,'https://down-vn.img.susercontent.com/file/ad670efe5c8606d1ff8c2c0936ba95de','Súng xám',189),(588,'https://down-vn.img.susercontent.com/file/735671e7cd7f9e54385d6d600e8c31cd','Xanh đậm',189),(589,NULL,'53-18-145',190),(590,'https://down-vn.img.susercontent.com/file/f2bbc88a11e31a0b8e80989c9ccb1141','Vàng Đen',191),(591,'https://down-vn.img.susercontent.com/file/f2bbc88a11e31a0b8e80989c9ccb1141','Đen xám',191),(592,'https://down-vn.img.susercontent.com/file/ad670efe5c8606d1ff8c2c0936ba95de','Súng xám',191),(593,'https://down-vn.img.susercontent.com/file/735671e7cd7f9e54385d6d600e8c31cd','Xanh đậm',191),(594,NULL,'53-18-145',192),(595,'https://down-vn.img.susercontent.com/file/f2bbc88a11e31a0b8e80989c9ccb1141','Vàng Đen',193),(596,'https://down-vn.img.susercontent.com/file/f2bbc88a11e31a0b8e80989c9ccb1141','Đen xám',193),(597,'https://down-vn.img.susercontent.com/file/ad670efe5c8606d1ff8c2c0936ba95de','Súng xám',193),(598,'https://down-vn.img.susercontent.com/file/735671e7cd7f9e54385d6d600e8c31cd','Xanh đậm',193),(599,NULL,'53-18-145',194),(600,'https://down-vn.img.susercontent.com/file/f2bbc88a11e31a0b8e80989c9ccb1141','Vàng Đen',195),(601,'https://down-vn.img.susercontent.com/file/f2bbc88a11e31a0b8e80989c9ccb1141','Đen xám',195),(602,'https://down-vn.img.susercontent.com/file/ad670efe5c8606d1ff8c2c0936ba95de','Súng xám',195),(603,'https://down-vn.img.susercontent.com/file/735671e7cd7f9e54385d6d600e8c31cd','Xanh đậm',195),(604,NULL,'53-18-145',196),(605,'https://down-vn.img.susercontent.com/file/f2bbc88a11e31a0b8e80989c9ccb1141','Vàng Đen',197),(606,'https://down-vn.img.susercontent.com/file/f2bbc88a11e31a0b8e80989c9ccb1141','Đen xám',197),(607,'https://down-vn.img.susercontent.com/file/ad670efe5c8606d1ff8c2c0936ba95de','Súng xám',197),(608,'https://down-vn.img.susercontent.com/file/735671e7cd7f9e54385d6d600e8c31cd','Xanh đậm',197),(609,NULL,'53-18-145',198),(610,'https://down-vn.img.susercontent.com/file/4cd4f822d02d3bd7f198d83ba78c1f07','Đen',199),(611,'https://down-vn.img.susercontent.com/file/4cd4f822d02d3bd7f198d83ba78c1f07','Trắng',199),(612,NULL,'S',200),(613,NULL,'M',200),(614,NULL,'L',200),(615,NULL,'XL',200),(616,NULL,'XXL',200),(617,'https://down-vn.img.susercontent.com/file/4cd4f822d02d3bd7f198d83ba78c1f07','Đen',201),(618,'https://down-vn.img.susercontent.com/file/4cd4f822d02d3bd7f198d83ba78c1f07','Trắng',201),(619,NULL,'S',202),(620,NULL,'M',202),(621,NULL,'L',202),(622,NULL,'XL',202),(623,NULL,'XXL',202),(624,'https://down-vn.img.susercontent.com/file/4cd4f822d02d3bd7f198d83ba78c1f07','Đen',203),(625,'https://down-vn.img.susercontent.com/file/4cd4f822d02d3bd7f198d83ba78c1f07','Trắng',203),(626,NULL,'S',204),(627,NULL,'M',204),(628,NULL,'L',204),(629,NULL,'XL',204),(630,NULL,'XXL',204),(634,'https://example.com/red.jpg','Đỏ',111),(635,'https://example.com/blue.jpg','Xanh',111),(636,NULL,'S',112),(637,'https://down-vn.img.susercontent.com/file/4cd4f822d02d3bd7f198d83ba78c1f07','Đen',205),(638,'https://down-vn.img.susercontent.com/file/4cd4f822d02d3bd7f198d83ba78c1f07','Trắng',205),(639,NULL,'S',206),(640,NULL,'M',206),(641,NULL,'L',206),(642,NULL,'XL',206),(643,NULL,'XXL',206),(644,'https://down-vn.img.susercontent.com/file/4cd4f822d02d3bd7f198d83ba78c1f07','Đen',207),(645,'https://down-vn.img.susercontent.com/file/4cd4f822d02d3bd7f198d83ba78c1f07','Trắng',207),(646,NULL,'S',208),(647,NULL,'M',208),(648,NULL,'L',208),(649,NULL,'XL',208),(650,NULL,'XXL',208),(651,'blob:http://localhost:5174/f0cb091c-f367-404d-845e-f4e19e501149','Đen',209),(652,'blob:http://localhost:5174/7a493e6a-cea4-4e78-a126-258eb01c233a','Trắng',209),(653,NULL,'S: 38-45 kg',210),(654,NULL,'M: 47-54 kg',210),(655,NULL,'L: 54-60 kg',210),(656,NULL,'XL: 60-65 kg',210),(657,'blob:http://localhost:5174/43391833-2439-4138-9ece-c55475d88db3','Đen',211),(658,'blob:http://localhost:5174/a640a036-291a-47fd-82af-6e3fd7bd2710','Trắng',211),(659,NULL,'S',212),(660,NULL,'M',212),(661,NULL,'L',212),(662,NULL,'XL',212),(663,'blob:http://localhost:5173/9b6cad47-7e7d-4cbe-9c3b-ce29fa88c5ec','Đen',213),(664,'blob:http://localhost:5173/21391d19-6a4e-4cf0-9a25-6f3794c5eb0c','Trắng',213),(665,NULL,'Free size: 40-60 kg',214),(666,NULL,'27',112),(667,NULL,'28',112),(668,NULL,'29',112),(669,NULL,'30',112),(670,'https://down-vn.img.susercontent.com/file/954e3e79744246d9537345d6561349c8','Trắng',111),(671,'https://down-vn.img.susercontent.com/file/1ff34943b7bb34414882baaee37bd9b0','Đen',111),(672,'https://down-vn.img.susercontent.com/file/d1bd25ed4a28d4dcd8bc06a127dd8fa6','Hồng',111),(673,NULL,'M',112),(674,NULL,'L',112),(675,'https://down-vn.img.susercontent.com/file/a0cbc115ddfbdb370c533d370192f527','Trắng',215),(676,'https://down-vn.img.susercontent.com/file/1ff34943b7bb34414882baaee37bd9b0','Đen',215),(678,NULL,'S',216),(679,NULL,'M',216),(680,NULL,'L',216),(681,NULL,'XL',216),(682,NULL,'XXL',216),(684,'https://down-vn.img.susercontent.com/file/f0d870c210592fe755c5f5571108ab97','Xanh',215),(685,'https://down-vn.img.susercontent.com/file/f0d870c210592fe755c5f5571108ab97','Hồng',215),(688,NULL,'S',218),(689,NULL,'M',218),(690,NULL,'L',218),(691,NULL,'XL',218),(692,NULL,'XXL',218),(693,'https://down-vn.img.susercontent.com/file/f0d870c210592fe755c5f5571108ab97','Xanh',217),(694,'https://down-vn.img.susercontent.com/file/f0d870c210592fe755c5f5571108ab97','Hồng',217),(697,NULL,'Free size: 40-60 kg',219),(698,'https://res.cloudinary.com/dkurral2z/image/upload/v1701519795/duck_shop/ryf7ijtxxtvmcj44gree.jpg','Trắng',220),(699,'https://res.cloudinary.com/dkurral2z/image/upload/v1701519795/duck_shop/ijoknlbsjesalc5mj9cf.jpg','Đen',220),(702,NULL,'S',219),(705,'https://res.cloudinary.com/dkurral2z/image/upload/v1702195866/duck_shop/imwct4ke115zdgt9apwk.jpg','Xanh',220),(706,'https://res.cloudinary.com/dkurral2z/image/upload/v1702195866/duck_shop/cmnoyi704ip7qjxhx9pg.jpg','Hồng',220),(707,NULL,'S1: 2-4t 12-16kg',221),(708,NULL,'S2: 5-7t 17-21kg',221),(709,NULL,'S3: 7-10t 21-33kg',221),(710,NULL,'S4: 10-13t 34-43kg',221),(711,NULL,'Size M: 44-52kg',221),(712,'https://res.cloudinary.com/dkurral2z/image/upload/v1701537260/duck_shop/cxageakugd5xulooxoxc.jpg','Hồng',222),(713,'https://res.cloudinary.com/dkurral2z/image/upload/v1701537259/duck_shop/zra3flg3yido96cywgpu.jpg','Đen',222),(714,'https://res.cloudinary.com/dkurral2z/image/upload/v1701537259/duck_shop/z7eqyzbx2lgvoqyl3aje.jpg','Trắng',222),(716,NULL,'S: 12-16kg',223),(717,NULL,'M: 17-21kg',223),(718,NULL,'L: 21-33kg',223),(719,'https://res.cloudinary.com/dkurral2z/image/upload/v1701539154/duck_shop/irign6rqoouhthmrzsms.jpg','Đen',224),(720,'https://res.cloudinary.com/dkurral2z/image/upload/v1701539157/duck_shop/o6ucmlynlgaijoxlwomi.jpg','Trắng',224),(721,'https://res.cloudinary.com/dkurral2z/image/upload/v1701539154/duck_shop/ew527iwnjdvi3rx4yknx.jpg','Hồng',224),(722,'https://down-vn.img.susercontent.com/file/4cd4f822d02d3bd7f198d83ba78c1f07','Đen',225),(723,'https://down-vn.img.susercontent.com/file/4cd4f822d02d3bd7f198d83ba78c1f07','Trắng',225),(724,NULL,'S',226),(725,NULL,'M',226),(726,NULL,'L',226),(727,NULL,'XL',226),(728,NULL,'XXL',226),(729,'https://down-vn.img.susercontent.com/file/4cd4f822d02d3bd7f198d83ba78c1f07','Đen',227),(730,'https://down-vn.img.susercontent.com/file/4cd4f822d02d3bd7f198d83ba78c1f07','Trắng',227),(731,NULL,'S',228),(732,NULL,'M',228),(733,NULL,'L',228),(734,NULL,'XL',228),(735,NULL,'XXL',228),(736,NULL,'S: 12-16kg',229),(737,NULL,'M: 17-21kg',229),(738,NULL,'L: 21-33kg',229),(739,'https://res.cloudinary.com/dkurral2z/image/upload/v1701539856/duck_shop/mtrffdii8nbgctuywu1k.jpg','Trắng',230),(740,'https://res.cloudinary.com/dkurral2z/image/upload/v1701539858/duck_shop/duie5kezqwwv6oajwywn.jpg','Đen',230),(741,'https://res.cloudinary.com/dkurral2z/image/upload/v1701539856/duck_shop/wk6heomthaxd3a6j32dz.jpg','Hồng',230),(742,NULL,'S < 46kg',231),(743,NULL,'M < 50kg',231),(744,NULL,'L < 55kg',231),(745,NULL,'XL < 58kg',231),(746,NULL,'XXL < 60kg',231),(747,'https://res.cloudinary.com/dkurral2z/image/upload/v1702054097/duck_shop/zk6xikmwjx1uj29gcvwz.jpg','Đen',232),(748,'https://res.cloudinary.com/dkurral2z/image/upload/v1702054097/duck_shop/rjr8avjpctwx0vpuimic.jpg','Xám',232),(749,NULL,'S < 46kg',233),(750,NULL,'M < 50kg',233),(751,NULL,'L < 55kg',233),(752,NULL,'XL < 58kg',233),(753,NULL,'XXL < 60kg',233),(754,'https://res.cloudinary.com/dkurral2z/image/upload/v1702054097/duck_shop/zk6xikmwjx1uj29gcvwz.jpg','Đen',234),(755,'https://res.cloudinary.com/dkurral2z/image/upload/v1702054097/duck_shop/rjr8avjpctwx0vpuimic.jpg','Xám',234),(756,NULL,'36',235),(757,NULL,'37',235),(758,NULL,'38',235),(759,NULL,'39',235),(760,NULL,'40',235),(761,NULL,'41',235),(762,NULL,'42',235),(763,NULL,'43',235),(764,'https://res.cloudinary.com/dkurral2z/image/upload/v1702713923/duck_shop/jq7m1jhnq7rah6dm8lco.jpg','AF1 trắng',236),(765,'https://res.cloudinary.com/dkurral2z/image/upload/v1702713924/duck_shop/w9qqwkgog4n4pugdgfss.jpg','AF1 nâu',236),(766,'https://res.cloudinary.com/dkurral2z/image/upload/v1702713924/duck_shop/t23nmaopnrqkxl4hp875.jpg','AF1 vệt đen',236),(767,'https://res.cloudinary.com/dkurral2z/image/upload/v1702713925/duck_shop/c2nmdsqglqdqnkyq1o1b.jpg','Lv đen',236),(768,'https://res.cloudinary.com/dkurral2z/image/upload/v1702803418/duck_shop/pfqmnuu6ag03zewa1e2e.jpg','Trắng',234),(769,NULL,'39',237),(770,NULL,'40',237),(771,NULL,'41',237),(772,'https://res.cloudinary.com/dkurral2z/image/upload/v1702806932/duck_shop/qadsyrwoej06emhud07s.jpg','Kaki',238),(773,'https://res.cloudinary.com/dkurral2z/image/upload/v1702806933/duck_shop/uxogcsvzgnvzlt6tfvdc.jpg','Xám',238),(774,'https://res.cloudinary.com/dkurral2z/image/upload/v1702806932/duck_shop/hpfmyeacqorjv1ewnwtr.jpg','Đen',238),(776,NULL,'S',239),(777,NULL,'M',239),(778,NULL,'L',239),(779,NULL,'XL',239),(780,'https://res.cloudinary.com/dkurral2z/image/upload/v1703689909/duck_shop/n3giyeizcuvip2xh82mg.jpg','Be',240),(781,NULL,'S',241),(782,NULL,'M',241),(783,NULL,'L',241),(784,NULL,'XL',241),(785,'https://res.cloudinary.com/dkurral2z/image/upload/v1703690111/duck_shop/rd0e6akffaxsa03oltfk.jpg','Trắng',242),(786,NULL,'S',243),(787,NULL,'M',243),(788,NULL,'X',243),(789,NULL,'XL',243),(790,'https://res.cloudinary.com/dkurral2z/image/upload/v1703690634/duck_shop/u1fywvfhvggkmdv4z1x6.jpg','Xám trắng',244),(791,NULL,'S',245),(792,NULL,'M',245),(793,NULL,'L',245),(794,NULL,'XL',245),(795,'https://res.cloudinary.com/dkurral2z/image/upload/v1703690880/duck_shop/xbcnhlpg3lnriy4l4xfj.jpg','Xanh Ve Chai',246),(796,NULL,'S',247),(797,NULL,'M',247),(798,NULL,'L',247),(799,NULL,'XL',247),(800,NULL,'XXL',247),(801,NULL,'3XL',247),(802,'https://res.cloudinary.com/dkurral2z/image/upload/v1703691793/duck_shop/f7d7ikfkizicju4zcgxp.webp','Đen',248),(803,NULL,'S',249),(804,NULL,'M',249),(805,NULL,'L',249),(806,NULL,'XL',249),(807,NULL,'XXL',249),(808,NULL,'3XL',249),(809,'https://res.cloudinary.com/dkurral2z/image/upload/v1703691953/duck_shop/yfpf39cftrzuehq6rb3c.webp','Trắng',250),(810,NULL,'S',253),(811,NULL,'M',253),(812,NULL,'L',253),(813,NULL,'XL',253),(814,NULL,'XXL',253),(815,NULL,'3XL',253),(816,'https://res.cloudinary.com/dkurral2z/image/upload/v1703692147/duck_shop/xtozg2orkt1uqbieojyo.webp','Xám',254),(817,NULL,'S',255),(818,NULL,'M',255),(819,NULL,'L',255),(820,NULL,'XL',255),(821,NULL,'XXL',255),(822,'https://res.cloudinary.com/dkurral2z/image/upload/v1703924639/duck_shop/mfhlax25u4eudeqhrzfa.webp','Xám',256),(823,'https://res.cloudinary.com/dkurral2z/image/upload/v1703924638/duck_shop/adi0wpj1zgxqyim6ueg6.webp','Đen',256),(824,NULL,'S',257),(825,'blob:http://localhost:5174/fdb4b37e-9b3c-4761-ba63-7462667ab120','Đen',258);
/*!40000 ALTER TABLE `option_values` ENABLE KEYS */;
UNLOCK TABLES;

--
-- Table structure for table `options`
--

DROP TABLE IF EXISTS `options`;
/*!40101 SET @saved_cs_client     = @@character_set_client */;
/*!50503 SET character_set_client = utf8mb4 */;
CREATE TABLE `options` (
  `option_id` bigint NOT NULL AUTO_INCREMENT,
  `option_name` varchar(255) NOT NULL,
  `product_id` bigint DEFAULT NULL,
  PRIMARY KEY (`option_id`),
  KEY `FK2m37jcoh1yt06dsivrphak718` (`product_id`),
  CONSTRAINT `FK2m37jcoh1yt06dsivrphak718` FOREIGN KEY (`product_id`) REFERENCES `products` (`product_id`)
) ENGINE=InnoDB AUTO_INCREMENT=259 DEFAULT CHARSET=utf8mb4 COLLATE=utf8mb4_0900_ai_ci;
/*!40101 SET character_set_client = @saved_cs_client */;

--
-- Dumping data for table `options`
--

LOCK TABLES `options` WRITE;
/*!40000 ALTER TABLE `options` DISABLE KEYS */;
INSERT INTO `options` VALUES (65,'Màu',33),(66,'Size',33),(67,'Màu',34),(68,'Size',34),(69,'Màu',35),(70,'Size',35),(71,'Màu',36),(72,'Size',36),(73,'Màu',37),(74,'Size',37),(75,'Màu',38),(76,'Size',38),(77,'Màu',39),(78,'Size',39),(79,'Màu',40),(80,'Size',40),(81,'Màu',41),(82,'Size',41),(83,'Màu',42),(84,'Size',42),(85,'Màu',43),(86,'Size',43),(87,'Màu',44),(88,'Size',44),(89,'Màu',45),(90,'Size',45),(91,'Màu',46),(92,'Size',46),(93,'Màu',47),(94,'Size',47),(95,'Màu',48),(96,'Size',48),(101,'Màu',51),(102,'Size',51),(103,'Màu',52),(104,'Size',52),(105,'Màu',53),(106,'Size',53),(107,'Màu',54),(108,'Size',54),(109,'Màu',55),(110,'Size',55),(111,'Màu',NULL),(112,'Size',NULL),(113,'Màu',57),(114,'Size',57),(115,'Màu',58),(116,'Size',58),(117,'Màu',59),(118,'Size',59),(119,'Màu',60),(120,'Size',60),(121,'Màu',61),(122,'Size',61),(123,'Màu',62),(124,'Size',62),(125,'Màu',63),(126,'Size',63),(127,'Màu',64),(128,'Size',64),(129,'Màu',65),(130,'Size',65),(131,'Màu',66),(132,'Size',66),(133,'Màu',67),(134,'Size',67),(135,'Màu',68),(136,'Size',68),(137,'Màu',69),(138,'Size',69),(139,'Màu',70),(140,'Size',70),(141,'Màu',71),(142,'Size',71),(143,'Màu',72),(144,'Size',72),(145,'Màu',73),(146,'Size',73),(147,'Màu',74),(148,'Size',74),(149,'Màu',75),(150,'Size',75),(151,'Màu',76),(152,'Size',76),(153,'Màu',77),(154,'Size',77),(155,'Màu',78),(156,'Size',78),(157,'Màu',79),(158,'Size',79),(159,'Màu',80),(160,'Size',80),(161,'Màu',81),(162,'Size',81),(163,'Màu',82),(164,'Size',82),(165,'Màu',83),(166,'Size',83),(167,'Màu',84),(168,'Size',84),(169,'Màu',85),(170,'Size',85),(171,'Màu',86),(172,'Size',86),(173,'Màu',87),(174,'Size',87),(175,'Màu',88),(176,'Size',88),(177,'Màu',89),(178,'Size',89),(179,'Màu',90),(180,'Size',90),(181,'Màu',91),(182,'Size',91),(183,'Màu',92),(184,'Size',92),(185,'Màu',93),(186,'Size',93),(187,'Màu',94),(188,'Size',94),(189,'Màu',95),(190,'Size',95),(191,'Màu',96),(192,'Size',96),(193,'Màu',97),(194,'Size',97),(195,'Màu',98),(196,'Size',98),(197,'Màu',99),(198,'Size',99),(199,'Màu',100),(200,'Size',100),(201,'Màu',101),(202,'Size',101),(203,'Màu',102),(204,'Size',102),(205,'Màu',103),(206,'Size',103),(207,'Màu',104),(208,'Size',104),(209,'Màu',105),(210,'Size',105),(211,'Màu',106),(212,'Size',106),(213,'Size',107),(214,'Màu',107),(215,'Màu',108),(216,'Size',108),(217,'Màu',109),(218,'Size',109),(219,'Size',110),(220,'Màu',110),(221,'Size',111),(222,'Màu',111),(223,'Size',112),(224,'Màu',112),(225,'Màu',113),(226,'Size',113),(227,'Màu',114),(228,'Size',114),(229,'Size',115),(230,'Màu',115),(231,'Size',116),(232,'Màu',116),(233,'Size',117),(234,'Màu',117),(235,'Size',118),(236,'Màu',118),(237,'Size',119),(238,'Màu',119),(239,'Size',120),(240,'Màu',120),(241,'Size',121),(242,'Màu',121),(243,'Size',122),(244,'Màu',122),(245,'Size',123),(246,'Màu',123),(247,'Size',124),(248,'Màu',124),(249,'Size',125),(250,'Màu',125),(251,'',126),(252,'',126),(253,'Size',127),(254,'Màu',127),(255,'Size',128),(256,'Màu',128),(257,'Size',129),(258,'Màu',129);
/*!40000 ALTER TABLE `options` ENABLE KEYS */;
UNLOCK TABLES;

--
-- Table structure for table `order_items`
--

DROP TABLE IF EXISTS `order_items`;
/*!40101 SET @saved_cs_client     = @@character_set_client */;
/*!50503 SET character_set_client = utf8mb4 */;
CREATE TABLE `order_items` (
  `id` bigint NOT NULL AUTO_INCREMENT,
  `created_date` datetime(6) DEFAULT NULL,
  `last_modified_date` datetime(6) DEFAULT NULL,
  `quantity` int DEFAULT NULL,
  `sub_total` decimal(38,2) DEFAULT NULL,
  `order_id` bigint NOT NULL,
  `product_id` bigint DEFAULT NULL,
  `sku_id` bigint DEFAULT NULL,
  `price` decimal(38,2) DEFAULT NULL,
  `image_url` varchar(255) DEFAULT NULL,
  `review_id` bigint DEFAULT NULL,
  PRIMARY KEY (`id`),
  KEY `FKbioxgbv59vetrxe0ejfubep1w` (`order_id`),
  KEY `FKocimc7dtr037rh4ls4l95nlfi` (`product_id`),
  KEY `FK2mbmbfy82tn7joyvldcdoim61` (`sku_id`),
  KEY `FKks4llh7842p4oso6or8oaf4vx` (`review_id`),
  CONSTRAINT `FK2mbmbfy82tn7joyvldcdoim61` FOREIGN KEY (`sku_id`) REFERENCES `product_skus` (`sku_id`),
  CONSTRAINT `FKbioxgbv59vetrxe0ejfubep1w` FOREIGN KEY (`order_id`) REFERENCES `orders` (`id`),
  CONSTRAINT `FKks4llh7842p4oso6or8oaf4vx` FOREIGN KEY (`review_id`) REFERENCES `reviews` (`id`),
  CONSTRAINT `FKocimc7dtr037rh4ls4l95nlfi` FOREIGN KEY (`product_id`) REFERENCES `products` (`product_id`)
) ENGINE=InnoDB AUTO_INCREMENT=504 DEFAULT CHARSET=utf8mb4 COLLATE=utf8mb4_0900_ai_ci;
/*!40101 SET character_set_client = @saved_cs_client */;

--
-- Dumping data for table `order_items`
--

LOCK TABLES `order_items` WRITE;
/*!40000 ALTER TABLE `order_items` DISABLE KEYS */;
INSERT INTO `order_items` VALUES (336,'2023-11-28 01:19:47.926277','2023-11-28 01:19:47.926277',1,109000.00,92,45,282,109000.00,'https://down-vn.img.susercontent.com/file/a0cbc115ddfbdb370c533d370192f527',NULL),(337,'2023-11-28 01:19:47.928279','2023-11-28 01:19:47.928279',1,119000.00,92,45,284,119000.00,'https://down-vn.img.susercontent.com/file/1ff34943b7bb34414882baaee37bd9b0',NULL),(338,'2023-11-28 01:19:47.930279','2023-11-28 01:19:47.930279',1,129000.00,92,45,291,129000.00,'https://down-vn.img.susercontent.com/file/f0d870c210592fe755c5f5571108ab97',NULL),(339,'2023-11-28 01:19:47.932278','2023-11-28 01:19:47.932278',1,119000.00,92,43,249,119000.00,'https://down-vn.img.susercontent.com/file/a0cbc115ddfbdb370c533d370192f527',NULL),(340,'2023-11-28 01:19:47.934279','2023-11-28 01:19:47.934279',1,129000.00,92,43,256,129000.00,'https://down-vn.img.susercontent.com/file/1ff34943b7bb34414882baaee37bd9b0',NULL),(341,'2023-11-28 12:36:31.791855','2023-11-28 12:36:31.791855',1,116000.00,93,35,157,116000.00,'https://down-vn.img.susercontent.com/file/1394e7bc1ae741e749cba39a37bf44bb',NULL),(342,'2023-11-28 12:36:31.793856','2023-11-28 12:36:31.793856',1,116000.00,93,35,152,116000.00,'https://down-vn.img.susercontent.com/file/fb12d5110d0ad6dd8d4e8e710231b3d5',NULL),(343,'2023-11-28 12:41:50.316311','2023-11-28 12:41:50.316311',1,116000.00,94,35,157,116000.00,'https://down-vn.img.susercontent.com/file/1394e7bc1ae741e749cba39a37bf44bb',NULL),(344,'2023-11-28 12:51:34.707600','2023-11-28 12:51:34.707600',1,129000.00,95,56,464,129000.00,'https://down-vn.img.susercontent.com/file/vn-11134207-7qukw-lfz47yizlw8a54',NULL),(345,'2023-11-28 12:51:34.709600','2023-11-28 12:51:34.709600',1,109000.00,95,56,461,109000.00,'https://down-vn.img.susercontent.com/file/d1bd25ed4a28d4dcd8bc06a127dd8fa6',NULL),(346,'2023-11-28 13:06:13.459009','2023-11-28 13:06:13.459009',1,116000.00,96,38,187,116000.00,'https://down-vn.img.susercontent.com/file/1394e7bc1ae741e749cba39a37bf44bb',NULL),(347,'2023-11-28 13:09:55.930818','2023-11-28 13:09:55.930818',1,126000.00,97,34,140,126000.00,'https://down-vn.img.susercontent.com/file/fb12d5110d0ad6dd8d4e8e710231b3d5',NULL),(348,'2023-11-28 13:18:32.229943','2023-11-28 13:18:32.229943',1,114000.00,98,34,148,114000.00,'https://down-vn.img.susercontent.com/file/1394e7bc1ae741e749cba39a37bf44bb',NULL),(349,'2023-11-28 13:26:43.778913','2023-11-28 13:26:43.778913',1,114000.00,99,34,141,114000.00,'https://down-vn.img.susercontent.com/file/fb12d5110d0ad6dd8d4e8e710231b3d5',NULL),(350,'2023-11-28 13:31:38.218249','2023-11-28 13:31:38.218249',1,126000.00,100,38,186,126000.00,'https://down-vn.img.susercontent.com/file/1394e7bc1ae741e749cba39a37bf44bb',NULL),(351,'2023-11-29 00:13:36.388480','2023-11-29 00:13:36.388480',3,348000.00,101,38,187,116000.00,'https://down-vn.img.susercontent.com/file/1394e7bc1ae741e749cba39a37bf44bb',NULL),(352,'2023-11-29 14:40:21.625425','2023-11-29 14:40:21.625425',3,342000.00,102,38,184,114000.00,'https://down-vn.img.susercontent.com/file/1394e7bc1ae741e749cba39a37bf44bb',NULL),(353,'2023-11-30 17:45:31.648094','2023-11-30 17:45:31.648094',1,119000.00,103,45,281,119000.00,'https://down-vn.img.susercontent.com/file/a0cbc115ddfbdb370c533d370192f527',NULL),(354,'2023-11-30 17:45:31.654154','2023-11-30 17:45:31.654154',1,129000.00,103,45,285,129000.00,'https://down-vn.img.susercontent.com/file/1ff34943b7bb34414882baaee37bd9b0',NULL),(355,'2023-11-30 17:45:31.656160','2023-11-30 17:45:31.656160',1,109000.00,103,45,292,109000.00,'https://down-vn.img.susercontent.com/file/f0d870c210592fe755c5f5571108ab97',NULL),(356,'2023-11-30 17:45:31.657156','2023-11-30 17:45:31.657156',2,258000.00,103,45,291,129000.00,'https://down-vn.img.susercontent.com/file/f0d870c210592fe755c5f5571108ab97',NULL),(357,'2023-11-30 17:58:24.681759','2023-11-30 17:58:24.681759',1,126000.00,104,33,135,126000.00,'https://down-vn.img.susercontent.com/file/1394e7bc1ae741e749cba39a37bf44bb',NULL),(358,'2023-12-02 22:36:24.435083','2023-12-02 22:36:24.435083',10,1140000.00,105,36,164,114000.00,'https://down-vn.img.susercontent.com/file/1394e7bc1ae741e749cba39a37bf44bb',NULL),(359,'2023-12-02 23:57:56.942469','2023-12-02 23:57:56.942469',1,119000.00,106,54,434,119000.00,'https://down-vn.img.susercontent.com/file/vn-11134207-7qukw-lfz47yizlw8a54',NULL),(360,'2023-12-03 01:55:40.432968','2023-12-03 01:55:40.432968',6,510000.00,107,111,1136,85000.00,'https://res.cloudinary.com/dkurral2z/image/upload/v1701537259/duck_shop/z7eqyzbx2lgvoqyl3aje.jpg',NULL),(361,'2023-12-03 10:37:11.689470','2023-12-03 10:37:11.689470',1,126000.00,108,34,145,126000.00,'https://down-vn.img.susercontent.com/file/1394e7bc1ae741e749cba39a37bf44bb',NULL),(362,'2023-12-03 10:37:11.696451','2023-12-03 10:37:11.696451',1,126000.00,108,34,140,126000.00,'https://down-vn.img.susercontent.com/file/fb12d5110d0ad6dd8d4e8e710231b3d5',NULL),(363,'2023-12-03 10:37:11.698453','2023-12-03 10:37:11.698453',1,114000.00,108,34,143,114000.00,'https://down-vn.img.susercontent.com/file/fb12d5110d0ad6dd8d4e8e710231b3d5',NULL),(364,'2023-12-03 10:51:52.789280','2023-12-03 10:51:52.789280',3,297000.00,109,115,1181,99000.00,'https://res.cloudinary.com/dkurral2z/image/upload/v1701539856/duck_shop/mtrffdii8nbgctuywu1k.jpg',NULL),(365,'2023-12-03 10:51:52.792258','2023-12-03 10:51:52.792258',3,267000.00,109,115,1179,89000.00,'https://res.cloudinary.com/dkurral2z/image/upload/v1701539858/duck_shop/duie5kezqwwv6oajwywn.jpg',NULL),(366,'2023-12-03 10:51:52.797259','2023-12-03 10:51:52.797259',1,129000.00,109,44,271,129000.00,'https://down-vn.img.susercontent.com/file/1ff34943b7bb34414882baaee37bd9b0',NULL),(367,'2023-12-05 23:54:51.419447','2023-12-05 23:54:51.419447',1,85000.00,110,111,1135,85000.00,'https://res.cloudinary.com/dkurral2z/image/upload/v1701537259/duck_shop/zra3flg3yido96cywgpu.jpg',NULL),(368,'2023-12-05 23:54:51.422451','2023-12-05 23:54:51.422451',1,109000.00,110,44,267,109000.00,'https://down-vn.img.susercontent.com/file/a0cbc115ddfbdb370c533d370192f527',NULL),(369,'2023-12-06 00:59:59.062567','2023-12-06 00:59:59.062567',1,126000.00,111,37,175,126000.00,'https://down-vn.img.susercontent.com/file/1394e7bc1ae741e749cba39a37bf44bb',NULL),(370,'2023-12-08 17:35:40.576805','2023-12-08 17:35:40.576805',1,129000.00,112,72,711,129000.00,'https://down-vn.img.susercontent.com/file/1b7f2c752957cd4aeabb9a4bbce4bc8f',NULL),(371,'2023-12-09 00:24:26.022682','2023-12-09 00:24:26.022682',1,85000.00,113,116,1184,85000.00,'https://res.cloudinary.com/dkurral2z/image/upload/v1702054097/duck_shop/zk6xikmwjx1uj29gcvwz.jpg',NULL),(372,'2023-12-09 00:24:26.038683','2023-12-09 00:24:26.038683',2,170000.00,113,116,1185,85000.00,'https://res.cloudinary.com/dkurral2z/image/upload/v1702054097/duck_shop/rjr8avjpctwx0vpuimic.jpg',NULL),(373,'2023-12-10 15:01:14.510683','2023-12-10 15:01:14.510683',1,85000.00,114,117,1195,85000.00,'https://res.cloudinary.com/dkurral2z/image/upload/v1702054097/duck_shop/rjr8avjpctwx0vpuimic.jpg',NULL),(374,'2023-12-10 16:29:27.781260','2023-12-10 16:29:27.781260',1,109000.00,115,48,332,109000.00,'https://down-vn.img.susercontent.com/file/1ff34943b7bb34414882baaee37bd9b0',NULL),(375,'2023-12-10 16:29:27.783251','2023-12-10 16:29:27.783251',1,129000.00,115,48,335,129000.00,'https://down-vn.img.susercontent.com/file/f0d870c210592fe755c5f5571108ab97',NULL),(376,'2023-12-10 16:29:27.790254','2023-12-10 16:29:27.790254',1,129000.00,115,61,536,129000.00,'https://down-vn.img.susercontent.com/file/1b7f2c752957cd4aeabb9a4bbce4bc8f',NULL),(377,'2023-12-16 15:16:50.200828','2023-12-16 15:16:50.200828',1,144000.00,116,118,1228,144000.00,'https://res.cloudinary.com/dkurral2z/image/upload/v1702713923/duck_shop/jq7m1jhnq7rah6dm8lco.jpg',NULL),(378,'2023-12-16 15:16:50.212863','2023-12-16 15:16:50.212863',1,135000.00,116,118,1206,135000.00,'https://res.cloudinary.com/dkurral2z/image/upload/v1702713924/duck_shop/t23nmaopnrqkxl4hp875.jpg',NULL),(379,'2023-12-16 15:16:50.217827','2023-12-16 15:16:50.217827',1,135000.00,116,118,1207,135000.00,'https://res.cloudinary.com/dkurral2z/image/upload/v1702713925/duck_shop/c2nmdsqglqdqnkyq1o1b.jpg',NULL),(380,'2023-12-17 15:24:43.756998','2023-12-17 15:24:43.756998',1,129000.00,117,61,540,129000.00,'https://down-vn.img.susercontent.com/file/4f6c63fc056e6153f396db0ddd161acc',NULL),(381,'2023-12-17 15:31:52.550800','2023-12-17 15:31:52.550800',1,135000.00,118,118,1205,135000.00,'https://res.cloudinary.com/dkurral2z/image/upload/v1702713924/duck_shop/w9qqwkgog4n4pugdgfss.jpg',NULL),(382,'2023-12-17 16:44:58.478521','2023-12-17 16:44:58.478521',1,129000.00,119,70,675,129000.00,'https://down-vn.img.susercontent.com/file/vn-11134207-7qukw-lg3vzc0v5mqy24',NULL),(383,'2023-12-26 21:01:54.152071','2023-12-26 21:01:54.152071',1,135000.00,120,118,1204,135000.00,'https://res.cloudinary.com/dkurral2z/image/upload/v1702713923/duck_shop/jq7m1jhnq7rah6dm8lco.jpg',NULL),(384,'2023-12-26 21:01:54.166074','2023-12-26 21:01:54.166074',1,144000.00,120,118,1229,144000.00,'https://res.cloudinary.com/dkurral2z/image/upload/v1702713924/duck_shop/w9qqwkgog4n4pugdgfss.jpg',NULL),(385,'2023-12-26 21:01:54.187074','2023-12-26 21:01:54.187074',2,238000.00,120,87,886,119000.00,'https://down-vn.img.susercontent.com/file/4cd4f822d02d3bd7f198d83ba78c1f07',NULL),(386,'2023-12-27 23:01:54.571284','2023-12-27 23:01:54.571284',1,119000.00,121,47,311,119000.00,'https://down-vn.img.susercontent.com/file/a0cbc115ddfbdb370c533d370192f527',NULL),(387,'2023-12-27 23:01:54.699279','2023-12-27 23:01:54.699279',1,339000.00,121,124,1271,339000.00,'https://res.cloudinary.com/dkurral2z/image/upload/v1703691793/duck_shop/f7d7ikfkizicju4zcgxp.webp',NULL),(388,'2023-12-27 23:01:54.716283','2023-12-27 23:01:54.716283',1,339000.00,121,125,1277,339000.00,'https://res.cloudinary.com/dkurral2z/image/upload/v1703691953/duck_shop/yfpf39cftrzuehq6rb3c.webp',NULL),(389,'2023-12-30 15:15:03.623101','2023-12-30 15:15:03.623101',2,258000.00,122,102,966,129000.00,'https://down-vn.img.susercontent.com/file/4cd4f822d02d3bd7f198d83ba78c1f07',NULL),(390,'2023-12-30 15:15:03.690112','2023-12-30 15:15:03.690112',1,119000.00,122,73,724,119000.00,'https://down-vn.img.susercontent.com/file/vn-11134207-7qukw-lg3vzc0v5mqy24',NULL),(391,'2024-04-23 02:18:51.550943','2024-04-23 02:18:51.550943',1,259000.00,123,123,1267,259000.00,'https://res.cloudinary.com/dkurral2z/image/upload/v1703690880/duck_shop/xbcnhlpg3lnriy4l4xfj.jpg',NULL),(392,'2024-04-23 02:18:51.556943','2024-04-23 02:18:51.556943',2,400000.00,123,122,1261,200000.00,'https://res.cloudinary.com/dkurral2z/image/upload/v1703690634/duck_shop/u1fywvfhvggkmdv4z1x6.jpg',NULL),(393,'2024-04-23 02:22:36.688954','2024-04-23 02:22:36.688954',1,259000.00,124,123,1267,259000.00,'https://res.cloudinary.com/dkurral2z/image/upload/v1703690880/duck_shop/xbcnhlpg3lnriy4l4xfj.jpg',NULL),(394,'2024-04-23 02:22:36.690955','2024-04-23 02:22:36.690955',2,400000.00,124,122,1261,200000.00,'https://res.cloudinary.com/dkurral2z/image/upload/v1703690634/duck_shop/u1fywvfhvggkmdv4z1x6.jpg',NULL),(395,'2024-04-23 02:26:26.548327','2024-04-23 02:26:26.548327',1,259000.00,125,123,1267,259000.00,'https://res.cloudinary.com/dkurral2z/image/upload/v1703690880/duck_shop/xbcnhlpg3lnriy4l4xfj.jpg',NULL),(396,'2024-04-23 02:26:26.551320','2024-04-23 02:26:26.551320',2,400000.00,125,122,1261,200000.00,'https://res.cloudinary.com/dkurral2z/image/upload/v1703690634/duck_shop/u1fywvfhvggkmdv4z1x6.jpg',NULL),(397,'2024-04-23 02:29:34.561835','2024-04-23 02:29:34.561835',1,259000.00,126,123,1267,259000.00,'https://res.cloudinary.com/dkurral2z/image/upload/v1703690880/duck_shop/xbcnhlpg3lnriy4l4xfj.jpg',NULL),(398,'2024-04-23 02:29:34.564830','2024-04-23 02:29:34.564830',2,400000.00,126,122,1261,200000.00,'https://res.cloudinary.com/dkurral2z/image/upload/v1703690634/duck_shop/u1fywvfhvggkmdv4z1x6.jpg',NULL),(399,'2024-04-23 02:30:19.600682','2024-04-23 02:30:19.600682',1,259000.00,127,123,1267,259000.00,'https://res.cloudinary.com/dkurral2z/image/upload/v1703690880/duck_shop/xbcnhlpg3lnriy4l4xfj.jpg',NULL),(400,'2024-04-23 02:30:19.604684','2024-04-23 02:30:19.604684',2,400000.00,127,122,1261,200000.00,'https://res.cloudinary.com/dkurral2z/image/upload/v1703690634/duck_shop/u1fywvfhvggkmdv4z1x6.jpg',NULL),(401,'2024-04-23 02:32:11.918392','2024-04-23 02:32:11.918392',1,259000.00,128,123,1267,259000.00,'https://res.cloudinary.com/dkurral2z/image/upload/v1703690880/duck_shop/xbcnhlpg3lnriy4l4xfj.jpg',NULL),(402,'2024-04-23 02:32:11.921390','2024-04-23 02:32:11.921390',2,400000.00,128,122,1261,200000.00,'https://res.cloudinary.com/dkurral2z/image/upload/v1703690634/duck_shop/u1fywvfhvggkmdv4z1x6.jpg',NULL),(403,'2024-04-23 02:36:22.127907','2024-04-23 02:36:22.127907',1,259000.00,129,123,1267,259000.00,'https://res.cloudinary.com/dkurral2z/image/upload/v1703690880/duck_shop/xbcnhlpg3lnriy4l4xfj.jpg',NULL),(404,'2024-04-23 02:36:22.130909','2024-04-23 02:36:22.130909',2,400000.00,129,122,1261,200000.00,'https://res.cloudinary.com/dkurral2z/image/upload/v1703690634/duck_shop/u1fywvfhvggkmdv4z1x6.jpg',NULL),(405,'2024-04-23 02:42:12.288488','2024-04-23 02:42:12.288488',1,228000.00,130,120,1254,228000.00,'https://res.cloudinary.com/dkurral2z/image/upload/v1703689909/duck_shop/n3giyeizcuvip2xh82mg.jpg',NULL),(406,'2024-04-23 12:52:18.812579','2024-04-23 12:52:18.812579',1,649000.00,131,92,909,649000.00,'https://down-vn.img.susercontent.com/file/ad670efe5c8606d1ff8c2c0936ba95de',NULL),(407,'2024-04-23 13:02:17.469530','2024-04-23 13:02:17.469530',1,649000.00,132,92,909,649000.00,'https://down-vn.img.susercontent.com/file/ad670efe5c8606d1ff8c2c0936ba95de',NULL),(408,'2024-04-23 13:09:52.659785','2024-04-23 13:09:52.659785',1,649000.00,133,92,909,649000.00,'https://down-vn.img.susercontent.com/file/ad670efe5c8606d1ff8c2c0936ba95de',NULL),(409,'2024-04-23 17:07:30.037227','2024-04-23 17:07:30.037227',1,649000.00,134,92,909,649000.00,'https://down-vn.img.susercontent.com/file/ad670efe5c8606d1ff8c2c0936ba95de',NULL),(410,'2024-04-23 17:19:48.922100','2024-04-23 17:19:48.922100',1,649000.00,135,95,921,649000.00,'https://down-vn.img.susercontent.com/file/ad670efe5c8606d1ff8c2c0936ba95de',NULL),(411,'2024-04-23 17:27:24.462520','2024-04-23 17:27:24.462520',1,119000.00,136,61,532,119000.00,'https://down-vn.img.susercontent.com/file/vn-11134207-7qukw-lg3vzc0v5mqy24',NULL),(412,'2024-04-23 17:31:15.121897','2024-04-23 17:31:15.121897',1,119000.00,137,61,532,119000.00,'https://down-vn.img.susercontent.com/file/vn-11134207-7qukw-lg3vzc0v5mqy24',NULL),(413,'2024-04-23 17:31:15.124899','2024-04-23 17:31:15.124899',1,116000.00,137,38,187,116000.00,'https://down-vn.img.susercontent.com/file/1394e7bc1ae741e749cba39a37bf44bb',NULL),(414,'2024-04-23 17:33:18.314851','2024-04-23 17:33:18.314851',1,129000.00,138,77,788,129000.00,'https://down-vn.img.susercontent.com/file/4cd4f822d02d3bd7f198d83ba78c1f07',NULL),(415,'2024-04-23 17:46:20.139403','2024-04-23 17:46:20.139403',1,119000.00,139,47,311,119000.00,'https://down-vn.img.susercontent.com/file/a0cbc115ddfbdb370c533d370192f527',NULL),(416,'2024-04-23 21:24:03.112662','2024-04-23 21:24:03.112662',1,144000.00,140,118,1217,144000.00,'https://res.cloudinary.com/dkurral2z/image/upload/v1702713924/duck_shop/w9qqwkgog4n4pugdgfss.jpg',NULL),(417,'2024-04-23 21:29:48.856935','2024-04-23 21:29:48.856935',1,79000.00,141,115,1177,79000.00,'https://res.cloudinary.com/dkurral2z/image/upload/v1701539856/duck_shop/wk6heomthaxd3a6j32dz.jpg',NULL),(418,'2024-04-23 22:16:20.903836','2024-04-23 22:16:20.903836',1,79000.00,142,115,1177,79000.00,'https://res.cloudinary.com/dkurral2z/image/upload/v1701539856/duck_shop/wk6heomthaxd3a6j32dz.jpg',NULL),(419,'2024-04-23 22:27:26.121679','2024-04-23 22:27:26.121679',1,109000.00,143,59,513,109000.00,'https://down-vn.img.susercontent.com/file/vn-11134207-7qukw-lfz47yizlw8a54',NULL),(420,'2024-04-24 16:56:36.845399','2024-04-24 16:56:36.845399',1,339000.00,144,127,1283,339000.00,'https://res.cloudinary.com/dkurral2z/image/upload/v1703692147/duck_shop/xtozg2orkt1uqbieojyo.webp',NULL),(421,'2024-04-25 13:28:52.162790','2024-04-25 13:28:52.162790',1,199000.00,145,119,1247,199000.00,'https://res.cloudinary.com/dkurral2z/image/upload/v1702806932/duck_shop/qadsyrwoej06emhud07s.jpg',NULL),(422,'2024-04-26 18:24:06.895077','2024-04-26 18:24:06.895077',1,144000.00,146,118,1227,144000.00,'https://res.cloudinary.com/dkurral2z/image/upload/v1702713925/duck_shop/c2nmdsqglqdqnkyq1o1b.jpg',NULL),(423,'2024-04-26 18:29:21.852100','2024-04-26 18:29:21.852100',1,144000.00,147,118,1224,144000.00,'https://res.cloudinary.com/dkurral2z/image/upload/v1702713923/duck_shop/jq7m1jhnq7rah6dm8lco.jpg',NULL),(424,'2024-04-26 18:50:45.253630','2024-04-26 18:50:45.253630',1,129000.00,148,44,271,129000.00,'https://down-vn.img.susercontent.com/file/1ff34943b7bb34414882baaee37bd9b0',NULL),(425,'2024-04-26 18:51:14.961792','2024-04-26 18:51:14.961792',1,129000.00,149,44,271,129000.00,'https://down-vn.img.susercontent.com/file/1ff34943b7bb34414882baaee37bd9b0',NULL),(426,'2024-05-03 10:48:58.043189','2024-05-03 10:48:58.043189',1,144000.00,150,118,1229,144000.00,'https://res.cloudinary.com/dkurral2z/image/upload/v1702713924/duck_shop/w9qqwkgog4n4pugdgfss.jpg',NULL),(427,'2024-05-03 15:40:07.992260','2024-05-03 15:40:07.992260',1,144000.00,151,118,1229,144000.00,'https://res.cloudinary.com/dkurral2z/image/upload/v1702713924/duck_shop/w9qqwkgog4n4pugdgfss.jpg',NULL),(428,'2024-05-03 15:40:08.000238','2024-05-03 15:40:08.000238',1,119000.00,151,66,626,119000.00,'https://down-vn.img.susercontent.com/file/ab8a8a378f139cb517951b385633d312',NULL),(429,'2024-05-09 21:44:04.752606','2024-05-09 21:44:04.752606',2,238000.00,152,75,770,119000.00,'https://down-vn.img.susercontent.com/file/ab8a8a378f139cb517951b385633d312',NULL),(430,'2024-05-09 21:44:04.764606','2024-05-09 21:44:04.764606',1,210000.00,152,122,1263,210000.00,'https://res.cloudinary.com/dkurral2z/image/upload/v1703690634/duck_shop/u1fywvfhvggkmdv4z1x6.jpg',NULL),(431,'2024-05-09 22:10:32.401391','2024-05-09 22:10:32.401391',2,238000.00,153,75,770,119000.00,'https://down-vn.img.susercontent.com/file/ab8a8a378f139cb517951b385633d312',NULL),(432,'2024-05-09 22:10:32.489396','2024-05-09 22:10:32.489396',1,210000.00,153,122,1263,210000.00,'https://res.cloudinary.com/dkurral2z/image/upload/v1703690634/duck_shop/u1fywvfhvggkmdv4z1x6.jpg',NULL),(433,'2024-05-09 22:22:52.278651','2024-05-09 22:22:52.278651',2,238000.00,154,75,770,119000.00,'https://down-vn.img.susercontent.com/file/ab8a8a378f139cb517951b385633d312',NULL),(434,'2024-05-09 22:22:52.282651','2024-05-09 22:22:52.282651',1,210000.00,154,122,1263,210000.00,'https://res.cloudinary.com/dkurral2z/image/upload/v1703690634/duck_shop/u1fywvfhvggkmdv4z1x6.jpg',NULL),(435,'2024-05-14 01:32:50.480077','2024-05-14 01:32:50.480077',2,238000.00,155,75,770,119000.00,'https://down-vn.img.susercontent.com/file/ab8a8a378f139cb517951b385633d312',NULL),(436,'2024-05-14 01:32:50.493063','2024-05-14 01:32:50.493063',1,210000.00,155,122,1263,210000.00,'https://res.cloudinary.com/dkurral2z/image/upload/v1703690634/duck_shop/u1fywvfhvggkmdv4z1x6.jpg',NULL),(437,'2024-05-14 01:36:55.616391','2024-05-14 01:36:55.616391',2,238000.00,156,75,770,119000.00,'https://down-vn.img.susercontent.com/file/ab8a8a378f139cb517951b385633d312',NULL),(438,'2024-05-14 01:36:55.619390','2024-05-14 01:36:55.619390',1,210000.00,156,122,1263,210000.00,'https://res.cloudinary.com/dkurral2z/image/upload/v1703690634/duck_shop/u1fywvfhvggkmdv4z1x6.jpg',NULL),(439,'2024-05-14 01:49:32.112655','2024-05-14 01:49:32.112655',2,238000.00,157,62,562,119000.00,'https://down-vn.img.susercontent.com/file/ab8a8a378f139cb517951b385633d312',NULL),(440,'2024-05-14 01:49:32.120650','2024-05-14 01:49:32.120650',1,210000.00,157,122,1263,210000.00,'https://res.cloudinary.com/dkurral2z/image/upload/v1703690634/duck_shop/u1fywvfhvggkmdv4z1x6.jpg',NULL),(441,'2024-05-14 16:52:14.753313','2024-05-14 16:52:14.753313',2,238000.00,158,75,770,119000.00,'https://down-vn.img.susercontent.com/file/ab8a8a378f139cb517951b385633d312',NULL),(442,'2024-05-14 16:52:14.769328','2024-05-14 16:52:14.769328',1,210000.00,158,122,1263,210000.00,'https://res.cloudinary.com/dkurral2z/image/upload/v1703690634/duck_shop/u1fywvfhvggkmdv4z1x6.jpg',NULL),(443,'2024-05-14 17:19:45.866702','2024-05-14 17:19:45.866702',2,238000.00,159,75,770,119000.00,'https://down-vn.img.susercontent.com/file/ab8a8a378f139cb517951b385633d312',NULL),(444,'2024-05-14 17:19:45.896386','2024-05-14 17:19:45.896386',1,210000.00,159,122,1263,210000.00,'https://res.cloudinary.com/dkurral2z/image/upload/v1703690634/duck_shop/u1fywvfhvggkmdv4z1x6.jpg',NULL),(445,'2024-05-14 17:27:15.601053','2024-05-14 17:27:15.601053',2,238000.00,160,75,770,119000.00,'https://down-vn.img.susercontent.com/file/ab8a8a378f139cb517951b385633d312',NULL),(446,'2024-05-14 17:27:15.635053','2024-05-14 17:27:15.635053',1,210000.00,160,122,1263,210000.00,'https://res.cloudinary.com/dkurral2z/image/upload/v1703690634/duck_shop/u1fywvfhvggkmdv4z1x6.jpg',NULL),(447,'2024-05-14 17:31:57.140991','2024-05-14 17:31:57.140991',2,238000.00,161,75,770,119000.00,'https://down-vn.img.susercontent.com/file/ab8a8a378f139cb517951b385633d312',NULL),(448,'2024-05-14 17:31:57.146011','2024-05-14 17:31:57.146011',1,210000.00,161,122,1263,210000.00,'https://res.cloudinary.com/dkurral2z/image/upload/v1703690634/duck_shop/u1fywvfhvggkmdv4z1x6.jpg',NULL),(449,'2024-05-14 22:39:16.223908','2024-05-14 22:39:16.223908',2,238000.00,162,75,770,119000.00,'https://down-vn.img.susercontent.com/file/ab8a8a378f139cb517951b385633d312',NULL),(450,'2024-05-14 22:39:16.225907','2024-05-14 22:39:16.225907',1,210000.00,162,122,1263,210000.00,'https://res.cloudinary.com/dkurral2z/image/upload/v1703690634/duck_shop/u1fywvfhvggkmdv4z1x6.jpg',NULL),(451,'2024-05-14 22:48:18.499324','2024-05-14 22:48:18.499324',2,238000.00,163,75,770,119000.00,'https://down-vn.img.susercontent.com/file/ab8a8a378f139cb517951b385633d312',NULL),(452,'2024-05-14 22:48:18.500327','2024-05-14 22:48:18.500327',1,210000.00,163,122,1263,210000.00,'https://res.cloudinary.com/dkurral2z/image/upload/v1703690634/duck_shop/u1fywvfhvggkmdv4z1x6.jpg',NULL),(453,'2024-05-15 00:53:34.945158','2024-05-15 00:53:34.945158',2,238000.00,164,75,770,119000.00,'https://down-vn.img.susercontent.com/file/ab8a8a378f139cb517951b385633d312',NULL),(454,'2024-05-15 00:53:34.949157','2024-05-15 00:53:34.949157',1,210000.00,164,122,1263,210000.00,'https://res.cloudinary.com/dkurral2z/image/upload/v1703690634/duck_shop/u1fywvfhvggkmdv4z1x6.jpg',NULL),(455,'2024-05-15 00:59:27.427918','2024-05-15 00:59:27.427918',2,238000.00,165,75,770,119000.00,'https://down-vn.img.susercontent.com/file/ab8a8a378f139cb517951b385633d312',NULL),(456,'2024-05-15 00:59:27.429919','2024-05-15 00:59:27.429919',1,210000.00,165,122,1263,210000.00,'https://res.cloudinary.com/dkurral2z/image/upload/v1703690634/duck_shop/u1fywvfhvggkmdv4z1x6.jpg',NULL),(457,'2024-05-15 02:07:58.800300','2024-05-15 02:07:58.800300',1,109000.00,166,47,317,109000.00,'https://down-vn.img.susercontent.com/file/1ff34943b7bb34414882baaee37bd9b0',NULL),(458,'2024-05-15 02:07:58.802302','2024-05-15 02:07:58.802302',1,129000.00,166,47,321,129000.00,'https://down-vn.img.susercontent.com/file/f0d870c210592fe755c5f5571108ab97',NULL),(459,'2024-05-15 02:10:19.498717','2024-05-15 02:10:19.498717',1,109000.00,167,47,317,109000.00,'https://down-vn.img.susercontent.com/file/1ff34943b7bb34414882baaee37bd9b0',NULL),(460,'2024-05-15 02:10:19.512721','2024-05-15 02:10:19.512721',1,129000.00,167,47,321,129000.00,'https://down-vn.img.susercontent.com/file/f0d870c210592fe755c5f5571108ab97',NULL),(461,'2024-05-15 02:14:10.545805','2024-05-15 02:14:10.545805',1,109000.00,168,47,317,109000.00,'https://down-vn.img.susercontent.com/file/1ff34943b7bb34414882baaee37bd9b0',NULL),(462,'2024-05-15 02:14:10.548804','2024-05-15 02:14:10.548804',1,129000.00,168,47,321,129000.00,'https://down-vn.img.susercontent.com/file/f0d870c210592fe755c5f5571108ab97',NULL),(463,'2024-05-15 02:15:57.710119','2024-05-15 02:15:57.710119',1,109000.00,169,47,317,109000.00,'https://down-vn.img.susercontent.com/file/1ff34943b7bb34414882baaee37bd9b0',NULL),(464,'2024-05-15 02:15:57.713119','2024-05-15 02:15:57.713119',1,129000.00,169,47,321,129000.00,'https://down-vn.img.susercontent.com/file/f0d870c210592fe755c5f5571108ab97',NULL),(469,'2024-05-15 13:31:04.027227','2024-05-15 13:31:04.027227',1,109000.00,172,47,317,109000.00,'https://down-vn.img.susercontent.com/file/1ff34943b7bb34414882baaee37bd9b0',NULL),(470,'2024-05-15 13:31:04.032228','2024-05-15 13:31:04.032228',1,129000.00,172,47,321,129000.00,'https://down-vn.img.susercontent.com/file/f0d870c210592fe755c5f5571108ab97',NULL),(471,'2024-05-15 13:34:27.947066','2024-05-15 13:34:27.947066',1,109000.00,173,47,317,109000.00,'https://down-vn.img.susercontent.com/file/1ff34943b7bb34414882baaee37bd9b0',NULL),(472,'2024-05-15 13:34:27.950064','2024-05-15 13:34:27.950064',1,129000.00,173,47,321,129000.00,'https://down-vn.img.susercontent.com/file/f0d870c210592fe755c5f5571108ab97',NULL),(473,'2024-05-15 13:41:46.181406','2024-05-15 13:41:46.181406',1,109000.00,174,47,317,109000.00,'https://down-vn.img.susercontent.com/file/1ff34943b7bb34414882baaee37bd9b0',NULL),(474,'2024-05-15 13:41:46.184407','2024-05-15 13:41:46.184407',1,129000.00,174,47,321,129000.00,'https://down-vn.img.susercontent.com/file/f0d870c210592fe755c5f5571108ab97',NULL),(491,'2024-05-15 14:50:21.650505','2024-05-15 14:50:21.650505',1,109000.00,183,47,317,109000.00,'https://down-vn.img.susercontent.com/file/1ff34943b7bb34414882baaee37bd9b0',NULL),(492,'2024-05-15 14:50:21.652505','2024-05-15 14:50:21.652505',1,129000.00,183,47,321,129000.00,'https://down-vn.img.susercontent.com/file/f0d870c210592fe755c5f5571108ab97',NULL),(493,'2024-05-15 21:22:32.356915','2024-05-15 21:22:32.356915',1,109000.00,184,83,849,109000.00,'https://down-vn.img.susercontent.com/file/4cd4f822d02d3bd7f198d83ba78c1f07',NULL),(494,'2024-05-19 00:54:27.736505','2024-05-19 00:54:27.736505',1,119000.00,185,74,754,119000.00,'https://down-vn.img.susercontent.com/file/ab8a8a378f139cb517951b385633d312',NULL),(495,'2024-05-27 17:43:46.455715','2024-05-27 17:43:46.455715',1,129000.00,186,54,431,129000.00,'https://down-vn.img.susercontent.com/file/vn-11134207-7qukw-lfz47yizlw8a54',NULL),(496,'2024-05-27 17:43:46.474725','2024-05-27 17:43:46.474725',1,129000.00,186,54,432,129000.00,'https://down-vn.img.susercontent.com/file/vn-11134207-7qukw-lfz47yizlw8a54',NULL),(497,'2024-05-27 17:43:46.477714','2024-05-27 17:43:46.477714',1,119000.00,186,54,420,119000.00,'https://down-vn.img.susercontent.com/file/954e3e79744246d9537345d6561349c8',NULL),(498,'2024-05-27 18:39:10.191463','2024-05-27 18:39:10.191463',1,129000.00,187,59,512,129000.00,'https://down-vn.img.susercontent.com/file/vn-11134207-7qukw-lfz47yizlw8a54',NULL),(499,'2024-05-28 15:40:39.730939','2024-05-28 15:40:39.730939',3,387000.00,188,78,792,129000.00,'https://down-vn.img.susercontent.com/file/4cd4f822d02d3bd7f198d83ba78c1f07',NULL),(501,'2024-06-01 18:55:17.156954','2024-06-01 18:55:17.156954',1,129000.00,190,78,792,129000.00,'https://down-vn.img.susercontent.com/file/4cd4f822d02d3bd7f198d83ba78c1f07',NULL),(502,'2024-06-01 18:55:17.160960','2024-06-01 18:55:17.160960',1,259000.00,190,123,1268,259000.00,'https://res.cloudinary.com/dkurral2z/image/upload/v1703690880/duck_shop/xbcnhlpg3lnriy4l4xfj.jpg',NULL),(503,'2024-06-01 18:55:17.162964','2024-06-01 18:55:17.162964',1,109000.00,190,71,701,109000.00,'https://down-vn.img.susercontent.com/file/4f6c63fc056e6153f396db0ddd161acc',NULL);
/*!40000 ALTER TABLE `order_items` ENABLE KEYS */;
UNLOCK TABLES;

--
-- Table structure for table `orders`
--

DROP TABLE IF EXISTS `orders`;
/*!40101 SET @saved_cs_client     = @@character_set_client */;
/*!50503 SET character_set_client = utf8mb4 */;
CREATE TABLE `orders` (
  `id` bigint NOT NULL AUTO_INCREMENT,
  `created_date` datetime(6) DEFAULT NULL,
  `last_modified_date` datetime(6) DEFAULT NULL,
  `created_by` varchar(255) DEFAULT NULL,
  `is_paid_before` bit(1) DEFAULT NULL,
  `last_modified_by` varchar(255) DEFAULT NULL,
  `note` varchar(255) DEFAULT NULL,
  `payment_type` varchar(255) DEFAULT NULL,
  `status` varchar(255) NOT NULL,
  `total` decimal(38,2) DEFAULT NULL,
  `address_id` bigint DEFAULT NULL,
  `user_id` bigint DEFAULT NULL,
  `total_items` int DEFAULT NULL,
  `vnp_txn_ref` varchar(255) DEFAULT NULL,
  `is_deleted` bit(1) DEFAULT NULL,
  `order_code` varchar(255) DEFAULT NULL,
  `shipping_fee` decimal(38,2) DEFAULT NULL,
  `sub_total` decimal(38,2) DEFAULT NULL,
  PRIMARY KEY (`id`),
  KEY `FKf5464gxwc32ongdvka2rtvw96` (`address_id`),
  KEY `FK32ql8ubntj5uh44ph9659tiih` (`user_id`),
  CONSTRAINT `FK32ql8ubntj5uh44ph9659tiih` FOREIGN KEY (`user_id`) REFERENCES `users` (`id`),
  CONSTRAINT `FKf5464gxwc32ongdvka2rtvw96` FOREIGN KEY (`address_id`) REFERENCES `address` (`id`)
) ENGINE=InnoDB AUTO_INCREMENT=191 DEFAULT CHARSET=utf8mb4 COLLATE=utf8mb4_0900_ai_ci;
/*!40101 SET character_set_client = @saved_cs_client */;

--
-- Dumping data for table `orders`
--

LOCK TABLES `orders` WRITE;
/*!40000 ALTER TABLE `orders` DISABLE KEYS */;
INSERT INTO `orders` VALUES (92,'2023-11-28 01:19:47.916281','2023-12-03 00:02:00.818743','system',_binary '','admin','','VN_PAY','DELIVERED',605000.00,27,37,5,'26106139',_binary '\0',NULL,NULL,605000.00),(93,'2023-11-28 12:36:31.782853','2023-12-03 00:01:35.886120','system',_binary '','admin','Gói hàng cận thận ','VN_PAY','CANCELED',232000.00,29,37,2,'21839693',_binary '\0',NULL,NULL,232000.00),(94,'2023-11-28 12:41:50.314311','2023-12-03 00:01:42.210243','system',_binary '','admin','','VN_PAY','DELIVERED',116000.00,27,37,1,'51968048',_binary '\0',NULL,NULL,116000.00),(95,'2023-11-28 12:51:34.700601','2023-12-03 00:01:43.674412','system',_binary '','admin','','VN_PAY','DELIVERED',238000.00,27,37,2,'50531750',_binary '\0',NULL,NULL,238000.00),(96,'2023-11-28 13:06:13.454009','2023-11-29 14:06:16.657697','system',_binary '\0','user','','VN_PAY','CANCELED',116000.00,29,37,1,'07052591',_binary '\0',NULL,NULL,116000.00),(97,'2024-05-28 15:39:41.066378','2024-05-28 15:39:42.309777','system',_binary '\0','user','test after make payment','COD','ORDERED',126000.00,37,37,1,'93060470',_binary '\0','LGHKKP',0.00,126000.00),(98,'2023-11-28 13:18:32.215975','2023-12-03 00:01:44.962809','system',_binary '','admin','','VN_PAY','DELIVERED',114000.00,27,37,1,'49829671',_binary '\0',NULL,NULL,114000.00),(99,'2023-11-28 13:26:43.763887','2023-12-03 00:01:46.898105','system',_binary '','admin','','VN_PAY','DELIVERED',114000.00,27,37,1,'43107438',_binary '\0',NULL,NULL,114000.00),(100,'2023-11-28 13:31:38.202248','2023-12-03 00:01:51.422351','system',_binary '','admin','','VN_PAY','DELIVERED',126000.00,27,37,1,'06608700',_binary '\0',NULL,NULL,126000.00),(101,'2023-11-29 00:13:36.381479','2023-11-30 17:58:48.607419','system',_binary '','user','','VN_PAY','CANCELED',348000.00,27,37,1,'02962201',_binary '\0',NULL,NULL,348000.00),(102,'2023-11-29 14:40:21.614424','2023-11-30 17:58:34.482521','user',_binary '\0','user','','COD','CANCELED',342000.00,27,37,1,NULL,_binary '\0',NULL,NULL,342000.00),(103,'2023-11-30 17:45:31.638094','2023-11-30 17:53:11.840715','user',_binary '\0','admin','','COD','DELIVERED',615000.00,27,37,4,NULL,_binary '\0',NULL,NULL,615000.00),(104,'2023-11-30 17:58:24.679727','2023-12-30 15:28:36.929880','user',_binary '\0','admin','','COD','SHIPPING',126000.00,32,37,1,NULL,_binary '\0',NULL,NULL,126000.00),(105,'2023-12-02 22:36:24.430073','2023-12-03 00:01:03.464294','user',_binary '\0','admin','','COD','PROCESSING',1140000.00,27,37,1,NULL,_binary '\0',NULL,NULL,1140000.00),(106,'2023-12-02 23:57:56.919459','2023-12-02 23:58:20.613702','user',_binary '\0','admin','','COD','DELIVERED',119000.00,27,37,1,NULL,_binary '\0',NULL,NULL,119000.00),(107,'2023-12-03 01:55:40.412981','2023-12-03 01:58:05.743311','user',_binary '\0','admin','','COD','DELIVERED',510000.00,32,37,1,NULL,_binary '\0',NULL,NULL,510000.00),(108,'2023-12-03 10:37:11.673450','2024-05-03 11:31:25.591667','system',_binary '','admin','Make payment with vnpay','VN_PAY','DELIVERED',366000.00,27,37,3,'88478996',_binary '\0',NULL,NULL,366000.00),(109,'2023-12-03 10:51:52.785258','2023-12-03 10:54:19.083992','user',_binary '\0','admin','','COD','DELIVERED',693000.00,27,37,3,NULL,_binary '\0',NULL,NULL,693000.00),(110,'2023-12-05 23:54:51.406449','2024-04-24 16:07:03.958468','system',_binary '','admin','','VN_PAY','DELIVERED',194000.00,27,37,2,'05341512',_binary '\0',NULL,NULL,194000.00),(111,'2023-12-06 00:59:59.055529','2024-05-03 11:31:22.933916','system',_binary '\0','admin','Hàng dễ vở, gói kỹ nha shop','COD','DELIVERED',126000.00,27,37,1,'18603312',_binary '\0',NULL,NULL,126000.00),(112,'2023-12-08 17:35:40.557795','2024-05-03 11:31:19.599691','user',_binary '\0','admin','không nhận hàng được không ?','COD','DELIVERED',129000.00,32,37,1,NULL,_binary '\0',NULL,NULL,129000.00),(113,'2023-12-09 00:24:25.987685','2023-12-16 18:10:25.553694','system',_binary '','admin','','VN_PAY','PROCESSING',255000.00,27,37,2,'20870438',_binary '\0',NULL,NULL,255000.00),(114,'2023-12-10 15:01:14.491697','2024-04-24 16:21:14.386779','system',_binary '','system','','VN_PAY','ORDERED',85000.00,27,37,1,'61357368',_binary '\0',NULL,NULL,85000.00),(115,'2023-12-10 16:29:27.774727','2023-12-17 16:58:27.690090','system',_binary '','admin','no note','VN_PAY','PROCESSING',367000.00,32,37,3,'08734707',_binary '\0',NULL,NULL,367000.00),(116,'2023-12-16 15:16:50.186826','2023-12-16 15:28:53.771178','system',_binary '','admin','','VN_PAY','DELIVERED',414000.00,27,37,3,'66713694',_binary '\0',NULL,NULL,414000.00),(117,'2023-12-17 15:24:43.744995','2023-12-30 15:28:15.116202','user',_binary '\0','admin','','COD','PROCESSING',129000.00,32,37,1,NULL,_binary '\0',NULL,NULL,129000.00),(118,'2023-12-17 15:31:52.547802','2023-12-17 15:33:40.800243','system',_binary '','system','Gói hàng cận thận nha shop','VN_PAY','ORDERED',135000.00,27,37,1,'98593678',_binary '\0',NULL,NULL,135000.00),(119,'2023-12-17 16:44:58.466518','2023-12-17 16:45:32.131591','system',_binary '','system','Giao hàng kỹ','VN_PAY','ORDERED',129000.00,33,46,1,'62299246',_binary '\0',NULL,NULL,129000.00),(120,'2023-12-26 21:01:54.133075','2023-12-26 21:02:49.298871','system',_binary '','system','','VN_PAY','ORDERED',517000.00,32,37,3,'76411703',_binary '\0',NULL,NULL,517000.00),(121,'2023-12-27 23:01:54.541282','2023-12-27 23:04:04.199096','system',_binary '','admin','','VN_PAY','DELIVERED',797000.00,30,42,3,'30732700',_binary '\0',NULL,NULL,797000.00),(122,'2023-12-30 15:15:03.596089','2023-12-30 15:15:58.424260','system',_binary '','system','Giao hàng cận thận','VN_PAY','ORDERED',377000.00,35,47,2,'63814607',_binary '\0',NULL,NULL,377000.00),(123,'2024-04-23 02:18:51.533944','2024-04-23 02:18:51.533944','user',_binary '\0','user','Hi vọng hàng đẹp như trong hình','COD','ORDERED',659000.00,27,37,2,NULL,_binary '\0',NULL,NULL,659000.00),(124,'2024-04-23 02:22:36.682995','2024-04-23 02:22:36.682995','user',_binary '\0','user','','COD','ORDERED',0.00,27,37,2,NULL,_binary '\0',NULL,NULL,0.00),(125,'2024-04-23 02:26:26.518327','2024-04-23 02:26:26.518327','user',_binary '\0','user','','COD','ORDERED',0.00,27,37,2,NULL,_binary '\0',NULL,NULL,0.00),(126,'2024-04-23 02:29:34.530830','2024-04-23 02:29:34.530830','user',_binary '\0','user','','COD','ORDERED',0.00,27,37,2,NULL,_binary '\0',NULL,NULL,0.00),(127,'2024-04-23 02:30:19.576682','2024-04-23 02:30:19.576682','user',_binary '\0','user','','COD','ORDERED',0.00,27,37,2,NULL,_binary '\0',NULL,NULL,0.00),(128,'2024-04-23 02:32:11.899391','2024-04-23 02:32:11.899391','user',_binary '\0','user','','COD','ORDERED',0.00,27,37,2,NULL,_binary '\0',NULL,NULL,0.00),(129,'2024-04-23 02:36:22.110907','2024-04-23 02:36:22.110907','user',_binary '\0','user','','COD','ORDERED',0.00,27,37,2,NULL,_binary '\0',NULL,NULL,0.00),(130,'2024-04-23 02:42:12.286494','2024-04-23 02:43:11.142946','system',_binary '','system','okela','VN_PAY','ORDERED',228000.00,27,37,1,'05516219',_binary '\0',NULL,NULL,228000.00),(131,'2024-04-23 12:52:18.805574','2024-04-23 12:52:18.805574','user',_binary '\0','user','Ghi chú','COD','ORDERED',649000.00,27,37,1,NULL,_binary '\0',NULL,NULL,649000.00),(132,'2024-04-23 13:02:17.435529','2024-04-23 13:02:17.435529','user',_binary '\0','user','Ghi chú','COD','ORDERED',649000.00,27,37,1,NULL,_binary '\0',NULL,NULL,649000.00),(133,'2024-04-23 13:09:52.642783','2024-04-23 13:09:52.642783','user',_binary '\0','user','Ghi chú','COD','ORDERED',649000.00,27,37,1,NULL,_binary '\0',NULL,NULL,649000.00),(134,'2024-04-23 17:07:30.001228','2024-04-23 17:24:17.385092','system',_binary '\0','user','Note','VN_PAY','CANCELED',0.00,27,37,1,'25723889',_binary '\0',NULL,NULL,0.00),(135,'2024-04-23 17:19:48.915110','2024-04-23 17:20:34.229572','system',_binary '','system','note','VN_PAY','ORDERED',649000.00,27,37,1,'57697521',_binary '\0',NULL,NULL,649000.00),(136,'2024-04-23 17:27:24.454527','2024-04-23 17:27:24.454527','user',_binary '\0','user','','COD','ORDERED',119000.00,27,37,1,NULL,_binary '\0',NULL,NULL,119000.00),(137,'2024-04-23 17:31:15.110895','2024-04-23 17:31:15.110895','user',_binary '\0','user','','COD','ORDERED',235000.00,27,37,2,NULL,_binary '\0',NULL,NULL,235000.00),(138,'2024-04-23 17:33:18.306890','2024-04-23 17:33:18.306890','user',_binary '\0','user','','COD','ORDERED',129000.00,27,37,1,NULL,_binary '\0',NULL,NULL,129000.00),(139,'2024-04-23 17:46:20.135403','2024-04-23 17:46:20.135403','user',_binary '\0','user','','COD','ORDERED',119000.00,27,37,1,NULL,_binary '\0',NULL,NULL,119000.00),(140,'2024-04-23 21:24:03.104661','2024-04-23 21:24:03.104661','user',_binary '\0','user','','COD','ORDERED',144000.00,27,37,1,NULL,_binary '\0',NULL,NULL,144000.00),(141,'2024-04-23 21:29:48.849937','2024-04-23 21:29:48.849937','user',_binary '\0','user','','COD','ORDERED',79000.00,27,37,1,NULL,_binary '\0',NULL,NULL,79000.00),(142,'2024-04-23 22:16:20.879832','2024-04-23 22:16:20.879832','user',_binary '\0','user','','COD','ORDERED',79000.00,27,37,1,NULL,_binary '\0',NULL,NULL,79000.00),(143,'2024-04-23 22:27:26.107689','2024-04-23 22:28:08.293370','system',_binary '','system','note demo','VN_PAY','ORDERED',109000.00,27,37,1,'79298647',_binary '\0',NULL,NULL,109000.00),(144,'2024-04-24 16:56:36.839371','2024-04-26 18:21:46.246896','user',_binary '\0','user','ghi chú','COD','CANCELED',339000.00,27,37,1,NULL,_binary '\0',NULL,NULL,339000.00),(145,'2024-04-25 13:28:52.156782','2024-04-26 18:03:34.584867','user',_binary '\0','user','Test cập nhật order_code','COD','CANCELED',199000.00,27,37,1,NULL,_binary '\0','LF9HYP',NULL,199000.00),(146,'2024-04-26 18:24:06.887075','2024-04-26 18:27:28.219632','user',_binary '\0','user','test dat hang','COD','CANCELED',144000.00,27,37,1,NULL,_binary '\0','LFDY86',NULL,144000.00),(147,'2024-04-26 18:29:21.845104','2024-04-26 18:39:07.102838','user',_binary '\0','user','test create order and cancel order','COD','CANCELED',144000.00,27,37,1,NULL,_binary '\0','LFDY8P',NULL,144000.00),(148,'2024-04-26 18:50:45.247643','2024-04-26 18:50:45.247643','user',_binary '\0','user','','COD','ORDERED',129000.00,27,37,1,NULL,_binary '\0',NULL,NULL,129000.00),(149,'2024-04-26 18:51:14.957790','2024-04-26 18:51:44.343264','user',_binary '\0','user','','COD','CANCELED',129000.00,27,37,1,NULL,_binary '\0','LFDY8M',NULL,129000.00),(150,'2024-05-03 10:48:58.037151','2024-05-03 10:49:00.198047','user',_binary '\0','user','','COD','ORDERED',144000.00,27,37,1,NULL,_binary '\0','LFPTT3',NULL,144000.00),(151,'2024-05-03 15:40:07.985234','2024-05-03 15:40:09.228777','user',_binary '\0','user','hehe','COD','ORDERED',263000.00,27,37,2,NULL,_binary '\0','LFPE8E',NULL,263000.00),(152,'2024-05-09 21:44:04.493608','2024-05-09 21:44:04.493608','user',_binary '\0','user','Hàng dễ vở, gói kỹ nha shop','COD','ORDERED',471000.00,27,37,2,NULL,_binary '\0',NULL,23000.00,448000.00),(153,'2024-05-09 22:10:31.948391','2024-05-09 22:10:31.948391','user',_binary '\0','user','Hàng dễ vở, gói kỹ nha shop','COD','ORDERED',471000.00,27,37,2,NULL,_binary '\0',NULL,23000.00,448000.00),(154,'2024-05-09 22:22:52.240648','2024-05-09 22:22:54.012633','user',_binary '\0','user','Hàng dễ vở, gói kỹ nha shop','COD','ORDERED',471000.00,27,37,2,NULL,_binary '\0','LF3FRG',23000.00,448000.00),(155,'2024-05-14 01:32:50.426073','2024-05-14 01:32:50.426073','user',_binary '\0','user','Hàng dễ vở, gói kỹ nha shop','COD','ORDERED',471000.00,27,37,2,NULL,_binary '\0',NULL,23000.00,448000.00),(156,'2024-05-14 01:36:55.613395','2024-05-14 01:36:58.400048','user',_binary '\0','user','Hàng dễ vở, gói kỹ nha shop','COD','ORDERED',471000.00,27,37,2,NULL,_binary '\0','LF3NGR',23000.00,448000.00),(157,'2024-05-14 01:49:32.061655','2024-05-14 01:50:24.049217','system',_binary '','system','','VN_PAY','ORDERED',448000.00,32,37,2,'53994095',_binary '\0',NULL,NULL,448000.00),(158,'2024-05-14 16:52:14.466314','2024-05-27 18:21:29.597283','user',_binary '\0','user','Hàng dễ vở, gói kỹ nha shop','COD','ORDERED',471000.00,37,37,2,NULL,_binary '\0','LGT4K7',23000.00,448000.00),(159,'2024-05-14 17:19:45.111031','2024-05-19 01:20:53.657647','user',_binary '','system','test thanh toán lại với vnpay','VN_PAY','ORDERED',471000.00,37,37,2,'159',_binary '\0','LF3WK8',23000.00,448000.00),(160,'2024-05-14 17:27:14.650060','2024-05-14 17:30:58.523760','user',_binary '','system','Hàng dễ vở, gói kỹ nha shop','VN_PAY','ORDERED',471000.00,27,37,2,'46818576',_binary '\0','LF3DQK',23000.00,448000.00),(161,'2024-05-14 17:31:57.071991','2024-05-14 17:32:55.243725','user',_binary '','system','Hàng dễ vở, gói kỹ nha shop','VN_PAY','ORDERED',471000.00,27,37,2,'51406227',_binary '\0','LF3DQX',23000.00,448000.00),(162,'2024-05-14 22:39:16.176108','2024-05-14 22:43:15.579257','user',_binary '','system','Hàng dễ vở, gói kỹ nha shop','VN_PAY','ORDERED',471000.00,27,37,2,'162',_binary '\0','LF3D7G',23000.00,448000.00),(163,'2024-05-14 22:48:18.494323','2024-05-14 22:50:53.328493','user',_binary '','system','Hàng dễ vở, gói kỹ nha shop','VN_PAY','ORDERED',471000.00,27,37,2,'163',_binary '\0','LF3D7U',23000.00,448000.00),(164,'2024-05-15 00:53:34.874155','2024-05-15 00:58:12.837960','user',_binary '\0','user','Hàng dễ vở, gói kỹ nha shop','COD','ORDERED',471000.00,27,37,2,NULL,_binary '\0','LF3DCG',23000.00,448000.00),(165,'2024-05-15 00:59:27.420918','2024-05-15 01:02:34.672570','user',_binary '','system','test thanh toán lại đơn hàng bằng vnpay và tạo đơn hàng cho GHN','VN_PAY','ORDERED',471000.00,27,37,2,'165',_binary '\0','LF3DCA',23000.00,448000.00),(166,'2024-05-15 02:07:58.786303','2024-05-15 02:08:00.831092','user',_binary '\0','user','tetst xóa cart items','COD','ORDERED',260000.00,27,37,2,NULL,_binary '\0','LF3DC8',22000.00,238000.00),(167,'2024-05-15 02:10:19.191721','2024-05-15 02:10:29.474958','user',_binary '\0','user','tetst xóa cart items','COD','ORDERED',260000.00,27,37,2,NULL,_binary '\0','LF3DCY',22000.00,238000.00),(168,'2024-05-15 02:14:10.442804','2024-05-15 02:14:13.280156','user',_binary '\0','user','tetst xóa cart items','COD','ORDERED',260000.00,27,37,2,NULL,_binary '\0','LF3DCR',22000.00,238000.00),(169,'2024-05-15 02:15:57.652121','2024-05-15 02:16:00.000127','user',_binary '\0','user','tetst xóa cart items','COD','ORDERED',260000.00,27,37,2,NULL,_binary '\0','LF3DCM',22000.00,238000.00),(172,'2024-05-15 13:31:03.961238','2024-05-15 13:31:06.223228','user',_binary '\0','user','tetst xóa cart items','COD','ORDERED',260000.00,27,37,2,NULL,_binary '\0','LF3DXU',22000.00,238000.00),(173,'2024-05-15 13:34:27.876064','2024-05-15 13:37:08.613208','user',_binary '\0','user','tetst xóa cart items','COD','ORDERED',260000.00,27,37,2,NULL,_binary '\0','LF3DX9',22000.00,238000.00),(174,'2024-05-15 13:41:46.099405','2024-05-15 13:56:52.819384','user',_binary '\0','user','tetst xóa cart items','COD','ORDERED',260000.00,27,37,2,NULL,_binary '\0','LF3DXT',22000.00,238000.00),(183,'2024-05-15 14:50:21.642504','2024-05-15 14:50:24.066879','user',_binary '\0','user','tetst xóa cart items','COD','ORDERED',260000.00,27,37,2,NULL,_binary '\0','LF3PNR',22000.00,238000.00),(184,'2024-05-15 21:22:32.321910','2024-05-19 01:19:36.465299','system',_binary '\0','user','test thanh toán vnpay','COD','ORDERED',109000.00,37,37,1,'184',_binary '\0','LF3WKA',0.00,109000.00),(185,'2024-05-19 00:54:27.706501','2024-05-19 00:55:18.383038','user',_binary '','system','test thanh toán bằng vnpay','VN_PAY','ORDERED',169601.00,37,37,1,'185',_binary '\0','LF3WKX',50601.00,119000.00),(186,'2024-05-27 17:43:46.409715','2024-05-27 17:44:49.736851','user',_binary '\0','user','','COD','ORDERED',400100.00,37,37,3,'186',_binary '\0','LGT448',23100.00,377000.00),(187,'2024-05-27 18:39:10.187451','2024-05-27 18:39:11.261102','user',_binary '\0','user','','COD','ORDERED',153201.00,37,37,1,NULL,_binary '\0','LGT4KG',24201.00,129000.00),(188,'2024-05-28 15:40:39.724937','2024-05-28 15:52:30.800788','user',_binary '\0','user','test make payment vs vnpay to update time','VN_PAY','CANCELED',413401.00,37,37,1,'188',_binary '\0',NULL,26401.00,387000.00),(190,'2024-06-01 19:03:45.396584','2024-06-01 19:03:45.410215','user',_binary '','system','','VN_PAY','ORDERED',523401.00,37,37,3,'190',_binary '\0','L9TCP8',26401.00,497000.00);
/*!40000 ALTER TABLE `orders` ENABLE KEYS */;
UNLOCK TABLES;

--
-- Table structure for table `product_list_images`
--

DROP TABLE IF EXISTS `product_list_images`;
/*!40101 SET @saved_cs_client     = @@character_set_client */;
/*!50503 SET character_set_client = utf8mb4 */;
CREATE TABLE `product_list_images` (
  `product_product_id` bigint NOT NULL,
  `image_url` varchar(255) DEFAULT NULL,
  KEY `FKc3tibfknii5st54ooev0xeki4` (`product_product_id`),
  CONSTRAINT `FKc3tibfknii5st54ooev0xeki4` FOREIGN KEY (`product_product_id`) REFERENCES `products` (`product_id`)
) ENGINE=InnoDB DEFAULT CHARSET=utf8mb4 COLLATE=utf8mb4_0900_ai_ci;
/*!40101 SET character_set_client = @saved_cs_client */;

--
-- Dumping data for table `product_list_images`
--

LOCK TABLES `product_list_images` WRITE;
/*!40000 ALTER TABLE `product_list_images` DISABLE KEYS */;
INSERT INTO `product_list_images` VALUES (33,'https://down-vn.img.susercontent.com/file/1394e7bc1ae741e749cba39a37bf44bb'),(33,'https://down-vn.img.susercontent.com/file/8984a69b5876b443d1adc39bbd6b453d'),(33,'https://down-vn.img.susercontent.com/file/f958a606107ea5e5db7abb518b1e2e14'),(33,'https://down-vn.img.susercontent.com/file/fb12d5110d0ad6dd8d4e8e710231b3d5'),(34,'https://down-vn.img.susercontent.com/file/1394e7bc1ae741e749cba39a37bf44bb'),(34,'https://down-vn.img.susercontent.com/file/8984a69b5876b443d1adc39bbd6b453d'),(34,'https://down-vn.img.susercontent.com/file/f958a606107ea5e5db7abb518b1e2e14'),(34,'https://down-vn.img.susercontent.com/file/fb12d5110d0ad6dd8d4e8e710231b3d5'),(35,'https://down-vn.img.susercontent.com/file/f958a606107ea5e5db7abb518b1e2e14'),(35,'https://down-vn.img.susercontent.com/file/fb12d5110d0ad6dd8d4e8e710231b3d5'),(35,'https://down-vn.img.susercontent.com/file/1394e7bc1ae741e749cba39a37bf44bb'),(35,'https://down-vn.img.susercontent.com/file/8984a69b5876b443d1adc39bbd6b453d'),(36,'https://down-vn.img.susercontent.com/file/fb12d5110d0ad6dd8d4e8e710231b3d5'),(36,'https://down-vn.img.susercontent.com/file/f958a606107ea5e5db7abb518b1e2e14'),(36,'https://down-vn.img.susercontent.com/file/8984a69b5876b443d1adc39bbd6b453d'),(36,'https://down-vn.img.susercontent.com/file/1394e7bc1ae741e749cba39a37bf44bb'),(37,'https://down-vn.img.susercontent.com/file/1394e7bc1ae741e749cba39a37bf44bb'),(37,'https://down-vn.img.susercontent.com/file/8984a69b5876b443d1adc39bbd6b453d'),(37,'https://down-vn.img.susercontent.com/file/f958a606107ea5e5db7abb518b1e2e14'),(37,'https://down-vn.img.susercontent.com/file/fb12d5110d0ad6dd8d4e8e710231b3d5'),(38,'https://down-vn.img.susercontent.com/file/1394e7bc1ae741e749cba39a37bf44bb'),(38,'https://down-vn.img.susercontent.com/file/8984a69b5876b443d1adc39bbd6b453d'),(38,'https://down-vn.img.susercontent.com/file/f958a606107ea5e5db7abb518b1e2e14'),(38,'https://down-vn.img.susercontent.com/file/fb12d5110d0ad6dd8d4e8e710231b3d5'),(39,'https://down-vn.img.susercontent.com/file/vn-50009109-7b57c0c47015ece51b7b79f3cdfc388e'),(39,'https://down-vn.img.susercontent.com/file/66d61abefa9515aded0faa30dd7c21ab'),(39,'https://down-vn.img.susercontent.com/file/a0cbc115ddfbdb370c533d370192f527'),(39,'https://down-vn.img.susercontent.com/file/d17dceb4d4c326e37ecdcfb944b4913e'),(39,'https://down-vn.img.susercontent.com/file/1ff34943b7bb34414882baaee37bd9b0'),(40,'https://down-vn.img.susercontent.com/file/vn-50009109-7b57c0c47015ece51b7b79f3cdfc388e'),(40,'https://down-vn.img.susercontent.com/file/66d61abefa9515aded0faa30dd7c21ab'),(40,'https://down-vn.img.susercontent.com/file/a0cbc115ddfbdb370c533d370192f527'),(40,'https://down-vn.img.susercontent.com/file/d17dceb4d4c326e37ecdcfb944b4913e'),(40,'https://down-vn.img.susercontent.com/file/1ff34943b7bb34414882baaee37bd9b0'),(41,'https://down-vn.img.susercontent.com/file/vn-50009109-7b57c0c47015ece51b7b79f3cdfc388e'),(41,'https://down-vn.img.susercontent.com/file/66d61abefa9515aded0faa30dd7c21ab'),(41,'https://down-vn.img.susercontent.com/file/a0cbc115ddfbdb370c533d370192f527'),(41,'https://down-vn.img.susercontent.com/file/d17dceb4d4c326e37ecdcfb944b4913e'),(41,'https://down-vn.img.susercontent.com/file/1ff34943b7bb34414882baaee37bd9b0'),(42,'https://down-vn.img.susercontent.com/file/vn-50009109-7b57c0c47015ece51b7b79f3cdfc388e'),(42,'https://down-vn.img.susercontent.com/file/66d61abefa9515aded0faa30dd7c21ab'),(42,'https://down-vn.img.susercontent.com/file/a0cbc115ddfbdb370c533d370192f527'),(42,'https://down-vn.img.susercontent.com/file/d17dceb4d4c326e37ecdcfb944b4913e'),(42,'https://down-vn.img.susercontent.com/file/1ff34943b7bb34414882baaee37bd9b0'),(43,'https://down-vn.img.susercontent.com/file/a0cbc115ddfbdb370c533d370192f527'),(43,'https://down-vn.img.susercontent.com/file/d17dceb4d4c326e37ecdcfb944b4913e'),(43,'https://down-vn.img.susercontent.com/file/1ff34943b7bb34414882baaee37bd9b0'),(43,'https://down-vn.img.susercontent.com/file/vn-50009109-7b57c0c47015ece51b7b79f3cdfc388e'),(43,'https://down-vn.img.susercontent.com/file/66d61abefa9515aded0faa30dd7c21ab'),(44,'https://down-vn.img.susercontent.com/file/a0cbc115ddfbdb370c533d370192f527'),(44,'https://down-vn.img.susercontent.com/file/d17dceb4d4c326e37ecdcfb944b4913e'),(44,'https://down-vn.img.susercontent.com/file/1ff34943b7bb34414882baaee37bd9b0'),(44,'https://down-vn.img.susercontent.com/file/vn-50009109-7b57c0c47015ece51b7b79f3cdfc388e'),(44,'https://down-vn.img.susercontent.com/file/66d61abefa9515aded0faa30dd7c21ab'),(45,'https://down-vn.img.susercontent.com/file/f0d870c210592fe755c5f5571108ab97'),(45,'https://down-vn.img.susercontent.com/file/66d61abefa9515aded0faa30dd7c21ab'),(45,'https://down-vn.img.susercontent.com/file/a0cbc115ddfbdb370c533d370192f527'),(45,'https://down-vn.img.susercontent.com/file/d17dceb4d4c326e37ecdcfb944b4913e'),(45,'https://down-vn.img.susercontent.com/file/1ff34943b7bb34414882baaee37bd9b0'),(46,'https://down-vn.img.susercontent.com/file/f0d870c210592fe755c5f5571108ab97'),(46,'https://down-vn.img.susercontent.com/file/66d61abefa9515aded0faa30dd7c21ab'),(46,'https://down-vn.img.susercontent.com/file/a0cbc115ddfbdb370c533d370192f527'),(46,'https://down-vn.img.susercontent.com/file/d17dceb4d4c326e37ecdcfb944b4913e'),(46,'https://down-vn.img.susercontent.com/file/1ff34943b7bb34414882baaee37bd9b0'),(47,'https://down-vn.img.susercontent.com/file/66d61abefa9515aded0faa30dd7c21ab'),(47,'https://down-vn.img.susercontent.com/file/f0d870c210592fe755c5f5571108ab97'),(47,'https://down-vn.img.susercontent.com/file/a0cbc115ddfbdb370c533d370192f527'),(47,'https://down-vn.img.susercontent.com/file/d17dceb4d4c326e37ecdcfb944b4913e'),(47,'https://down-vn.img.susercontent.com/file/1ff34943b7bb34414882baaee37bd9b0'),(48,'https://down-vn.img.susercontent.com/file/66d61abefa9515aded0faa30dd7c21ab'),(48,'https://down-vn.img.susercontent.com/file/f0d870c210592fe755c5f5571108ab97'),(48,'https://down-vn.img.susercontent.com/file/a0cbc115ddfbdb370c533d370192f527'),(48,'https://down-vn.img.susercontent.com/file/d17dceb4d4c326e37ecdcfb944b4913e'),(48,'https://down-vn.img.susercontent.com/file/1ff34943b7bb34414882baaee37bd9b0'),(51,'https://down-vn.img.susercontent.com/file/d1bd25ed4a28d4dcd8bc06a127dd8fa6'),(51,'https://down-vn.img.susercontent.com/file/vn-11134207-7qukw-lfz47yizg9yib8'),(51,'https://down-vn.img.susercontent.com/file/954e3e79744246d9537345d6561349c8'),(51,'https://down-vn.img.susercontent.com/file/vn-11134207-7qukw-lfz47yizlw8a54'),(51,'https://down-vn.img.susercontent.com/file/1ff34943b7bb34414882baaee37bd9b0'),(52,'https://down-vn.img.susercontent.com/file/d1bd25ed4a28d4dcd8bc06a127dd8fa6'),(52,'https://down-vn.img.susercontent.com/file/vn-11134207-7qukw-lfz47yizg9yib8'),(52,'https://down-vn.img.susercontent.com/file/954e3e79744246d9537345d6561349c8'),(52,'https://down-vn.img.susercontent.com/file/vn-11134207-7qukw-lfz47yizlw8a54'),(52,'https://down-vn.img.susercontent.com/file/1ff34943b7bb34414882baaee37bd9b0'),(53,'https://down-vn.img.susercontent.com/file/d1bd25ed4a28d4dcd8bc06a127dd8fa6'),(53,'https://down-vn.img.susercontent.com/file/vn-11134207-7qukw-lfz47yizg9yib8'),(53,'https://down-vn.img.susercontent.com/file/954e3e79744246d9537345d6561349c8'),(53,'https://down-vn.img.susercontent.com/file/vn-11134207-7qukw-lfz47yizlw8a54'),(53,'https://down-vn.img.susercontent.com/file/1ff34943b7bb34414882baaee37bd9b0'),(54,'https://down-vn.img.susercontent.com/file/1ff34943b7bb34414882baaee37bd9b0'),(54,'https://down-vn.img.susercontent.com/file/d1bd25ed4a28d4dcd8bc06a127dd8fa6'),(54,'https://down-vn.img.susercontent.com/file/vn-11134207-7qukw-lfz47yizg9yib8'),(54,'https://down-vn.img.susercontent.com/file/954e3e79744246d9537345d6561349c8'),(54,'https://down-vn.img.susercontent.com/file/vn-11134207-7qukw-lfz47yizlw8a54'),(55,'https://down-vn.img.susercontent.com/file/954e3e79744246d9537345d6561349c8'),(55,'https://down-vn.img.susercontent.com/file/1ff34943b7bb34414882baaee37bd9b0'),(55,'https://down-vn.img.susercontent.com/file/d1bd25ed4a28d4dcd8bc06a127dd8fa6'),(55,'https://down-vn.img.susercontent.com/file/vn-11134207-7qukw-lfz47yizg9yib8'),(55,'https://down-vn.img.susercontent.com/file/vn-11134207-7qukw-lfz47yizlw8a54'),(57,'https://down-vn.img.susercontent.com/file/954e3e79744246d9537345d6561349c8'),(57,'https://down-vn.img.susercontent.com/file/1ff34943b7bb34414882baaee37bd9b0'),(57,'https://down-vn.img.susercontent.com/file/d1bd25ed4a28d4dcd8bc06a127dd8fa6'),(57,'https://down-vn.img.susercontent.com/file/vn-11134207-7qukw-lfz47yizg9yib8'),(57,'https://down-vn.img.susercontent.com/file/vn-11134207-7qukw-lfz47yizlw8a54'),(58,'https://down-vn.img.susercontent.com/file/vn-11134207-7qukw-lfz47yizlw8a54'),(58,'https://down-vn.img.susercontent.com/file/1ff34943b7bb34414882baaee37bd9b0'),(58,'https://down-vn.img.susercontent.com/file/d1bd25ed4a28d4dcd8bc06a127dd8fa6'),(58,'https://down-vn.img.susercontent.com/file/vn-11134207-7qukw-lfz47yizg9yib8'),(59,'https://down-vn.img.susercontent.com/file/vn-11134207-7qukw-lfz47yizlw8a54'),(59,'https://down-vn.img.susercontent.com/file/1ff34943b7bb34414882baaee37bd9b0'),(59,'https://down-vn.img.susercontent.com/file/d1bd25ed4a28d4dcd8bc06a127dd8fa6'),(59,'https://down-vn.img.susercontent.com/file/vn-11134207-7qukw-lfz47yizg9yib8'),(60,'https://down-vn.img.susercontent.com/file/4f6c63fc056e6153f396db0ddd161acc'),(60,'https://down-vn.img.susercontent.com/file/ab8a8a378f139cb517951b385633d312'),(60,'https://down-vn.img.susercontent.com/file/vn-11134207-7qukw-lg3vzc0v5mqy24'),(60,'https://down-vn.img.susercontent.com/file/1b7f2c752957cd4aeabb9a4bbce4bc8f'),(61,'https://down-vn.img.susercontent.com/file/4f6c63fc056e6153f396db0ddd161acc'),(61,'https://down-vn.img.susercontent.com/file/ab8a8a378f139cb517951b385633d312'),(61,'https://down-vn.img.susercontent.com/file/vn-11134207-7qukw-lg3vzc0v5mqy24'),(61,'https://down-vn.img.susercontent.com/file/1b7f2c752957cd4aeabb9a4bbce4bc8f'),(62,'https://down-vn.img.susercontent.com/file/4f6c63fc056e6153f396db0ddd161acc'),(62,'https://down-vn.img.susercontent.com/file/ab8a8a378f139cb517951b385633d312'),(62,'https://down-vn.img.susercontent.com/file/vn-11134207-7qukw-lg3vzc0v5mqy24'),(62,'https://down-vn.img.susercontent.com/file/1b7f2c752957cd4aeabb9a4bbce4bc8f'),(63,'https://down-vn.img.susercontent.com/file/4f6c63fc056e6153f396db0ddd161acc'),(63,'https://down-vn.img.susercontent.com/file/ab8a8a378f139cb517951b385633d312'),(63,'https://down-vn.img.susercontent.com/file/vn-11134207-7qukw-lg3vzc0v5mqy24'),(63,'https://down-vn.img.susercontent.com/file/1b7f2c752957cd4aeabb9a4bbce4bc8f'),(64,'https://down-vn.img.susercontent.com/file/ab8a8a378f139cb517951b385633d312'),(64,'https://down-vn.img.susercontent.com/file/vn-11134207-7qukw-lg3vzc0v5mqy24'),(64,'https://down-vn.img.susercontent.com/file/1b7f2c752957cd4aeabb9a4bbce4bc8f'),(64,'https://down-vn.img.susercontent.com/file/4f6c63fc056e6153f396db0ddd161acc'),(65,'https://down-vn.img.susercontent.com/file/ab8a8a378f139cb517951b385633d312'),(65,'https://down-vn.img.susercontent.com/file/vn-11134207-7qukw-lg3vzc0v5mqy24'),(65,'https://down-vn.img.susercontent.com/file/1b7f2c752957cd4aeabb9a4bbce4bc8f'),(65,'https://down-vn.img.susercontent.com/file/4f6c63fc056e6153f396db0ddd161acc'),(66,'https://down-vn.img.susercontent.com/file/ab8a8a378f139cb517951b385633d312'),(66,'https://down-vn.img.susercontent.com/file/vn-11134207-7qukw-lg3vzc0v5mqy24'),(66,'https://down-vn.img.susercontent.com/file/1b7f2c752957cd4aeabb9a4bbce4bc8f'),(66,'https://down-vn.img.susercontent.com/file/4f6c63fc056e6153f396db0ddd161acc'),(67,'https://down-vn.img.susercontent.com/file/vn-11134207-7qukw-lg3vzc0v5mqy24'),(67,'https://down-vn.img.susercontent.com/file/1b7f2c752957cd4aeabb9a4bbce4bc8f'),(67,'https://down-vn.img.susercontent.com/file/4f6c63fc056e6153f396db0ddd161acc'),(67,'https://down-vn.img.susercontent.com/file/ab8a8a378f139cb517951b385633d312'),(68,'https://down-vn.img.susercontent.com/file/vn-11134207-7qukw-lg3vzc0v5mqy24'),(68,'https://down-vn.img.susercontent.com/file/1b7f2c752957cd4aeabb9a4bbce4bc8f'),(68,'https://down-vn.img.susercontent.com/file/4f6c63fc056e6153f396db0ddd161acc'),(68,'https://down-vn.img.susercontent.com/file/ab8a8a378f139cb517951b385633d312'),(69,'https://down-vn.img.susercontent.com/file/vn-11134207-7qukw-lg3vzc0v5mqy24'),(69,'https://down-vn.img.susercontent.com/file/1b7f2c752957cd4aeabb9a4bbce4bc8f'),(69,'https://down-vn.img.susercontent.com/file/4f6c63fc056e6153f396db0ddd161acc'),(69,'https://down-vn.img.susercontent.com/file/ab8a8a378f139cb517951b385633d312'),(70,'https://down-vn.img.susercontent.com/file/vn-11134207-7qukw-lg3vzc0v5mqy24'),(70,'https://down-vn.img.susercontent.com/file/1b7f2c752957cd4aeabb9a4bbce4bc8f'),(70,'https://down-vn.img.susercontent.com/file/4f6c63fc056e6153f396db0ddd161acc'),(70,'https://down-vn.img.susercontent.com/file/ab8a8a378f139cb517951b385633d312'),(71,'https://down-vn.img.susercontent.com/file/1b7f2c752957cd4aeabb9a4bbce4bc8f'),(71,'https://down-vn.img.susercontent.com/file/4f6c63fc056e6153f396db0ddd161acc'),(71,'https://down-vn.img.susercontent.com/file/ab8a8a378f139cb517951b385633d312'),(71,'https://down-vn.img.susercontent.com/file/vn-11134207-7qukw-lg3vzc0v5mqy24'),(72,'https://down-vn.img.susercontent.com/file/1b7f2c752957cd4aeabb9a4bbce4bc8f'),(72,'https://down-vn.img.susercontent.com/file/4f6c63fc056e6153f396db0ddd161acc'),(72,'https://down-vn.img.susercontent.com/file/ab8a8a378f139cb517951b385633d312'),(72,'https://down-vn.img.susercontent.com/file/vn-11134207-7qukw-lg3vzc0v5mqy24'),(73,'https://down-vn.img.susercontent.com/file/1b7f2c752957cd4aeabb9a4bbce4bc8f'),(73,'https://down-vn.img.susercontent.com/file/4f6c63fc056e6153f396db0ddd161acc'),(73,'https://down-vn.img.susercontent.com/file/ab8a8a378f139cb517951b385633d312'),(73,'https://down-vn.img.susercontent.com/file/vn-11134207-7qukw-lg3vzc0v5mqy24'),(74,'https://down-vn.img.susercontent.com/file/vn-11134207-7qukw-lg3vzc0v5mqy24'),(74,'https://down-vn.img.susercontent.com/file/ab8a8a378f139cb517951b385633d312'),(74,'https://down-vn.img.susercontent.com/file/1b7f2c752957cd4aeabb9a4bbce4bc8f'),(74,'https://down-vn.img.susercontent.com/file/4f6c63fc056e6153f396db0ddd161acc'),(75,'https://down-vn.img.susercontent.com/file/vn-11134207-7qukw-lg3vzc0v5mqy24'),(75,'https://down-vn.img.susercontent.com/file/ab8a8a378f139cb517951b385633d312'),(75,'https://down-vn.img.susercontent.com/file/1b7f2c752957cd4aeabb9a4bbce4bc8f'),(75,'https://down-vn.img.susercontent.com/file/4f6c63fc056e6153f396db0ddd161acc'),(76,'https://down-vn.img.susercontent.com/file/4cd4f822d02d3bd7f198d83ba78c1f07'),(76,'https://down-vn.img.susercontent.com/file/48ebc60b87db754bd6cf80ca8603a782'),(76,'https://down-vn.img.susercontent.com/file/99ebfbe4bd23232e88eb377d4019b2c9'),(77,'https://down-vn.img.susercontent.com/file/4cd4f822d02d3bd7f198d83ba78c1f07'),(77,'https://down-vn.img.susercontent.com/file/48ebc60b87db754bd6cf80ca8603a782'),(77,'https://down-vn.img.susercontent.com/file/99ebfbe4bd23232e88eb377d4019b2c9'),(78,'https://down-vn.img.susercontent.com/file/4cd4f822d02d3bd7f198d83ba78c1f07'),(78,'https://down-vn.img.susercontent.com/file/48ebc60b87db754bd6cf80ca8603a782'),(78,'https://down-vn.img.susercontent.com/file/99ebfbe4bd23232e88eb377d4019b2c9'),(79,'https://down-vn.img.susercontent.com/file/4cd4f822d02d3bd7f198d83ba78c1f07'),(79,'https://down-vn.img.susercontent.com/file/48ebc60b87db754bd6cf80ca8603a782'),(79,'https://down-vn.img.susercontent.com/file/99ebfbe4bd23232e88eb377d4019b2c9'),(80,'https://down-vn.img.susercontent.com/file/4cd4f822d02d3bd7f198d83ba78c1f07'),(80,'https://down-vn.img.susercontent.com/file/48ebc60b87db754bd6cf80ca8603a782'),(80,'https://down-vn.img.susercontent.com/file/99ebfbe4bd23232e88eb377d4019b2c9'),(81,'https://down-vn.img.susercontent.com/file/4cd4f822d02d3bd7f198d83ba78c1f07'),(81,'https://down-vn.img.susercontent.com/file/48ebc60b87db754bd6cf80ca8603a782'),(81,'https://down-vn.img.susercontent.com/file/99ebfbe4bd23232e88eb377d4019b2c9'),(82,'https://down-vn.img.susercontent.com/file/4cd4f822d02d3bd7f198d83ba78c1f07'),(82,'https://down-vn.img.susercontent.com/file/48ebc60b87db754bd6cf80ca8603a782'),(82,'https://down-vn.img.susercontent.com/file/99ebfbe4bd23232e88eb377d4019b2c9'),(83,'https://down-vn.img.susercontent.com/file/4cd4f822d02d3bd7f198d83ba78c1f07'),(83,'https://down-vn.img.susercontent.com/file/48ebc60b87db754bd6cf80ca8603a782'),(83,'https://down-vn.img.susercontent.com/file/99ebfbe4bd23232e88eb377d4019b2c9'),(84,'https://down-vn.img.susercontent.com/file/4cd4f822d02d3bd7f198d83ba78c1f07'),(84,'https://down-vn.img.susercontent.com/file/48ebc60b87db754bd6cf80ca8603a782'),(84,'https://down-vn.img.susercontent.com/file/99ebfbe4bd23232e88eb377d4019b2c9'),(85,'https://down-vn.img.susercontent.com/file/4cd4f822d02d3bd7f198d83ba78c1f07'),(85,'https://down-vn.img.susercontent.com/file/48ebc60b87db754bd6cf80ca8603a782'),(85,'https://down-vn.img.susercontent.com/file/99ebfbe4bd23232e88eb377d4019b2c9'),(86,'https://down-vn.img.susercontent.com/file/4cd4f822d02d3bd7f198d83ba78c1f07'),(86,'https://down-vn.img.susercontent.com/file/48ebc60b87db754bd6cf80ca8603a782'),(86,'https://down-vn.img.susercontent.com/file/99ebfbe4bd23232e88eb377d4019b2c9'),(87,'https://down-vn.img.susercontent.com/file/4cd4f822d02d3bd7f198d83ba78c1f07'),(87,'https://down-vn.img.susercontent.com/file/48ebc60b87db754bd6cf80ca8603a782'),(87,'https://down-vn.img.susercontent.com/file/99ebfbe4bd23232e88eb377d4019b2c9'),(88,'https://down-vn.img.susercontent.com/file/cn-11134207-7qukw-lkaoxno6v5ja81'),(88,'https://down-vn.img.susercontent.com/file/735671e7cd7f9e54385d6d600e8c31cd'),(88,'https://down-vn.img.susercontent.com/file/f2bbc88a11e31a0b8e80989c9ccb1141'),(88,'https://down-vn.img.susercontent.com/file/ad670efe5c8606d1ff8c2c0936ba95de'),(88,'https://down-vn.img.susercontent.com/file/457639643e442a1187b58c443c486f93'),(88,'https://down-vn.img.susercontent.com/file/cn-11134207-7qukw-lkaoxno6wk3q33'),(88,'https://down-vn.img.susercontent.com/file/2b78fff9c3bc7fc0fc8efe0250acfdf1'),(89,'https://down-vn.img.susercontent.com/file/cn-11134207-7qukw-lkaoxno6v5ja81'),(89,'https://down-vn.img.susercontent.com/file/735671e7cd7f9e54385d6d600e8c31cd'),(89,'https://down-vn.img.susercontent.com/file/f2bbc88a11e31a0b8e80989c9ccb1141'),(89,'https://down-vn.img.susercontent.com/file/ad670efe5c8606d1ff8c2c0936ba95de'),(89,'https://down-vn.img.susercontent.com/file/457639643e442a1187b58c443c486f93'),(89,'https://down-vn.img.susercontent.com/file/cn-11134207-7qukw-lkaoxno6wk3q33'),(89,'https://down-vn.img.susercontent.com/file/2b78fff9c3bc7fc0fc8efe0250acfdf1'),(90,'https://down-vn.img.susercontent.com/file/cn-11134207-7qukw-lkaoxno6v5ja81'),(90,'https://down-vn.img.susercontent.com/file/735671e7cd7f9e54385d6d600e8c31cd'),(90,'https://down-vn.img.susercontent.com/file/f2bbc88a11e31a0b8e80989c9ccb1141'),(90,'https://down-vn.img.susercontent.com/file/ad670efe5c8606d1ff8c2c0936ba95de'),(90,'https://down-vn.img.susercontent.com/file/457639643e442a1187b58c443c486f93'),(90,'https://down-vn.img.susercontent.com/file/cn-11134207-7qukw-lkaoxno6wk3q33'),(90,'https://down-vn.img.susercontent.com/file/2b78fff9c3bc7fc0fc8efe0250acfdf1'),(91,'https://down-vn.img.susercontent.com/file/cn-11134207-7qukw-lkaoxno6v5ja81'),(91,'https://down-vn.img.susercontent.com/file/735671e7cd7f9e54385d6d600e8c31cd'),(91,'https://down-vn.img.susercontent.com/file/f2bbc88a11e31a0b8e80989c9ccb1141'),(91,'https://down-vn.img.susercontent.com/file/ad670efe5c8606d1ff8c2c0936ba95de'),(91,'https://down-vn.img.susercontent.com/file/457639643e442a1187b58c443c486f93'),(91,'https://down-vn.img.susercontent.com/file/cn-11134207-7qukw-lkaoxno6wk3q33'),(91,'https://down-vn.img.susercontent.com/file/2b78fff9c3bc7fc0fc8efe0250acfdf1'),(92,'https://down-vn.img.susercontent.com/file/735671e7cd7f9e54385d6d600e8c31cd'),(92,'https://down-vn.img.susercontent.com/file/cn-11134207-7qukw-lkaoxno6v5ja81'),(92,'https://down-vn.img.susercontent.com/file/f2bbc88a11e31a0b8e80989c9ccb1141'),(92,'https://down-vn.img.susercontent.com/file/ad670efe5c8606d1ff8c2c0936ba95de'),(92,'https://down-vn.img.susercontent.com/file/457639643e442a1187b58c443c486f93'),(92,'https://down-vn.img.susercontent.com/file/cn-11134207-7qukw-lkaoxno6wk3q33'),(92,'https://down-vn.img.susercontent.com/file/2b78fff9c3bc7fc0fc8efe0250acfdf1'),(93,'https://down-vn.img.susercontent.com/file/735671e7cd7f9e54385d6d600e8c31cd'),(93,'https://down-vn.img.susercontent.com/file/cn-11134207-7qukw-lkaoxno6v5ja81'),(93,'https://down-vn.img.susercontent.com/file/f2bbc88a11e31a0b8e80989c9ccb1141'),(93,'https://down-vn.img.susercontent.com/file/ad670efe5c8606d1ff8c2c0936ba95de'),(93,'https://down-vn.img.susercontent.com/file/457639643e442a1187b58c443c486f93'),(93,'https://down-vn.img.susercontent.com/file/cn-11134207-7qukw-lkaoxno6wk3q33'),(93,'https://down-vn.img.susercontent.com/file/2b78fff9c3bc7fc0fc8efe0250acfdf1'),(94,'https://down-vn.img.susercontent.com/file/f2bbc88a11e31a0b8e80989c9ccb1141'),(94,'https://down-vn.img.susercontent.com/file/735671e7cd7f9e54385d6d600e8c31cd'),(94,'https://down-vn.img.susercontent.com/file/cn-11134207-7qukw-lkaoxno6v5ja81'),(94,'https://down-vn.img.susercontent.com/file/ad670efe5c8606d1ff8c2c0936ba95de'),(94,'https://down-vn.img.susercontent.com/file/457639643e442a1187b58c443c486f93'),(94,'https://down-vn.img.susercontent.com/file/cn-11134207-7qukw-lkaoxno6wk3q33'),(94,'https://down-vn.img.susercontent.com/file/2b78fff9c3bc7fc0fc8efe0250acfdf1'),(95,'https://down-vn.img.susercontent.com/file/f2bbc88a11e31a0b8e80989c9ccb1141'),(95,'https://down-vn.img.susercontent.com/file/735671e7cd7f9e54385d6d600e8c31cd'),(95,'https://down-vn.img.susercontent.com/file/cn-11134207-7qukw-lkaoxno6v5ja81'),(95,'https://down-vn.img.susercontent.com/file/ad670efe5c8606d1ff8c2c0936ba95de'),(95,'https://down-vn.img.susercontent.com/file/457639643e442a1187b58c443c486f93'),(95,'https://down-vn.img.susercontent.com/file/cn-11134207-7qukw-lkaoxno6wk3q33'),(95,'https://down-vn.img.susercontent.com/file/2b78fff9c3bc7fc0fc8efe0250acfdf1'),(96,'https://down-vn.img.susercontent.com/file/f2bbc88a11e31a0b8e80989c9ccb1141'),(96,'https://down-vn.img.susercontent.com/file/735671e7cd7f9e54385d6d600e8c31cd'),(96,'https://down-vn.img.susercontent.com/file/cn-11134207-7qukw-lkaoxno6v5ja81'),(96,'https://down-vn.img.susercontent.com/file/ad670efe5c8606d1ff8c2c0936ba95de'),(96,'https://down-vn.img.susercontent.com/file/457639643e442a1187b58c443c486f93'),(96,'https://down-vn.img.susercontent.com/file/cn-11134207-7qukw-lkaoxno6wk3q33'),(96,'https://down-vn.img.susercontent.com/file/2b78fff9c3bc7fc0fc8efe0250acfdf1'),(97,'https://down-vn.img.susercontent.com/file/457639643e442a1187b58c443c486f93'),(97,'https://down-vn.img.susercontent.com/file/f2bbc88a11e31a0b8e80989c9ccb1141'),(97,'https://down-vn.img.susercontent.com/file/735671e7cd7f9e54385d6d600e8c31cd'),(97,'https://down-vn.img.susercontent.com/file/cn-11134207-7qukw-lkaoxno6v5ja81'),(97,'https://down-vn.img.susercontent.com/file/ad670efe5c8606d1ff8c2c0936ba95de'),(97,'https://down-vn.img.susercontent.com/file/cn-11134207-7qukw-lkaoxno6wk3q33'),(97,'https://down-vn.img.susercontent.com/file/2b78fff9c3bc7fc0fc8efe0250acfdf1'),(98,'https://down-vn.img.susercontent.com/file/457639643e442a1187b58c443c486f93'),(98,'https://down-vn.img.susercontent.com/file/f2bbc88a11e31a0b8e80989c9ccb1141'),(98,'https://down-vn.img.susercontent.com/file/735671e7cd7f9e54385d6d600e8c31cd'),(98,'https://down-vn.img.susercontent.com/file/cn-11134207-7qukw-lkaoxno6v5ja81'),(98,'https://down-vn.img.susercontent.com/file/ad670efe5c8606d1ff8c2c0936ba95de'),(98,'https://down-vn.img.susercontent.com/file/cn-11134207-7qukw-lkaoxno6wk3q33'),(98,'https://down-vn.img.susercontent.com/file/2b78fff9c3bc7fc0fc8efe0250acfdf1'),(99,'https://down-vn.img.susercontent.com/file/457639643e442a1187b58c443c486f93'),(99,'https://down-vn.img.susercontent.com/file/f2bbc88a11e31a0b8e80989c9ccb1141'),(99,'https://down-vn.img.susercontent.com/file/735671e7cd7f9e54385d6d600e8c31cd'),(99,'https://down-vn.img.susercontent.com/file/cn-11134207-7qukw-lkaoxno6v5ja81'),(99,'https://down-vn.img.susercontent.com/file/ad670efe5c8606d1ff8c2c0936ba95de'),(99,'https://down-vn.img.susercontent.com/file/cn-11134207-7qukw-lkaoxno6wk3q33'),(99,'https://down-vn.img.susercontent.com/file/2b78fff9c3bc7fc0fc8efe0250acfdf1'),(101,'https://down-vn.img.susercontent.com/file/4cd4f822d02d3bd7f198d83ba78c1f07'),(101,'https://down-vn.img.susercontent.com/file/48ebc60b87db754bd6cf80ca8603a782'),(101,'https://down-vn.img.susercontent.com/file/99ebfbe4bd23232e88eb377d4019b2c9'),(102,'https://down-vn.img.susercontent.com/file/4cd4f822d02d3bd7f198d83ba78c1f07'),(102,'https://down-vn.img.susercontent.com/file/48ebc60b87db754bd6cf80ca8603a782'),(102,'https://down-vn.img.susercontent.com/file/99ebfbe4bd23232e88eb377d4019b2c9'),(56,'https://down-vn.img.susercontent.com/file/ca96593b72deee14cb09b3bbfb37870d'),(56,'https://down-vn.img.susercontent.com/file/0bef4d47fb0c75fb7873c270c943df0c'),(56,'https://down-vn.img.susercontent.com/file/ca96593b72deee14cb09b3bbfb37870d'),(56,'https://down-vn.img.susercontent.com/file/0bef4d47fb0c75fb7873c270c943df0c'),(103,'blob:http://localhost:5174/0ec797d8-192b-4f4d-9c49-9a1dd9c71a10'),(103,'blob:http://localhost:5174/997f1a13-8ba4-4015-af3e-3c5c4878b10e'),(103,'blob:http://localhost:5174/d5ea3240-f5f7-46b7-bda4-2f2493195164'),(103,'blob:http://localhost:5174/13e61727-6712-4082-8f6d-9c6500c28eaf'),(105,'blob:http://localhost:5174/37194549-9f43-478d-88cd-a2f0469b3c57'),(105,'blob:http://localhost:5174/fc7ae113-1b09-4d3a-b30b-35003be31c51'),(105,'blob:http://localhost:5174/fc49d200-7649-4154-92ff-b35ecfd0d464'),(105,'blob:http://localhost:5174/e970d10d-2cf0-49e0-9578-10f9ae0820f5'),(106,'blob:http://localhost:5174/a0518d1a-2fb7-46de-be9b-04d045621356'),(106,'blob:http://localhost:5174/3c91bab6-dd41-499a-b9a8-631b5d29df0b'),(106,'blob:http://localhost:5174/0c97d99e-84de-4b08-abc1-0b1e6400f534'),(106,'blob:http://localhost:5174/ad6653ce-541a-4acf-9a30-254aba2561bf'),(106,'blob:http://localhost:5174/bcab8d38-258e-40c8-88fd-1c8df472fd7a'),(100,'https://down-vn.img.susercontent.com/file/4cd4f822d02d3bd7f198d83ba78c1f07'),(100,'https://down-vn.img.susercontent.com/file/48ebc60b87db754bd6cf80ca8603a782'),(100,'https://down-vn.img.susercontent.com/file/99ebfbe4bd23232e88eb377d4019b2c9'),(107,'blob:http://localhost:5173/c2968d9f-28cd-457b-a36d-1932c474d159'),(107,'blob:http://localhost:5173/51ae08bf-cf87-4e0a-b467-1f44f170068b'),(107,'blob:http://localhost:5173/38951d91-d4ba-4f54-a145-95c3f91b6758'),(107,'blob:http://localhost:5173/7460498d-47ee-46ae-9cba-25eddb82abf8'),(108,'https://down-vn.img.susercontent.com/file/f0d870c210592fe755c5f5571108ab97'),(108,'https://down-vn.img.susercontent.com/file/66d61abefa9515aded0faa30dd7c21ab'),(108,'https://down-vn.img.susercontent.com/file/a0cbc115ddfbdb370c533d370192f527'),(108,'https://down-vn.img.susercontent.com/file/d17dceb4d4c326e37ecdcfb944b4913e'),(108,'https://down-vn.img.susercontent.com/file/1ff34943b7bb34414882baaee37bd9b0'),(109,'https://down-vn.img.susercontent.com/file/4cd4f822d02d3bd7f198d83ba78c1f07'),(109,'https://down-vn.img.susercontent.com/file/48ebc60b87db754bd6cf80ca8603a782'),(109,'https://down-vn.img.susercontent.com/file/99ebfbe4bd23232e88eb377d4019b2c9'),(111,'https://res.cloudinary.com/dkurral2z/image/upload/v1701537358/duck_shop/k56jupg31o3votrsstxf.jpg'),(111,'https://res.cloudinary.com/dkurral2z/image/upload/v1701537361/duck_shop/zyxxd2f7m9n5bzxgcunx.jpg'),(111,'https://res.cloudinary.com/dkurral2z/image/upload/v1701537363/duck_shop/b1kq8srcvwk5mrmqc48i.jpg'),(111,'https://res.cloudinary.com/dkurral2z/image/upload/v1701537366/duck_shop/puqmgixpdrcell4h39xj.jpg'),(111,'https://res.cloudinary.com/dkurral2z/image/upload/v1701537368/duck_shop/isiliobrjhlcmkwtpepl.jpg'),(112,'https://res.cloudinary.com/dkurral2z/image/upload/v1701539187/duck_shop/gn3srbnq9h2akvzdwhiz.jpg'),(112,'https://res.cloudinary.com/dkurral2z/image/upload/v1701539190/duck_shop/mhue9vvcyb8wrazc5bsd.jpg'),(112,'https://res.cloudinary.com/dkurral2z/image/upload/v1701539192/duck_shop/hv9srtszkwgaf4zyxvfw.jpg'),(112,'https://res.cloudinary.com/dkurral2z/image/upload/v1701539195/duck_shop/pbadczpxweoddacnwmox.jpg'),(112,'https://res.cloudinary.com/dkurral2z/image/upload/v1701539197/duck_shop/nqx62cczmyq5qnwbv5vl.jpg'),(113,'https://down-vn.img.susercontent.com/file/4cd4f822d02d3bd7f198d83ba78c1f07'),(113,'https://down-vn.img.susercontent.com/file/48ebc60b87db754bd6cf80ca8603a782'),(113,'https://down-vn.img.susercontent.com/file/99ebfbe4bd23232e88eb377d4019b2c9'),(114,'https://down-vn.img.susercontent.com/file/4cd4f822d02d3bd7f198d83ba78c1f07'),(114,'https://down-vn.img.susercontent.com/file/48ebc60b87db754bd6cf80ca8603a782'),(114,'https://down-vn.img.susercontent.com/file/99ebfbe4bd23232e88eb377d4019b2c9'),(115,'https://res.cloudinary.com/dkurral2z/image/upload/v1701539899/duck_shop/rvhaa8k7qsulljsaslpz.jpg'),(115,'https://res.cloudinary.com/dkurral2z/image/upload/v1701539902/duck_shop/nj1rnudyfcufr2mhf8fa.jpg'),(115,'https://res.cloudinary.com/dkurral2z/image/upload/v1701539904/duck_shop/u8jn0xq4c3nybwlrqfv0.jpg'),(115,'https://res.cloudinary.com/dkurral2z/image/upload/v1701539907/duck_shop/fa2z7r17jumn5chebrqv.jpg'),(115,'https://res.cloudinary.com/dkurral2z/image/upload/v1701539909/duck_shop/h2zesobdrxkwydrqhznu.jpg'),(104,'https://res.cloudinary.com/dkurral2z/image/upload/v1702053457/duck_shop/l7o0sfwfbh207kbucisc.jpg'),(104,'https://res.cloudinary.com/dkurral2z/image/upload/v1702053459/duck_shop/mmdcndvh9evsdavuzump.jpg'),(116,'https://res.cloudinary.com/dkurral2z/image/upload/v1702054250/duck_shop/mcq0fhc3usidnilioudj.jpg'),(116,'https://res.cloudinary.com/dkurral2z/image/upload/v1702054252/duck_shop/etkqsdwqvjxon6n3awh0.jpg'),(116,'https://res.cloudinary.com/dkurral2z/image/upload/v1702054256/duck_shop/o6jbidy9nxnvrljgb42u.jpg'),(116,'https://res.cloudinary.com/dkurral2z/image/upload/v1702054258/duck_shop/ycrl2oeodboi7bufil14.jpg'),(116,'https://res.cloudinary.com/dkurral2z/image/upload/v1702054260/duck_shop/bduy95jyzsg6car7ffbl.jpg'),(117,'https://res.cloudinary.com/dkurral2z/image/upload/v1702054384/duck_shop/v6siwvbv0d3quymxykka.jpg'),(117,'https://res.cloudinary.com/dkurral2z/image/upload/v1702054387/duck_shop/cu2uzk2ek8r3omsw8f4o.jpg'),(117,'https://res.cloudinary.com/dkurral2z/image/upload/v1702054389/duck_shop/mzzqxla2o4e2zwogqkmg.jpg'),(117,'https://res.cloudinary.com/dkurral2z/image/upload/v1702054391/duck_shop/arugli9gerkfnhs9nlur.jpg'),(110,'https://res.cloudinary.com/dkurral2z/image/upload/v1702195927/duck_shop/tpgydffvz71tud6sxfvw.jpg'),(110,'https://res.cloudinary.com/dkurral2z/image/upload/v1702195929/duck_shop/xz4vdipzaiyrvp15dio1.jpg'),(110,'https://res.cloudinary.com/dkurral2z/image/upload/v1702195931/duck_shop/ykxymsa549urrmq9sgvq.jpg'),(110,'https://res.cloudinary.com/dkurral2z/image/upload/v1702195933/duck_shop/pozqckkfsfxcfk839qov.jpg'),(118,'https://res.cloudinary.com/dkurral2z/image/upload/v1702713982/duck_shop/ncgz6zcu8zbnkxxrxsea.jpg'),(118,'https://res.cloudinary.com/dkurral2z/image/upload/v1702713983/duck_shop/eluxnxsdgee7wdfkonf8.jpg'),(118,'https://res.cloudinary.com/dkurral2z/image/upload/v1702713985/duck_shop/eczpk3vlnefjyubbt63y.jpg'),(118,'https://res.cloudinary.com/dkurral2z/image/upload/v1702713988/duck_shop/nl2dvmat3xsbidp8po81.jpg'),(118,'https://res.cloudinary.com/dkurral2z/image/upload/v1702713991/duck_shop/o7x8rjepxc1h4olabkdk.jpg'),(119,'https://res.cloudinary.com/dkurral2z/image/upload/v1702806963/duck_shop/slrpx95fydzjssr9omib.jpg'),(119,'https://res.cloudinary.com/dkurral2z/image/upload/v1702806965/duck_shop/c64u9fg3lnwcscom74ye.jpg'),(119,'https://res.cloudinary.com/dkurral2z/image/upload/v1702806967/duck_shop/jetf9oodpdkhel0mpkyo.jpg'),(119,'https://res.cloudinary.com/dkurral2z/image/upload/v1702806969/duck_shop/jx8yiv0s1drnnv4efnv4.jpg'),(120,'https://res.cloudinary.com/dkurral2z/image/upload/v1703689935/duck_shop/jtokohrx6cegcabbgrwn.jpg'),(120,'https://res.cloudinary.com/dkurral2z/image/upload/v1703689937/duck_shop/nrw8awd5afblpikcs5h3.jpg'),(120,'https://res.cloudinary.com/dkurral2z/image/upload/v1703689938/duck_shop/pmquwsfz8ntgvlai3s7t.jpg'),(120,'https://res.cloudinary.com/dkurral2z/image/upload/v1703689940/duck_shop/fpi6pdvogybr3iuid0ya.jpg'),(121,'https://res.cloudinary.com/dkurral2z/image/upload/v1703690138/duck_shop/uw7ag3irlmzk4xj1awgt.jpg'),(121,'https://res.cloudinary.com/dkurral2z/image/upload/v1703690140/duck_shop/bkarqknjxqidylzxjihr.jpg'),(121,'https://res.cloudinary.com/dkurral2z/image/upload/v1703690142/duck_shop/jeo3dvif56vuqj6sulys.jpg'),(121,'https://res.cloudinary.com/dkurral2z/image/upload/v1703690144/duck_shop/xclomtpgkeufgjyzcafp.jpg'),(122,'https://res.cloudinary.com/dkurral2z/image/upload/v1703690655/duck_shop/of0ftugj2dlyk62leym8.jpg'),(122,'https://res.cloudinary.com/dkurral2z/image/upload/v1703690657/duck_shop/c7tpjngvzx5s6ynaprs7.jpg'),(122,'https://res.cloudinary.com/dkurral2z/image/upload/v1703690659/duck_shop/pq0ntvwvu9cd9ul9ramx.jpg'),(122,'https://res.cloudinary.com/dkurral2z/image/upload/v1703690661/duck_shop/i4ehqykm6ohhbzg2umfn.jpg'),(122,'https://res.cloudinary.com/dkurral2z/image/upload/v1703690663/duck_shop/rc3pddw9iikhqllisjyk.jpg'),(123,'https://res.cloudinary.com/dkurral2z/image/upload/v1703690894/duck_shop/rrrkgfdfmxpanryhlvf8.jpg'),(123,'https://res.cloudinary.com/dkurral2z/image/upload/v1703690896/duck_shop/nrzn2georvkwx558idyh.jpg'),(123,'https://res.cloudinary.com/dkurral2z/image/upload/v1703690898/duck_shop/jhdp3diplqftn59yn6ao.jpg'),(123,'https://res.cloudinary.com/dkurral2z/image/upload/v1703690900/duck_shop/x66edzkoopmhe8aildac.jpg'),(123,'https://res.cloudinary.com/dkurral2z/image/upload/v1703690902/duck_shop/bg9avhpxfw2tf8ae9wtl.jpg'),(124,'https://res.cloudinary.com/dkurral2z/image/upload/v1703691821/duck_shop/sock8awh6nsfxaprif6f.webp'),(124,'https://res.cloudinary.com/dkurral2z/image/upload/v1703691823/duck_shop/si4hx4zxn0anygcmksxn.webp'),(124,'https://res.cloudinary.com/dkurral2z/image/upload/v1703691824/duck_shop/a5ddarviwyykzqj5gbqe.webp'),(124,'https://res.cloudinary.com/dkurral2z/image/upload/v1703691826/duck_shop/qfptluw0hkcvgdnuyglj.webp'),(125,'https://res.cloudinary.com/dkurral2z/image/upload/v1703691970/duck_shop/troo2zigoa716oahotqz.webp'),(125,'https://res.cloudinary.com/dkurral2z/image/upload/v1703691971/duck_shop/us1amug31gv8ctxavzlt.webp'),(125,'https://res.cloudinary.com/dkurral2z/image/upload/v1703691973/duck_shop/mnexrkgsbpu9rumzvl4u.webp'),(125,'https://res.cloudinary.com/dkurral2z/image/upload/v1703691975/duck_shop/xtxmytmjbmh5omt5dnqo.webp'),(126,'https://res.cloudinary.com/dkurral2z/image/upload/v1703692142/duck_shop/b916s6ktq3jsy7o62uv7.webp'),(126,'https://res.cloudinary.com/dkurral2z/image/upload/v1703692144/duck_shop/odxiaeuz9ky0lnfcgik8.webp'),(126,'https://res.cloudinary.com/dkurral2z/image/upload/v1703692145/duck_shop/qsm3vme83cbrfu4gacpu.webp'),(126,'https://res.cloudinary.com/dkurral2z/image/upload/v1703692147/duck_shop/bt8amhu60o2mg3icl4wa.webp'),(127,'https://res.cloudinary.com/dkurral2z/image/upload/v1703692300/duck_shop/cotdo7aycot1icvdcau2.webp'),(127,'https://res.cloudinary.com/dkurral2z/image/upload/v1703692302/duck_shop/m8ldhyex5ncswrub3a84.webp'),(127,'https://res.cloudinary.com/dkurral2z/image/upload/v1703692304/duck_shop/lv5owf0h5etslcryxhpy.webp'),(127,'https://res.cloudinary.com/dkurral2z/image/upload/v1703692305/duck_shop/exynqnj79tmrhx8un0hk.webp'),(128,'https://res.cloudinary.com/dkurral2z/image/upload/v1703924666/duck_shop/euozhf2evrrp1l2hahyg.webp'),(128,'https://res.cloudinary.com/dkurral2z/image/upload/v1703924668/duck_shop/n093crkmssznx1sqszp5.webp'),(128,'https://res.cloudinary.com/dkurral2z/image/upload/v1703924670/duck_shop/bbhjr2inls01jwh8razf.webp'),(128,'https://res.cloudinary.com/dkurral2z/image/upload/v1703924671/duck_shop/gvzzyxgrhlybghirgtu5.webp'),(129,'https://res.cloudinary.com/dkurral2z/image/upload/v1712850289/duck_shop/ecjh2oktwjqwlgjmrnil.jpg');
/*!40000 ALTER TABLE `product_list_images` ENABLE KEYS */;
UNLOCK TABLES;

--
-- Table structure for table `product_sku_option_values`
--

DROP TABLE IF EXISTS `product_sku_option_values`;
/*!40101 SET @saved_cs_client     = @@character_set_client */;
/*!50503 SET character_set_client = utf8mb4 */;
CREATE TABLE `product_sku_option_values` (
  `sku_id` bigint NOT NULL,
  `value_id` bigint NOT NULL,
  KEY `FK72xg51hviotcnhugka0b1yhxt` (`value_id`),
  KEY `FKcg8leuseol5nx9qtok1utbjyp` (`sku_id`),
  CONSTRAINT `FK72xg51hviotcnhugka0b1yhxt` FOREIGN KEY (`value_id`) REFERENCES `option_values` (`value_id`),
  CONSTRAINT `FKcg8leuseol5nx9qtok1utbjyp` FOREIGN KEY (`sku_id`) REFERENCES `product_skus` (`sku_id`)
) ENGINE=InnoDB DEFAULT CHARSET=utf8mb4 COLLATE=utf8mb4_0900_ai_ci;
/*!40101 SET character_set_client = @saved_cs_client */;

--
-- Dumping data for table `product_sku_option_values`
--

LOCK TABLES `product_sku_option_values` WRITE;
/*!40000 ALTER TABLE `product_sku_option_values` DISABLE KEYS */;
INSERT INTO `product_sku_option_values` VALUES (129,129),(129,131),(130,129),(130,132),(131,129),(131,133),(132,129),(132,134),(133,129),(133,135),(134,130),(134,131),(135,130),(135,132),(136,130),(136,133),(137,130),(137,134),(138,130),(138,135),(139,136),(139,138),(140,136),(140,139),(141,136),(141,140),(142,136),(142,141),(143,136),(143,142),(144,137),(144,138),(145,137),(145,139),(146,137),(146,140),(147,137),(147,141),(148,137),(148,142),(149,143),(149,145),(150,143),(150,146),(151,143),(151,147),(152,143),(152,148),(153,143),(153,149),(154,144),(154,145),(155,144),(155,146),(156,144),(156,147),(157,144),(157,148),(158,144),(158,149),(159,150),(159,152),(160,150),(160,153),(161,150),(161,154),(162,150),(162,155),(163,150),(163,156),(164,151),(164,152),(165,151),(165,153),(166,151),(166,154),(167,151),(167,155),(168,151),(168,156),(169,157),(169,159),(170,157),(170,160),(171,157),(171,161),(172,157),(172,162),(173,157),(173,163),(174,158),(174,159),(175,158),(175,160),(176,158),(176,161),(177,158),(177,162),(178,158),(178,163),(179,164),(179,166),(180,164),(180,167),(181,164),(181,168),(182,164),(182,169),(183,164),(183,170),(184,165),(184,166),(185,165),(185,167),(186,165),(186,168),(187,165),(187,169),(188,165),(188,170),(189,171),(189,174),(190,171),(190,175),(191,171),(191,176),(192,171),(192,177),(193,171),(193,178),(194,172),(194,174),(195,172),(195,175),(196,172),(196,176),(197,172),(197,177),(198,173),(198,178),(199,173),(199,174),(200,173),(200,175),(201,173),(201,176),(202,173),(202,177),(203,172),(203,178),(204,179),(204,182),(205,179),(205,183),(206,179),(206,184),(207,179),(207,185),(208,179),(208,186),(209,180),(209,182),(210,180),(210,183),(211,180),(211,184),(212,180),(212,185),(213,181),(213,186),(214,181),(214,182),(215,181),(215,183),(216,181),(216,184),(217,181),(217,185),(218,180),(218,186),(219,187),(219,190),(220,187),(220,191),(221,187),(221,192),(222,187),(222,193),(223,187),(223,194),(224,188),(224,190),(225,188),(225,191),(226,188),(226,192),(227,188),(227,193),(228,189),(228,194),(229,189),(229,190),(230,189),(230,191),(231,189),(231,192),(232,189),(232,193),(233,188),(233,194),(234,195),(234,198),(235,195),(235,199),(236,195),(236,200),(237,195),(237,201),(238,195),(238,202),(239,196),(239,198),(240,196),(240,199),(241,196),(241,200),(242,196),(242,201),(243,197),(243,202),(244,197),(244,198),(245,197),(245,199),(246,197),(246,200),(247,197),(247,201),(248,196),(248,202),(249,203),(249,206),(250,203),(250,207),(251,203),(251,208),(252,203),(252,209),(253,203),(253,210),(254,204),(254,206),(255,204),(255,207),(256,204),(256,208),(257,204),(257,209),(258,205),(258,210),(259,205),(259,206),(260,205),(260,207),(261,205),(261,208),(262,205),(262,209),(263,204),(263,210),(264,211),(264,214),(265,211),(265,215),(266,211),(266,216),(267,211),(267,217),(268,211),(268,218),(269,212),(269,214),(270,212),(270,215),(271,212),(271,216),(272,212),(272,217),(273,213),(273,218),(274,213),(274,214),(275,213),(275,215),(276,213),(276,216),(277,213),(277,217),(278,212),(278,218),(279,219),(279,222),(280,219),(280,223),(281,219),(281,224),(282,219),(282,225),(283,219),(283,226),(284,220),(284,222),(285,220),(285,223),(286,220),(286,224),(287,220),(287,225),(288,221),(288,226),(289,221),(289,222),(290,221),(290,223),(291,221),(291,224),(292,221),(292,225),(293,220),(293,226),(294,227),(294,230),(295,227),(295,231),(296,227),(296,232),(297,227),(297,233),(298,227),(298,234),(299,228),(299,230),(300,228),(300,231),(301,228),(301,232),(302,228),(302,233),(303,229),(303,234),(304,229),(304,230),(305,229),(305,231),(306,229),(306,232),(307,229),(307,233),(308,228),(308,234),(309,235),(309,238),(310,235),(310,239),(311,235),(311,240),(312,235),(312,241),(313,235),(313,242),(314,236),(314,238),(315,236),(315,239),(316,236),(316,240),(317,236),(317,241),(318,237),(318,242),(319,237),(319,238),(320,237),(320,239),(321,237),(321,240),(322,237),(322,241),(323,236),(323,242),(324,243),(324,246),(325,243),(325,247),(326,243),(326,248),(327,243),(327,249),(328,243),(328,250),(329,244),(329,246),(330,244),(330,247),(331,244),(331,248),(332,244),(332,249),(333,245),(333,250),(334,245),(334,246),(335,245),(335,247),(336,245),(336,248),(337,245),(337,249),(338,244),(338,250),(371,266),(371,270),(372,266),(372,271),(373,266),(373,272),(374,266),(374,273),(375,267),(375,270),(376,267),(376,271),(377,267),(377,272),(378,267),(378,273),(379,268),(379,270),(380,268),(380,271),(381,268),(381,272),(382,267),(382,273),(383,269),(383,270),(384,269),(384,271),(385,269),(385,272),(386,269),(386,273),(387,274),(387,278),(388,274),(388,279),(389,274),(389,280),(390,274),(390,281),(391,275),(391,278),(392,275),(392,279),(393,275),(393,280),(394,275),(394,281),(395,276),(395,278),(396,276),(396,279),(397,276),(397,280),(398,275),(398,281),(399,277),(399,278),(400,277),(400,279),(401,277),(401,280),(402,277),(402,281),(403,282),(403,286),(404,282),(404,287),(405,282),(405,288),(406,282),(406,289),(407,283),(407,286),(408,283),(408,287),(409,283),(409,288),(410,283),(410,289),(411,284),(411,286),(412,284),(412,287),(413,284),(413,288),(414,283),(414,289),(415,285),(415,286),(416,285),(416,287),(417,285),(417,288),(418,285),(418,289),(419,290),(419,294),(420,290),(420,295),(421,290),(421,296),(422,290),(422,297),(423,291),(423,294),(424,291),(424,295),(425,291),(425,296),(426,291),(426,297),(427,292),(427,294),(428,292),(428,295),(429,292),(429,296),(430,291),(430,297),(431,293),(431,294),(432,293),(432,295),(433,293),(433,296),(434,293),(434,297),(435,298),(435,302),(436,298),(436,303),(437,298),(437,304),(438,298),(438,305),(439,299),(439,302),(440,299),(440,303),(441,299),(441,304),(442,299),(442,305),(443,300),(443,302),(444,300),(444,303),(445,300),(445,304),(446,299),(446,305),(447,301),(447,302),(448,301),(448,303),(449,301),(449,304),(450,301),(450,305),(451,306),(451,310),(452,306),(452,311),(453,306),(453,312),(454,306),(454,313),(455,307),(455,310),(456,307),(456,311),(457,307),(457,312),(458,307),(458,313),(459,308),(459,310),(460,308),(460,311),(461,308),(461,312),(462,307),(462,313),(463,309),(463,310),(464,309),(464,311),(465,309),(465,312),(466,309),(466,313),(467,314),(467,318),(468,314),(468,319),(469,314),(469,320),(470,314),(470,321),(471,315),(471,318),(472,315),(472,319),(473,315),(473,320),(474,315),(474,321),(475,316),(475,318),(476,316),(476,319),(477,316),(477,320),(478,315),(478,321),(479,317),(479,318),(480,317),(480,319),(481,317),(481,320),(482,317),(482,321),(483,322),(483,326),(484,322),(484,327),(485,322),(485,328),(486,322),(486,329),(487,323),(487,326),(488,323),(488,327),(489,323),(489,328),(490,323),(490,329),(491,324),(491,326),(492,324),(492,327),(493,324),(493,328),(494,323),(494,329),(495,325),(495,326),(496,325),(496,327),(497,325),(497,328),(498,325),(498,329),(511,333),(511,334),(512,333),(512,335),(513,333),(513,336),(514,333),(514,337),(523,340),(523,342),(524,340),(524,343),(525,340),(525,344),(526,339),(526,345),(527,341),(527,342),(528,341),(528,343),(529,341),(529,344),(530,341),(530,345),(531,346),(531,350),(532,346),(532,351),(533,346),(533,352),(534,346),(534,353),(535,347),(535,350),(536,347),(536,351),(537,347),(537,352),(538,347),(538,353),(539,348),(539,350),(540,348),(540,351),(541,348),(541,352),(542,347),(542,353),(543,349),(543,350),(544,349),(544,351),(545,349),(545,352),(546,349),(546,353),(547,354),(547,358),(548,354),(548,359),(549,354),(549,360),(550,354),(550,361),(551,355),(551,358),(552,355),(552,359),(553,355),(553,360),(554,355),(554,361),(555,356),(555,358),(556,356),(556,359),(557,356),(557,360),(558,355),(558,361),(559,357),(559,358),(560,357),(560,359),(561,357),(561,360),(562,357),(562,361),(563,362),(563,366),(564,362),(564,367),(565,362),(565,368),(566,362),(566,369),(567,363),(567,366),(568,363),(568,367),(569,363),(569,368),(570,363),(570,369),(571,364),(571,366),(572,364),(572,367),(573,364),(573,368),(574,363),(574,369),(575,365),(575,366),(576,365),(576,367),(577,365),(577,368),(578,365),(578,369),(579,370),(579,374),(580,370),(580,375),(581,370),(581,376),(582,370),(582,377),(583,371),(583,374),(584,371),(584,375),(585,371),(585,376),(586,371),(586,377),(587,372),(587,374),(588,372),(588,375),(589,372),(589,376),(590,371),(590,377),(591,373),(591,374),(592,373),(592,375),(593,373),(593,376),(594,373),(594,377),(595,378),(595,382),(596,378),(596,383),(597,378),(597,384),(598,378),(598,385),(599,379),(599,382),(600,379),(600,383),(601,379),(601,384),(602,379),(602,385),(603,380),(603,382),(604,380),(604,383),(605,380),(605,384),(606,379),(606,385),(607,381),(607,382),(608,381),(608,383),(609,381),(609,384),(610,381),(610,385),(611,386),(611,390),(612,386),(612,391),(613,386),(613,392),(614,386),(614,393),(615,387),(615,390),(616,387),(616,391),(617,387),(617,392),(618,387),(618,393),(619,388),(619,390),(620,388),(620,391),(621,388),(621,392),(622,387),(622,393),(623,389),(623,390),(624,389),(624,391),(625,389),(625,392),(626,389),(626,393),(627,394),(627,398),(628,394),(628,399),(629,394),(629,400),(630,394),(630,401),(631,395),(631,398),(632,395),(632,399),(633,395),(633,400),(634,395),(634,401),(635,396),(635,398),(636,396),(636,399),(637,396),(637,400),(638,395),(638,401),(639,397),(639,398),(640,397),(640,399),(641,397),(641,400),(642,397),(642,401),(643,402),(643,406),(644,402),(644,407),(645,402),(645,408),(646,402),(646,409),(647,403),(647,406),(648,403),(648,407),(649,403),(649,408),(650,403),(650,409),(651,404),(651,406),(652,404),(652,407),(653,404),(653,408),(654,403),(654,409),(655,405),(655,406),(656,405),(656,407),(657,405),(657,408),(658,405),(658,409),(659,410),(659,414),(660,410),(660,415),(661,410),(661,416),(662,410),(662,417),(663,411),(663,414),(664,411),(664,415),(665,411),(665,416),(666,411),(666,417),(667,412),(667,414),(668,412),(668,415),(669,412),(669,416),(670,411),(670,417),(671,413),(671,414),(672,413),(672,415),(673,413),(673,416),(674,413),(674,417),(675,418),(675,422),(676,418),(676,423),(677,418),(677,424),(678,418),(678,425),(679,419),(679,422),(680,419),(680,423),(681,419),(681,424),(682,419),(682,425),(683,420),(683,422),(684,420),(684,423),(685,420),(685,424),(686,419),(686,425),(687,421),(687,422),(688,421),(688,423),(689,421),(689,424),(690,421),(690,425),(691,426),(691,430),(692,426),(692,431),(693,426),(693,432),(694,426),(694,433),(695,427),(695,430),(696,427),(696,431),(697,427),(697,432),(698,427),(698,433),(699,428),(699,430),(700,428),(700,431),(701,428),(701,432),(702,427),(702,433),(703,429),(703,430),(704,429),(704,431),(705,429),(705,432),(706,429),(706,433),(707,434),(707,438),(708,434),(708,439),(709,434),(709,440),(710,434),(710,441),(711,435),(711,438),(712,435),(712,439),(713,435),(713,440),(714,435),(714,441),(715,436),(715,438),(716,436),(716,439),(717,436),(717,440),(718,435),(718,441),(719,437),(719,438),(720,437),(720,439),(721,437),(721,440),(722,437),(722,441),(723,442),(723,446),(724,442),(724,447),(725,442),(725,448),(726,442),(726,449),(727,443),(727,446),(728,443),(728,447),(729,443),(729,448),(730,443),(730,449),(731,444),(731,446),(732,444),(732,447),(733,444),(733,448),(734,443),(734,449),(735,445),(735,446),(736,445),(736,447),(737,445),(737,448),(738,445),(738,449),(739,450),(739,454),(740,450),(740,455),(741,450),(741,456),(742,450),(742,457),(743,451),(743,454),(744,451),(744,455),(745,451),(745,456),(746,451),(746,457),(747,452),(747,454),(748,452),(748,455),(749,452),(749,456),(750,451),(750,457),(751,453),(751,454),(752,453),(752,455),(753,453),(753,456),(754,453),(754,457),(755,458),(755,462),(756,458),(756,463),(757,458),(757,464),(758,458),(758,465),(759,459),(759,462),(760,459),(760,463),(761,459),(761,464),(762,459),(762,465),(763,460),(763,462),(764,460),(764,463),(765,460),(765,464),(766,459),(766,465),(767,461),(767,462),(768,461),(768,463),(769,461),(769,464),(770,461),(770,465),(771,467),(771,468),(772,467),(772,469),(773,467),(773,470),(774,467),(774,471),(775,467),(775,472),(776,466),(776,468),(777,466),(777,469),(778,466),(778,470),(779,466),(779,471),(780,466),(780,472),(781,474),(781,475),(782,474),(782,476),(783,474),(783,477),(784,474),(784,478),(785,474),(785,479),(786,473),(786,475),(787,473),(787,476),(788,473),(788,477),(789,473),(789,478),(790,473),(790,479),(791,481),(791,482),(792,481),(792,483),(793,481),(793,484),(794,481),(794,485),(795,481),(795,486),(796,480),(796,482),(797,480),(797,483),(798,480),(798,484),(799,480),(799,485),(800,480),(800,486),(801,488),(801,489),(802,488),(802,490),(803,488),(803,491),(804,488),(804,492),(805,488),(805,493),(806,487),(806,489),(807,487),(807,490),(808,487),(808,491),(809,487),(809,492),(810,487),(810,493),(811,495),(811,496),(812,495),(812,497),(813,495),(813,498),(814,495),(814,499),(815,495),(815,500),(816,494),(816,496),(817,494),(817,497),(818,494),(818,498),(819,494),(819,499),(820,494),(820,500),(821,502),(821,503),(822,502),(822,504),(823,502),(823,505),(824,502),(824,506),(825,502),(825,507),(826,501),(826,503),(827,501),(827,504),(828,501),(828,505),(829,501),(829,506),(830,501),(830,507),(831,509),(831,510),(832,509),(832,511),(833,509),(833,512),(834,509),(834,513),(835,509),(835,514),(836,508),(836,510),(837,508),(837,511),(838,508),(838,512),(839,508),(839,513),(840,508),(840,514),(841,516),(841,517),(842,516),(842,518),(843,516),(843,519),(844,516),(844,520),(845,516),(845,521),(846,515),(846,517),(847,515),(847,518),(848,515),(848,519),(849,515),(849,520),(850,515),(850,521),(851,523),(851,524),(852,523),(852,525),(853,523),(853,526),(854,523),(854,527),(855,523),(855,528),(856,522),(856,524),(857,522),(857,525),(858,522),(858,526),(859,522),(859,527),(860,522),(860,528),(861,530),(861,531),(862,530),(862,532),(863,530),(863,533),(864,530),(864,534),(865,530),(865,535),(866,529),(866,531),(867,529),(867,532),(868,529),(868,533),(869,529),(869,534),(870,529),(870,535),(871,537),(871,538),(872,537),(872,539),(873,537),(873,540),(874,537),(874,541),(875,537),(875,542),(876,536),(876,538),(877,536),(877,539),(878,536),(878,540),(879,536),(879,541),(880,536),(880,542),(881,544),(881,545),(882,544),(882,546),(883,544),(883,547),(884,544),(884,548),(885,544),(885,549),(886,543),(886,545),(887,543),(887,546),(888,543),(888,547),(889,543),(889,548),(890,543),(890,549),(891,550),(891,554),(892,551),(892,554),(893,552),(893,554),(894,553),(894,554),(895,555),(895,559),(896,556),(896,559),(897,557),(897,559),(898,558),(898,559),(899,560),(899,564),(900,561),(900,564),(901,562),(901,564),(902,563),(902,564),(903,565),(903,569),(904,566),(904,569),(905,567),(905,569),(906,568),(906,569),(907,570),(907,574),(908,571),(908,574),(909,572),(909,574),(910,573),(910,574),(911,575),(911,579),(912,576),(912,579),(913,577),(913,579),(914,578),(914,579),(915,580),(915,584),(916,581),(916,584),(917,582),(917,584),(918,583),(918,584),(919,585),(919,589),(920,586),(920,589),(921,587),(921,589),(922,588),(922,589),(923,590),(923,594),(924,591),(924,594),(925,592),(925,594),(926,593),(926,594),(927,595),(927,599),(928,596),(928,599),(929,597),(929,599),(930,598),(930,599),(931,600),(931,604),(932,601),(932,604),(933,602),(933,604),(934,603),(934,604),(935,605),(935,609),(936,606),(936,609),(937,607),(937,609),(938,608),(938,609),(939,611),(939,612),(940,611),(940,613),(941,611),(941,614),(942,611),(942,615),(943,611),(943,616),(944,610),(944,612),(945,610),(945,613),(946,610),(946,614),(947,610),(947,615),(948,610),(948,616),(949,618),(949,619),(950,618),(950,620),(951,618),(951,621),(952,618),(952,622),(953,618),(953,623),(954,617),(954,619),(955,617),(955,620),(956,617),(956,621),(957,617),(957,622),(958,617),(958,623),(959,625),(959,626),(960,625),(960,627),(961,625),(961,628),(962,625),(962,629),(963,625),(963,630),(964,624),(964,626),(965,624),(965,627),(966,624),(966,628),(967,624),(967,629),(968,624),(968,630),(969,634),(969,636),(970,634),(970,310),(971,634),(971,311),(972,635),(972,636),(973,635),(973,310),(974,635),(974,311),(975,306),(975,636),(976,306),(976,310),(977,306),(977,311),(978,307),(978,636),(979,307),(979,310),(980,307),(980,311),(981,634),(981,636),(982,634),(982,310),(983,634),(983,311),(984,635),(984,636),(985,635),(985,310),(986,635),(986,311),(987,306),(987,636),(988,306),(988,310),(989,306),(989,311),(990,307),(990,636),(991,307),(991,310),(992,307),(992,311),(993,634),(993,636),(994,634),(994,310),(995,634),(995,311),(996,635),(996,636),(997,635),(997,310),(998,635),(998,311),(999,306),(999,636),(1000,306),(1000,310),(1001,306),(1001,311),(1002,307),(1002,636),(1003,307),(1003,310),(1004,307),(1004,311),(1005,634),(1005,636),(1006,634),(1006,310),(1007,634),(1007,311),(1008,635),(1008,636),(1009,635),(1009,310),(1010,635),(1010,311),(1011,306),(1011,636),(1012,306),(1012,310),(1013,306),(1013,311),(1014,307),(1014,636),(1015,307),(1015,310),(1016,307),(1016,311),(1017,638),(1017,639),(1018,638),(1018,640),(1019,638),(1019,641),(1020,638),(1020,642),(1021,638),(1021,643),(1022,637),(1022,639),(1023,637),(1023,640),(1024,637),(1024,641),(1025,637),(1025,642),(1026,637),(1026,643),(1027,645),(1027,646),(1028,645),(1028,647),(1029,645),(1029,648),(1030,645),(1030,649),(1031,645),(1031,650),(1032,644),(1032,646),(1033,644),(1033,647),(1034,644),(1034,648),(1035,644),(1035,649),(1036,644),(1036,650),(1037,651),(1037,653),(1038,651),(1038,654),(1039,651),(1039,655),(1040,651),(1040,656),(1041,652),(1041,653),(1042,652),(1042,654),(1043,652),(1043,655),(1044,652),(1044,656),(1045,657),(1045,659),(1046,657),(1046,660),(1047,657),(1047,661),(1048,657),(1048,662),(1049,658),(1049,659),(1050,658),(1050,660),(1051,658),(1051,661),(1052,658),(1052,662),(1053,663),(1053,665),(1054,664),(1054,665),(499,306),(499,310),(500,306),(500,311),(501,306),(501,312),(502,306),(502,313),(503,307),(503,310),(504,307),(504,311),(505,307),(505,312),(506,307),(506,313),(507,308),(507,310),(508,308),(508,311),(509,308),(509,312),(510,307),(510,313),(522,307),(522,669),(515,338),(515,342),(516,338),(516,343),(517,338),(517,344),(518,338),(518,345),(519,339),(519,342),(520,339),(520,343),(521,339),(521,344),(1060,676),(1060,678),(1061,676),(1061,679),(1062,676),(1062,680),(1063,676),(1063,681),(1070,684),(1070,682),(1071,684),(1071,678),(1072,684),(1072,679),(1073,684),(1073,680),(1074,684),(1074,681),(1075,685),(1075,678),(1076,685),(1076,679),(1077,685),(1077,680),(1078,685),(1078,681),(1079,685),(1079,682),(1069,676),(1069,682),(1080,684),(1080,682),(1081,684),(1081,678),(1082,684),(1082,679),(1083,684),(1083,680),(1084,684),(1084,681),(1085,685),(1085,678),(1086,685),(1086,679),(1087,685),(1087,680),(1088,685),(1088,681),(1089,685),(1089,682),(1100,693),(1100,692),(1101,693),(1101,688),(1102,693),(1102,689),(1103,693),(1103,690),(1104,693),(1104,691),(1105,694),(1105,688),(1106,694),(1106,689),(1107,694),(1107,690),(1108,694),(1108,691),(1109,694),(1109,692),(1110,697),(1110,698),(1111,697),(1111,699),(1114,702),(1114,698),(1115,702),(1115,699),(1122,697),(1122,705),(1123,702),(1123,705),(1124,697),(1124,706),(1125,702),(1125,706),(1126,707),(1126,712),(1127,707),(1127,713),(1128,707),(1128,714),(1130,708),(1130,712),(1131,708),(1131,713),(1132,708),(1132,714),(1134,709),(1134,712),(1135,709),(1135,713),(1136,709),(1136,714),(1138,710),(1138,712),(1139,710),(1139,713),(1140,710),(1140,714),(1142,711),(1142,712),(1143,711),(1143,713),(1144,711),(1144,714),(1146,716),(1146,719),(1147,716),(1147,720),(1148,716),(1148,721),(1149,717),(1149,719),(1150,717),(1150,720),(1151,717),(1151,721),(1152,718),(1152,719),(1153,718),(1153,720),(1154,718),(1154,721),(1155,723),(1155,724),(1156,723),(1156,725),(1157,723),(1157,726),(1158,723),(1158,727),(1159,723),(1159,728),(1160,722),(1160,724),(1161,722),(1161,725),(1162,722),(1162,726),(1163,722),(1163,727),(1164,722),(1164,728),(1165,730),(1165,731),(1166,730),(1166,732),(1167,730),(1167,733),(1168,730),(1168,734),(1169,730),(1169,735),(1170,729),(1170,731),(1171,729),(1171,732),(1172,729),(1172,733),(1173,729),(1173,734),(1174,729),(1174,735),(1175,736),(1175,739),(1176,736),(1176,740),(1177,736),(1177,741),(1178,737),(1178,739),(1179,737),(1179,740),(1180,737),(1180,741),(1181,738),(1181,739),(1182,738),(1182,740),(1183,738),(1183,741),(1184,742),(1184,747),(1185,742),(1185,748),(1186,743),(1186,747),(1187,743),(1187,748),(1188,744),(1188,747),(1189,744),(1189,748),(1190,745),(1190,747),(1191,745),(1191,748),(1192,746),(1192,747),(1193,746),(1193,748),(1194,749),(1194,754),(1195,749),(1195,755),(1196,750),(1196,754),(1197,750),(1197,755),(1198,751),(1198,754),(1199,751),(1199,755),(1200,752),(1200,754),(1201,752),(1201,755),(1202,753),(1202,754),(1203,753),(1203,755),(1204,756),(1204,764),(1205,756),(1205,765),(1206,756),(1206,766),(1207,756),(1207,767),(1208,757),(1208,764),(1209,757),(1209,765),(1210,757),(1210,766),(1211,757),(1211,767),(1212,758),(1212,764),(1213,758),(1213,765),(1214,758),(1214,766),(1215,758),(1215,767),(1216,759),(1216,764),(1217,759),(1217,765),(1218,759),(1218,766),(1219,759),(1219,767),(1220,760),(1220,764),(1221,760),(1221,765),(1222,760),(1222,766),(1223,760),(1223,767),(1224,761),(1224,764),(1225,761),(1225,765),(1226,761),(1226,766),(1227,761),(1227,767),(1228,762),(1228,764),(1229,762),(1229,765),(1230,762),(1230,766),(1231,762),(1231,767),(1232,763),(1232,764),(1233,763),(1233,765),(1234,763),(1234,766),(1235,763),(1235,767),(1236,768),(1236,749),(1237,768),(1237,750),(1238,768),(1238,751),(1239,768),(1239,752),(1240,768),(1240,753),(1241,769),(1241,772),(1242,769),(1242,773),(1243,769),(1243,774),(1244,770),(1244,772),(1245,770),(1245,773),(1246,770),(1246,774),(1247,771),(1247,772),(1248,771),(1248,773),(1249,771),(1249,774),(1253,776),(1253,780),(1254,777),(1254,780),(1255,778),(1255,780),(1256,779),(1256,780),(1257,781),(1257,785),(1258,782),(1258,785),(1259,783),(1259,785),(1260,784),(1260,785),(1261,786),(1261,790),(1262,787),(1262,790),(1263,788),(1263,790),(1264,789),(1264,790),(1265,791),(1265,795),(1266,792),(1266,795),(1267,793),(1267,795),(1268,794),(1268,795),(1269,796),(1269,802),(1270,797),(1270,802),(1271,798),(1271,802),(1272,799),(1272,802),(1273,800),(1273,802),(1274,801),(1274,802),(1275,803),(1275,809),(1276,804),(1276,809),(1277,805),(1277,809),(1278,806),(1278,809),(1279,807),(1279,809),(1280,808),(1280,809),(1281,810),(1281,816),(1282,811),(1282,816),(1283,812),(1283,816),(1284,813),(1284,816),(1285,814),(1285,816),(1286,815),(1286,816),(1287,817),(1287,822),(1288,817),(1288,823),(1289,818),(1289,822),(1290,818),(1290,823),(1291,819),(1291,822),(1292,819),(1292,823),(1293,820),(1293,822),(1294,820),(1294,823),(1295,821),(1295,822),(1296,821),(1296,823),(1297,824),(1297,825);
/*!40000 ALTER TABLE `product_sku_option_values` ENABLE KEYS */;
UNLOCK TABLES;

--
-- Table structure for table `product_skus`
--

DROP TABLE IF EXISTS `product_skus`;
/*!40101 SET @saved_cs_client     = @@character_set_client */;
/*!50503 SET character_set_client = utf8mb4 */;
CREATE TABLE `product_skus` (
  `sku_id` bigint NOT NULL AUTO_INCREMENT,
  `price` decimal(38,2) DEFAULT NULL,
  `sku` varchar(255) DEFAULT NULL,
  `product_id` bigint DEFAULT NULL,
  PRIMARY KEY (`sku_id`),
  KEY `FKgfjst7dvihycy15ceiruv9roo` (`product_id`),
  CONSTRAINT `FKgfjst7dvihycy15ceiruv9roo` FOREIGN KEY (`product_id`) REFERENCES `products` (`product_id`)
) ENGINE=InnoDB AUTO_INCREMENT=1298 DEFAULT CHARSET=utf8mb4 COLLATE=utf8mb4_0900_ai_ci;
/*!40101 SET character_set_client = @saved_cs_client */;

--
-- Dumping data for table `product_skus`
--

LOCK TABLES `product_skus` WRITE;
/*!40000 ALTER TABLE `product_skus` DISABLE KEYS */;
INSERT INTO `product_skus` VALUES (129,114000.00,'sku-33-trang-s',33),(130,126000.00,'sku-33-trang-m',33),(131,114000.00,'sku-33-trang-l',33),(132,116000.00,'sku-33-trang-xl',33),(133,114000.00,'sku-33-trang-xxl',33),(134,114000.00,'sku-33-den-s',33),(135,126000.00,'sku-33-den-m',33),(136,126000.00,'sku-33-den-l',33),(137,116000.00,'sku-33-den-xl',33),(138,114000.00,'sku-33-den-xxl',33),(139,114000.00,'sku-34-trang-s',34),(140,126000.00,'sku-34-trang-m',34),(141,114000.00,'sku-34-trang-l',34),(142,116000.00,'sku-34-trang-xl',34),(143,114000.00,'sku-34-trang-xxl',34),(144,114000.00,'sku-34-den-s',34),(145,126000.00,'sku-34-den-m',34),(146,126000.00,'sku-34-den-l',34),(147,116000.00,'sku-34-den-xl',34),(148,114000.00,'sku-34-den-xxl',34),(149,114000.00,'sku-35-trang-s',35),(150,126000.00,'sku-35-trang-m',35),(151,114000.00,'sku-35-trang-l',35),(152,116000.00,'sku-35-trang-xl',35),(153,114000.00,'sku-35-trang-xxl',35),(154,114000.00,'sku-35-den-s',35),(155,126000.00,'sku-35-den-m',35),(156,126000.00,'sku-35-den-l',35),(157,116000.00,'sku-35-den-xl',35),(158,114000.00,'sku-35-den-xxl',35),(159,114000.00,'sku-36-trang-s',36),(160,126000.00,'sku-36-trang-m',36),(161,114000.00,'sku-36-trang-l',36),(162,116000.00,'sku-36-trang-xl',36),(163,114000.00,'sku-36-trang-xxl',36),(164,114000.00,'sku-36-den-s',36),(165,126000.00,'sku-36-den-m',36),(166,126000.00,'sku-36-den-l',36),(167,116000.00,'sku-36-den-xl',36),(168,114000.00,'sku-36-den-xxl',36),(169,114000.00,'sku-37-trang-s',37),(170,126000.00,'sku-37-trang-m',37),(171,114000.00,'sku-37-trang-l',37),(172,116000.00,'sku-37-trang-xl',37),(173,114000.00,'sku-37-trang-xxl',37),(174,114000.00,'sku-37-den-s',37),(175,126000.00,'sku-37-den-m',37),(176,126000.00,'sku-37-den-l',37),(177,116000.00,'sku-37-den-xl',37),(178,114000.00,'sku-37-den-xxl',37),(179,114000.00,'sku-38-trang-s',38),(180,126000.00,'sku-38-trang-m',38),(181,114000.00,'sku-38-trang-l',38),(182,116000.00,'sku-38-trang-xl',38),(183,114000.00,'sku-38-trang-xxl',38),(184,114000.00,'sku-38-den-s',38),(185,126000.00,'sku-38-den-m',38),(186,126000.00,'sku-38-den-l',38),(187,116000.00,'sku-38-den-xl',38),(188,114000.00,'sku-38-den-xxl',38),(189,119000.00,'sku-39-trang-s',39),(190,129000.00,'sku-39-trang-m',39),(191,119000.00,'sku-39-trang-l',39),(192,109000.00,'sku-39-trang-xl',39),(193,119000.00,'sku-39-trang-xxl',39),(194,119000.00,'sku-39-den-s',39),(195,129000.00,'sku-39-den-m',39),(196,129000.00,'sku-39-den-l',39),(197,109000.00,'sku-39-den-xl',39),(198,119000.00,'sku-39-xanh-xxl',39),(199,119000.00,'sku-39-xanh-s',39),(200,129000.00,'sku-39-xanh-m',39),(201,129000.00,'sku-39-xanh-l',39),(202,109000.00,'sku-39-xanh-xl',39),(203,119000.00,'sku-39-den-xxl',39),(204,119000.00,'sku-40-trang-s',40),(205,129000.00,'sku-40-trang-m',40),(206,119000.00,'sku-40-trang-l',40),(207,109000.00,'sku-40-trang-xl',40),(208,119000.00,'sku-40-trang-xxl',40),(209,119000.00,'sku-40-den-s',40),(210,129000.00,'sku-40-den-m',40),(211,129000.00,'sku-40-den-l',40),(212,109000.00,'sku-40-den-xl',40),(213,119000.00,'sku-40-xanh-xxl',40),(214,119000.00,'sku-40-xanh-s',40),(215,129000.00,'sku-40-xanh-m',40),(216,129000.00,'sku-40-xanh-l',40),(217,109000.00,'sku-40-xanh-xl',40),(218,119000.00,'sku-40-den-xxl',40),(219,119000.00,'sku-41-trang-s',41),(220,129000.00,'sku-41-trang-m',41),(221,119000.00,'sku-41-trang-l',41),(222,109000.00,'sku-41-trang-xl',41),(223,119000.00,'sku-41-trang-xxl',41),(224,119000.00,'sku-41-den-s',41),(225,129000.00,'sku-41-den-m',41),(226,129000.00,'sku-41-den-l',41),(227,109000.00,'sku-41-den-xl',41),(228,119000.00,'sku-41-xanh-xxl',41),(229,119000.00,'sku-41-xanh-s',41),(230,129000.00,'sku-41-xanh-m',41),(231,129000.00,'sku-41-xanh-l',41),(232,109000.00,'sku-41-xanh-xl',41),(233,119000.00,'sku-41-den-xxl',41),(234,119000.00,'sku-42-trang-s',42),(235,129000.00,'sku-42-trang-m',42),(236,119000.00,'sku-42-trang-l',42),(237,109000.00,'sku-42-trang-xl',42),(238,119000.00,'sku-42-trang-xxl',42),(239,119000.00,'sku-42-den-s',42),(240,129000.00,'sku-42-den-m',42),(241,129000.00,'sku-42-den-l',42),(242,109000.00,'sku-42-den-xl',42),(243,119000.00,'sku-42-xanh-xxl',42),(244,119000.00,'sku-42-xanh-s',42),(245,129000.00,'sku-42-xanh-m',42),(246,129000.00,'sku-42-xanh-l',42),(247,109000.00,'sku-42-xanh-xl',42),(248,119000.00,'sku-42-den-xxl',42),(249,119000.00,'sku-43-trang-s',43),(250,129000.00,'sku-43-trang-m',43),(251,119000.00,'sku-43-trang-l',43),(252,109000.00,'sku-43-trang-xl',43),(253,119000.00,'sku-43-trang-xxl',43),(254,119000.00,'sku-43-den-s',43),(255,129000.00,'sku-43-den-m',43),(256,129000.00,'sku-43-den-l',43),(257,109000.00,'sku-43-den-xl',43),(258,119000.00,'sku-43-xanh-xxl',43),(259,119000.00,'sku-43-xanh-s',43),(260,129000.00,'sku-43-xanh-m',43),(261,129000.00,'sku-43-xanh-l',43),(262,109000.00,'sku-43-xanh-xl',43),(263,119000.00,'sku-43-den-xxl',43),(264,119000.00,'sku-44-trang-s',44),(265,129000.00,'sku-44-trang-m',44),(266,119000.00,'sku-44-trang-l',44),(267,109000.00,'sku-44-trang-xl',44),(268,119000.00,'sku-44-trang-xxl',44),(269,119000.00,'sku-44-den-s',44),(270,129000.00,'sku-44-den-m',44),(271,129000.00,'sku-44-den-l',44),(272,109000.00,'sku-44-den-xl',44),(273,119000.00,'sku-44-xanh-xxl',44),(274,119000.00,'sku-44-xanh-s',44),(275,129000.00,'sku-44-xanh-m',44),(276,129000.00,'sku-44-xanh-l',44),(277,109000.00,'sku-44-xanh-xl',44),(278,119000.00,'sku-44-den-xxl',44),(279,119000.00,'sku-45-trang-s',45),(280,129000.00,'sku-45-trang-m',45),(281,119000.00,'sku-45-trang-l',45),(282,109000.00,'sku-45-trang-xl',45),(283,119000.00,'sku-45-trang-xxl',45),(284,119000.00,'sku-45-den-s',45),(285,129000.00,'sku-45-den-m',45),(286,129000.00,'sku-45-den-l',45),(287,109000.00,'sku-45-den-xl',45),(288,119000.00,'sku-45-xanh-xxl',45),(289,119000.00,'sku-45-xanh-s',45),(290,129000.00,'sku-45-xanh-m',45),(291,129000.00,'sku-45-xanh-l',45),(292,109000.00,'sku-45-xanh-xl',45),(293,119000.00,'sku-45-den-xxl',45),(294,119000.00,'sku-46-trang-s',46),(295,129000.00,'sku-46-trang-m',46),(296,119000.00,'sku-46-trang-l',46),(297,109000.00,'sku-46-trang-xl',46),(298,119000.00,'sku-46-trang-xxl',46),(299,119000.00,'sku-46-den-s',46),(300,129000.00,'sku-46-den-m',46),(301,129000.00,'sku-46-den-l',46),(302,109000.00,'sku-46-den-xl',46),(303,119000.00,'sku-46-xanh-xxl',46),(304,119000.00,'sku-46-xanh-s',46),(305,129000.00,'sku-46-xanh-m',46),(306,129000.00,'sku-46-xanh-l',46),(307,109000.00,'sku-46-xanh-xl',46),(308,119000.00,'sku-46-den-xxl',46),(309,119000.00,'sku-47-trang-s',47),(310,129000.00,'sku-47-trang-m',47),(311,119000.00,'sku-47-trang-l',47),(312,109000.00,'sku-47-trang-xl',47),(313,119000.00,'sku-47-trang-xxl',47),(314,119000.00,'sku-47-den-s',47),(315,129000.00,'sku-47-den-m',47),(316,129000.00,'sku-47-den-l',47),(317,109000.00,'sku-47-den-xl',47),(318,119000.00,'sku-47-xanh-xxl',47),(319,119000.00,'sku-47-xanh-s',47),(320,129000.00,'sku-47-xanh-m',47),(321,129000.00,'sku-47-xanh-l',47),(322,109000.00,'sku-47-xanh-xl',47),(323,119000.00,'sku-47-den-xxl',47),(324,119000.00,'sku-48-trang-s',48),(325,129000.00,'sku-48-trang-m',48),(326,119000.00,'sku-48-trang-l',48),(327,109000.00,'sku-48-trang-xl',48),(328,119000.00,'sku-48-trang-xxl',48),(329,119000.00,'sku-48-den-s',48),(330,129000.00,'sku-48-den-m',48),(331,129000.00,'sku-48-den-l',48),(332,109000.00,'sku-48-den-xl',48),(333,119000.00,'sku-48-xanh-xxl',48),(334,119000.00,'sku-48-xanh-s',48),(335,129000.00,'sku-48-xanh-m',48),(336,129000.00,'sku-48-xanh-l',48),(337,109000.00,'sku-48-xanh-xl',48),(338,119000.00,'sku-48-den-xxl',48),(371,129000.00,'sku-51-trang-m',51),(372,119000.00,'sku-51-trang-l',51),(373,109000.00,'sku-51-trang-xl',51),(374,119000.00,'sku-51-trang-xxl',51),(375,129000.00,'sku-51-den-m',51),(376,129000.00,'sku-51-den-l',51),(377,109000.00,'sku-51-den-xl',51),(378,119000.00,'sku-51-den-xxl',51),(379,129000.00,'sku-51-hong-m',51),(380,129000.00,'sku-51-hong-l',51),(381,109000.00,'sku-51-hong-xl',51),(382,119000.00,'sku-51-den-xxl',51),(383,129000.00,'sku-51-den-vai-lua-m',51),(384,129000.00,'sku-51-den-vai-lua-l',51),(385,109000.00,'sku-51-den-vai-lua-xl',51),(386,119000.00,'sku-51-den-vai-lua-xxl',51),(387,129000.00,'sku-52-trang-m',52),(388,119000.00,'sku-52-trang-l',52),(389,109000.00,'sku-52-trang-xl',52),(390,119000.00,'sku-52-trang-xxl',52),(391,129000.00,'sku-52-den-m',52),(392,129000.00,'sku-52-den-l',52),(393,109000.00,'sku-52-den-xl',52),(394,119000.00,'sku-52-den-xxl',52),(395,129000.00,'sku-52-hong-m',52),(396,129000.00,'sku-52-hong-l',52),(397,109000.00,'sku-52-hong-xl',52),(398,119000.00,'sku-52-den-xxl',52),(399,129000.00,'sku-52-den-vai-lua-m',52),(400,129000.00,'sku-52-den-vai-lua-l',52),(401,109000.00,'sku-52-den-vai-lua-xl',52),(402,119000.00,'sku-52-den-vai-lua-xxl',52),(403,129000.00,'sku-53-trang-m',53),(404,119000.00,'sku-53-trang-l',53),(405,109000.00,'sku-53-trang-xl',53),(406,119000.00,'sku-53-trang-xxl',53),(407,129000.00,'sku-53-den-m',53),(408,129000.00,'sku-53-den-l',53),(409,109000.00,'sku-53-den-xl',53),(410,119000.00,'sku-53-den-xxl',53),(411,129000.00,'sku-53-hong-m',53),(412,129000.00,'sku-53-hong-l',53),(413,109000.00,'sku-53-hong-xl',53),(414,119000.00,'sku-53-den-xxl',53),(415,129000.00,'sku-53-den-vai-lua-m',53),(416,129000.00,'sku-53-den-vai-lua-l',53),(417,109000.00,'sku-53-den-vai-lua-xl',53),(418,119000.00,'sku-53-den-vai-lua-xxl',53),(419,129000.00,'sku-54-trang-m',54),(420,119000.00,'sku-54-trang-l',54),(421,109000.00,'sku-54-trang-xl',54),(422,119000.00,'sku-54-trang-xxl',54),(423,129000.00,'sku-54-den-m',54),(424,129000.00,'sku-54-den-l',54),(425,109000.00,'sku-54-den-xl',54),(426,119000.00,'sku-54-den-xxl',54),(427,129000.00,'sku-54-hong-m',54),(428,129000.00,'sku-54-hong-l',54),(429,109000.00,'sku-54-hong-xl',54),(430,119000.00,'sku-54-den-xxl',54),(431,129000.00,'sku-54-den-vai-lua-m',54),(432,129000.00,'sku-54-den-vai-lua-l',54),(433,109000.00,'sku-54-den-vai-lua-xl',54),(434,119000.00,'sku-54-den-vai-lua-xxl',54),(435,129000.00,'sku-55-trang-m',55),(436,119000.00,'sku-55-trang-l',55),(437,109000.00,'sku-55-trang-xl',55),(438,119000.00,'sku-55-trang-xxl',55),(439,129000.00,'sku-55-den-m',55),(440,129000.00,'sku-55-den-l',55),(441,109000.00,'sku-55-den-xl',55),(442,119000.00,'sku-55-den-xxl',55),(443,129000.00,'sku-55-hong-m',55),(444,129000.00,'sku-55-hong-l',55),(445,109000.00,'sku-55-hong-xl',55),(446,119000.00,'sku-55-den-xxl',55),(447,129000.00,'sku-55-den-vai-lua-m',55),(448,129000.00,'sku-55-den-vai-lua-l',55),(449,109000.00,'sku-55-den-vai-lua-xl',55),(450,119000.00,'sku-55-den-vai-lua-xxl',55),(451,129000.00,'sku-56-trang-m',56),(452,119000.00,'sku-56-trang-l',56),(453,109000.00,'sku-56-trang-xl',56),(454,119000.00,'sku-56-trang-xxl',56),(455,129000.00,'sku-56-den-m',56),(456,129000.00,'sku-56-den-l',56),(457,109000.00,'sku-56-den-xl',56),(458,119000.00,'sku-56-den-xxl',56),(459,129000.00,'sku-56-hong-m',56),(460,129000.00,'sku-56-hong-l',56),(461,109000.00,'sku-56-hong-xl',56),(462,119000.00,'sku-56-den-xxl',56),(463,129000.00,'sku-56-den-vai-lua-m',56),(464,129000.00,'sku-56-den-vai-lua-l',56),(465,109000.00,'sku-56-den-vai-lua-xl',56),(466,119000.00,'sku-56-den-vai-lua-xxl',56),(467,129000.00,'sku-57-trang-m',57),(468,119000.00,'sku-57-trang-l',57),(469,109000.00,'sku-57-trang-xl',57),(470,119000.00,'sku-57-trang-xxl',57),(471,129000.00,'sku-57-den-m',57),(472,129000.00,'sku-57-den-l',57),(473,109000.00,'sku-57-den-xl',57),(474,119000.00,'sku-57-den-xxl',57),(475,129000.00,'sku-57-hong-m',57),(476,129000.00,'sku-57-hong-l',57),(477,109000.00,'sku-57-hong-xl',57),(478,119000.00,'sku-57-den-xxl',57),(479,129000.00,'sku-57-den-vai-lua-m',57),(480,129000.00,'sku-57-den-vai-lua-l',57),(481,109000.00,'sku-57-den-vai-lua-xl',57),(482,119000.00,'sku-57-den-vai-lua-xxl',57),(483,129000.00,'sku-58-trang-m',58),(484,119000.00,'sku-58-trang-l',58),(485,109000.00,'sku-58-trang-xl',58),(486,119000.00,'sku-58-trang-xxl',58),(487,129000.00,'sku-58-den-m',58),(488,129000.00,'sku-58-den-l',58),(489,109000.00,'sku-58-den-xl',58),(490,119000.00,'sku-58-den-xxl',58),(491,129000.00,'sku-58-hong-m',58),(492,129000.00,'sku-58-hong-l',58),(493,109000.00,'sku-58-hong-xl',58),(494,119000.00,'sku-58-den-xxl',58),(495,129000.00,'sku-58-den-vai-lua-m',58),(496,129000.00,'sku-58-den-vai-lua-l',58),(497,109000.00,'sku-58-den-vai-lua-xl',58),(498,119000.00,'sku-58-den-vai-lua-xxl',58),(499,129000.00,'sku-56-trang-m',56),(500,119000.00,'sku-56-trang-l',56),(501,109000.00,'sku-56-trang-xl',56),(502,119000.00,'sku-56-trang-xxl',56),(503,129000.00,'sku-56-den-m',56),(504,129000.00,'sku-56-den-l',56),(505,109000.00,'sku-56-den-xl',56),(506,119000.00,'sku-56-den-xxl',56),(507,129000.00,'sku-56-hong-m',56),(508,129000.00,'sku-56-hong-l',56),(509,109000.00,'sku-56-hong-xl',56),(510,119000.00,'sku-56-den-xxl',56),(511,129000.00,'sku-59-den-vai-lua-m',59),(512,129000.00,'sku-59-den-vai-lua-l',59),(513,109000.00,'sku-59-den-vai-lua-xl',59),(514,119000.00,'sku-59-den-vai-lua-xxl',59),(515,129000.00,'sku-60-trang-27',60),(516,119000.00,'sku-60-trang-28',60),(517,109000.00,'sku-60-trang-29',60),(518,119000.00,'sku-60-trang-30',60),(519,129000.00,'sku-60-den-27',60),(520,129000.00,'sku-60-den-28',60),(521,109000.00,'sku-60-den-29',60),(522,119000.00,'sku-56-den-30',56),(523,129000.00,'sku-60-xanh-nhat-27',60),(524,129000.00,'sku-60-xanh-nhat-28',60),(525,109000.00,'sku-60-xanh-nhat-29',60),(526,119000.00,'sku-60-den-30',60),(527,129000.00,'sku-60-xam-27',60),(528,129000.00,'sku-60-xam-28',60),(529,109000.00,'sku-60-xam-29',60),(530,119000.00,'sku-60-xam-30',60),(531,129000.00,'sku-61-trang-27',61),(532,119000.00,'sku-61-trang-28',61),(533,109000.00,'sku-61-trang-29',61),(534,119000.00,'sku-61-trang-30',61),(535,129000.00,'sku-61-den-27',61),(536,129000.00,'sku-61-den-28',61),(537,109000.00,'sku-61-den-29',61),(538,119000.00,'sku-61-den-30',61),(539,129000.00,'sku-61-xanh-nhat-27',61),(540,129000.00,'sku-61-xanh-nhat-28',61),(541,109000.00,'sku-61-xanh-nhat-29',61),(542,119000.00,'sku-61-den-30',61),(543,129000.00,'sku-61-xam-27',61),(544,129000.00,'sku-61-xam-28',61),(545,109000.00,'sku-61-xam-29',61),(546,119000.00,'sku-61-xam-30',61),(547,129000.00,'sku-62-trang-27',62),(548,119000.00,'sku-62-trang-28',62),(549,109000.00,'sku-62-trang-29',62),(550,119000.00,'sku-62-trang-30',62),(551,129000.00,'sku-62-den-27',62),(552,129000.00,'sku-62-den-28',62),(553,109000.00,'sku-62-den-29',62),(554,119000.00,'sku-62-den-30',62),(555,129000.00,'sku-62-xanh-nhat-27',62),(556,129000.00,'sku-62-xanh-nhat-28',62),(557,109000.00,'sku-62-xanh-nhat-29',62),(558,119000.00,'sku-62-den-30',62),(559,129000.00,'sku-62-xam-27',62),(560,129000.00,'sku-62-xam-28',62),(561,109000.00,'sku-62-xam-29',62),(562,119000.00,'sku-62-xam-30',62),(563,129000.00,'sku-63-trang-27',63),(564,119000.00,'sku-63-trang-28',63),(565,109000.00,'sku-63-trang-29',63),(566,119000.00,'sku-63-trang-30',63),(567,129000.00,'sku-63-den-27',63),(568,129000.00,'sku-63-den-28',63),(569,109000.00,'sku-63-den-29',63),(570,119000.00,'sku-63-den-30',63),(571,129000.00,'sku-63-xanh-nhat-27',63),(572,129000.00,'sku-63-xanh-nhat-28',63),(573,109000.00,'sku-63-xanh-nhat-29',63),(574,119000.00,'sku-63-den-30',63),(575,129000.00,'sku-63-xam-27',63),(576,129000.00,'sku-63-xam-28',63),(577,109000.00,'sku-63-xam-29',63),(578,119000.00,'sku-63-xam-30',63),(579,129000.00,'sku-64-trang-27',64),(580,119000.00,'sku-64-trang-28',64),(581,109000.00,'sku-64-trang-29',64),(582,119000.00,'sku-64-trang-30',64),(583,129000.00,'sku-64-den-27',64),(584,129000.00,'sku-64-den-28',64),(585,109000.00,'sku-64-den-29',64),(586,119000.00,'sku-64-den-30',64),(587,129000.00,'sku-64-xanh-nhat-27',64),(588,129000.00,'sku-64-xanh-nhat-28',64),(589,109000.00,'sku-64-xanh-nhat-29',64),(590,119000.00,'sku-64-den-30',64),(591,129000.00,'sku-64-xam-27',64),(592,129000.00,'sku-64-xam-28',64),(593,109000.00,'sku-64-xam-29',64),(594,119000.00,'sku-64-xam-30',64),(595,129000.00,'sku-65-trang-27',65),(596,119000.00,'sku-65-trang-28',65),(597,109000.00,'sku-65-trang-29',65),(598,119000.00,'sku-65-trang-30',65),(599,129000.00,'sku-65-den-27',65),(600,129000.00,'sku-65-den-28',65),(601,109000.00,'sku-65-den-29',65),(602,119000.00,'sku-65-den-30',65),(603,129000.00,'sku-65-xanh-nhat-27',65),(604,129000.00,'sku-65-xanh-nhat-28',65),(605,109000.00,'sku-65-xanh-nhat-29',65),(606,119000.00,'sku-65-den-30',65),(607,129000.00,'sku-65-xam-27',65),(608,129000.00,'sku-65-xam-28',65),(609,109000.00,'sku-65-xam-29',65),(610,119000.00,'sku-65-xam-30',65),(611,129000.00,'sku-66-trang-27',66),(612,119000.00,'sku-66-trang-28',66),(613,109000.00,'sku-66-trang-29',66),(614,119000.00,'sku-66-trang-30',66),(615,129000.00,'sku-66-den-27',66),(616,129000.00,'sku-66-den-28',66),(617,109000.00,'sku-66-den-29',66),(618,119000.00,'sku-66-den-30',66),(619,129000.00,'sku-66-xanh-nhat-27',66),(620,129000.00,'sku-66-xanh-nhat-28',66),(621,109000.00,'sku-66-xanh-nhat-29',66),(622,119000.00,'sku-66-den-30',66),(623,129000.00,'sku-66-xam-27',66),(624,129000.00,'sku-66-xam-28',66),(625,109000.00,'sku-66-xam-29',66),(626,119000.00,'sku-66-xam-30',66),(627,129000.00,'sku-67-trang-27',67),(628,119000.00,'sku-67-trang-28',67),(629,109000.00,'sku-67-trang-29',67),(630,119000.00,'sku-67-trang-30',67),(631,129000.00,'sku-67-den-27',67),(632,129000.00,'sku-67-den-28',67),(633,109000.00,'sku-67-den-29',67),(634,119000.00,'sku-67-den-30',67),(635,129000.00,'sku-67-xanh-nhat-27',67),(636,129000.00,'sku-67-xanh-nhat-28',67),(637,109000.00,'sku-67-xanh-nhat-29',67),(638,119000.00,'sku-67-den-30',67),(639,129000.00,'sku-67-xam-27',67),(640,129000.00,'sku-67-xam-28',67),(641,109000.00,'sku-67-xam-29',67),(642,119000.00,'sku-67-xam-30',67),(643,129000.00,'sku-68-trang-27',68),(644,119000.00,'sku-68-trang-28',68),(645,109000.00,'sku-68-trang-29',68),(646,119000.00,'sku-68-trang-30',68),(647,129000.00,'sku-68-den-27',68),(648,129000.00,'sku-68-den-28',68),(649,109000.00,'sku-68-den-29',68),(650,119000.00,'sku-68-den-30',68),(651,129000.00,'sku-68-xanh-nhat-27',68),(652,129000.00,'sku-68-xanh-nhat-28',68),(653,109000.00,'sku-68-xanh-nhat-29',68),(654,119000.00,'sku-68-den-30',68),(655,129000.00,'sku-68-xam-27',68),(656,129000.00,'sku-68-xam-28',68),(657,109000.00,'sku-68-xam-29',68),(658,119000.00,'sku-68-xam-30',68),(659,129000.00,'sku-69-trang-27',69),(660,119000.00,'sku-69-trang-28',69),(661,109000.00,'sku-69-trang-29',69),(662,119000.00,'sku-69-trang-30',69),(663,129000.00,'sku-69-den-27',69),(664,129000.00,'sku-69-den-28',69),(665,109000.00,'sku-69-den-29',69),(666,119000.00,'sku-69-den-30',69),(667,129000.00,'sku-69-xanh-nhat-27',69),(668,129000.00,'sku-69-xanh-nhat-28',69),(669,109000.00,'sku-69-xanh-nhat-29',69),(670,119000.00,'sku-69-den-30',69),(671,129000.00,'sku-69-xam-27',69),(672,129000.00,'sku-69-xam-28',69),(673,109000.00,'sku-69-xam-29',69),(674,119000.00,'sku-69-xam-30',69),(675,129000.00,'sku-70-trang-27',70),(676,119000.00,'sku-70-trang-28',70),(677,109000.00,'sku-70-trang-29',70),(678,119000.00,'sku-70-trang-30',70),(679,129000.00,'sku-70-den-27',70),(680,129000.00,'sku-70-den-28',70),(681,109000.00,'sku-70-den-29',70),(682,119000.00,'sku-70-den-30',70),(683,129000.00,'sku-70-xanh-nhat-27',70),(684,129000.00,'sku-70-xanh-nhat-28',70),(685,109000.00,'sku-70-xanh-nhat-29',70),(686,119000.00,'sku-70-den-30',70),(687,129000.00,'sku-70-xam-27',70),(688,129000.00,'sku-70-xam-28',70),(689,109000.00,'sku-70-xam-29',70),(690,119000.00,'sku-70-xam-30',70),(691,129000.00,'sku-71-trang-27',71),(692,119000.00,'sku-71-trang-28',71),(693,109000.00,'sku-71-trang-29',71),(694,119000.00,'sku-71-trang-30',71),(695,129000.00,'sku-71-den-27',71),(696,129000.00,'sku-71-den-28',71),(697,109000.00,'sku-71-den-29',71),(698,119000.00,'sku-71-den-30',71),(699,129000.00,'sku-71-xanh-nhat-27',71),(700,129000.00,'sku-71-xanh-nhat-28',71),(701,109000.00,'sku-71-xanh-nhat-29',71),(702,119000.00,'sku-71-den-30',71),(703,129000.00,'sku-71-xam-27',71),(704,129000.00,'sku-71-xam-28',71),(705,109000.00,'sku-71-xam-29',71),(706,119000.00,'sku-71-xam-30',71),(707,129000.00,'sku-72-trang-27',72),(708,119000.00,'sku-72-trang-28',72),(709,109000.00,'sku-72-trang-29',72),(710,119000.00,'sku-72-trang-30',72),(711,129000.00,'sku-72-den-27',72),(712,129000.00,'sku-72-den-28',72),(713,109000.00,'sku-72-den-29',72),(714,119000.00,'sku-72-den-30',72),(715,129000.00,'sku-72-xanh-nhat-27',72),(716,129000.00,'sku-72-xanh-nhat-28',72),(717,109000.00,'sku-72-xanh-nhat-29',72),(718,119000.00,'sku-72-den-30',72),(719,129000.00,'sku-72-xam-27',72),(720,129000.00,'sku-72-xam-28',72),(721,109000.00,'sku-72-xam-29',72),(722,119000.00,'sku-72-xam-30',72),(723,129000.00,'sku-73-trang-27',73),(724,119000.00,'sku-73-trang-28',73),(725,109000.00,'sku-73-trang-29',73),(726,119000.00,'sku-73-trang-30',73),(727,129000.00,'sku-73-den-27',73),(728,129000.00,'sku-73-den-28',73),(729,109000.00,'sku-73-den-29',73),(730,119000.00,'sku-73-den-30',73),(731,129000.00,'sku-73-xanh-nhat-27',73),(732,129000.00,'sku-73-xanh-nhat-28',73),(733,109000.00,'sku-73-xanh-nhat-29',73),(734,119000.00,'sku-73-den-30',73),(735,129000.00,'sku-73-xam-27',73),(736,129000.00,'sku-73-xam-28',73),(737,109000.00,'sku-73-xam-29',73),(738,119000.00,'sku-73-xam-30',73),(739,129000.00,'sku-74-trang-27',74),(740,119000.00,'sku-74-trang-28',74),(741,109000.00,'sku-74-trang-29',74),(742,119000.00,'sku-74-trang-30',74),(743,129000.00,'sku-74-den-27',74),(744,129000.00,'sku-74-den-28',74),(745,109000.00,'sku-74-den-29',74),(746,119000.00,'sku-74-den-30',74),(747,129000.00,'sku-74-xanh-nhat-27',74),(748,129000.00,'sku-74-xanh-nhat-28',74),(749,109000.00,'sku-74-xanh-nhat-29',74),(750,119000.00,'sku-74-den-30',74),(751,129000.00,'sku-74-xam-27',74),(752,129000.00,'sku-74-xam-28',74),(753,109000.00,'sku-74-xam-29',74),(754,119000.00,'sku-74-xam-30',74),(755,129000.00,'sku-75-trang-27',75),(756,119000.00,'sku-75-trang-28',75),(757,109000.00,'sku-75-trang-29',75),(758,119000.00,'sku-75-trang-30',75),(759,129000.00,'sku-75-den-27',75),(760,129000.00,'sku-75-den-28',75),(761,109000.00,'sku-75-den-29',75),(762,119000.00,'sku-75-den-30',75),(763,129000.00,'sku-75-xanh-nhat-27',75),(764,129000.00,'sku-75-xanh-nhat-28',75),(765,109000.00,'sku-75-xanh-nhat-29',75),(766,119000.00,'sku-75-den-30',75),(767,129000.00,'sku-75-xam-27',75),(768,129000.00,'sku-75-xam-28',75),(769,109000.00,'sku-75-xam-29',75),(770,119000.00,'sku-75-xam-30',75),(771,119000.00,'sku-76-trang-s',76),(772,129000.00,'sku-76-trang-m',76),(773,119000.00,'sku-76-trang-l',76),(774,109000.00,'sku-76-trang-xl',76),(775,119000.00,'sku-76-trang-xxl',76),(776,119000.00,'sku-76-den-s',76),(777,129000.00,'sku-76-den-m',76),(778,129000.00,'sku-76-den-l',76),(779,109000.00,'sku-76-den-xl',76),(780,119000.00,'sku-76-den-xxl',76),(781,119000.00,'sku-77-trang-s',77),(782,129000.00,'sku-77-trang-m',77),(783,119000.00,'sku-77-trang-l',77),(784,109000.00,'sku-77-trang-xl',77),(785,119000.00,'sku-77-trang-xxl',77),(786,119000.00,'sku-77-den-s',77),(787,129000.00,'sku-77-den-m',77),(788,129000.00,'sku-77-den-l',77),(789,109000.00,'sku-77-den-xl',77),(790,119000.00,'sku-77-den-xxl',77),(791,119000.00,'sku-78-trang-s',78),(792,129000.00,'sku-78-trang-m',78),(793,119000.00,'sku-78-trang-l',78),(794,109000.00,'sku-78-trang-xl',78),(795,119000.00,'sku-78-trang-xxl',78),(796,119000.00,'sku-78-den-s',78),(797,129000.00,'sku-78-den-m',78),(798,129000.00,'sku-78-den-l',78),(799,109000.00,'sku-78-den-xl',78),(800,119000.00,'sku-78-den-xxl',78),(801,119000.00,'sku-79-trang-s',79),(802,129000.00,'sku-79-trang-m',79),(803,119000.00,'sku-79-trang-l',79),(804,109000.00,'sku-79-trang-xl',79),(805,119000.00,'sku-79-trang-xxl',79),(806,119000.00,'sku-79-den-s',79),(807,129000.00,'sku-79-den-m',79),(808,129000.00,'sku-79-den-l',79),(809,109000.00,'sku-79-den-xl',79),(810,119000.00,'sku-79-den-xxl',79),(811,119000.00,'sku-80-trang-s',80),(812,129000.00,'sku-80-trang-m',80),(813,119000.00,'sku-80-trang-l',80),(814,109000.00,'sku-80-trang-xl',80),(815,119000.00,'sku-80-trang-xxl',80),(816,119000.00,'sku-80-den-s',80),(817,129000.00,'sku-80-den-m',80),(818,129000.00,'sku-80-den-l',80),(819,109000.00,'sku-80-den-xl',80),(820,119000.00,'sku-80-den-xxl',80),(821,119000.00,'sku-81-trang-s',81),(822,129000.00,'sku-81-trang-m',81),(823,119000.00,'sku-81-trang-l',81),(824,109000.00,'sku-81-trang-xl',81),(825,119000.00,'sku-81-trang-xxl',81),(826,119000.00,'sku-81-den-s',81),(827,129000.00,'sku-81-den-m',81),(828,129000.00,'sku-81-den-l',81),(829,109000.00,'sku-81-den-xl',81),(830,119000.00,'sku-81-den-xxl',81),(831,119000.00,'sku-82-trang-s',82),(832,129000.00,'sku-82-trang-m',82),(833,119000.00,'sku-82-trang-l',82),(834,109000.00,'sku-82-trang-xl',82),(835,119000.00,'sku-82-trang-xxl',82),(836,119000.00,'sku-82-den-s',82),(837,129000.00,'sku-82-den-m',82),(838,129000.00,'sku-82-den-l',82),(839,109000.00,'sku-82-den-xl',82),(840,119000.00,'sku-82-den-xxl',82),(841,119000.00,'sku-83-trang-s',83),(842,129000.00,'sku-83-trang-m',83),(843,119000.00,'sku-83-trang-l',83),(844,109000.00,'sku-83-trang-xl',83),(845,119000.00,'sku-83-trang-xxl',83),(846,119000.00,'sku-83-den-s',83),(847,129000.00,'sku-83-den-m',83),(848,129000.00,'sku-83-den-l',83),(849,109000.00,'sku-83-den-xl',83),(850,119000.00,'sku-83-den-xxl',83),(851,119000.00,'sku-84-trang-s',84),(852,129000.00,'sku-84-trang-m',84),(853,119000.00,'sku-84-trang-l',84),(854,109000.00,'sku-84-trang-xl',84),(855,119000.00,'sku-84-trang-xxl',84),(856,119000.00,'sku-84-den-s',84),(857,129000.00,'sku-84-den-m',84),(858,129000.00,'sku-84-den-l',84),(859,109000.00,'sku-84-den-xl',84),(860,119000.00,'sku-84-den-xxl',84),(861,119000.00,'sku-85-trang-s',85),(862,129000.00,'sku-85-trang-m',85),(863,119000.00,'sku-85-trang-l',85),(864,109000.00,'sku-85-trang-xl',85),(865,119000.00,'sku-85-trang-xxl',85),(866,119000.00,'sku-85-den-s',85),(867,129000.00,'sku-85-den-m',85),(868,129000.00,'sku-85-den-l',85),(869,109000.00,'sku-85-den-xl',85),(870,119000.00,'sku-85-den-xxl',85),(871,119000.00,'sku-86-trang-s',86),(872,129000.00,'sku-86-trang-m',86),(873,119000.00,'sku-86-trang-l',86),(874,109000.00,'sku-86-trang-xl',86),(875,119000.00,'sku-86-trang-xxl',86),(876,119000.00,'sku-86-den-s',86),(877,129000.00,'sku-86-den-m',86),(878,129000.00,'sku-86-den-l',86),(879,109000.00,'sku-86-den-xl',86),(880,119000.00,'sku-86-den-xxl',86),(881,119000.00,'sku-87-trang-s',87),(882,129000.00,'sku-87-trang-m',87),(883,119000.00,'sku-87-trang-l',87),(884,109000.00,'sku-87-trang-xl',87),(885,119000.00,'sku-87-trang-xxl',87),(886,119000.00,'sku-87-den-s',87),(887,129000.00,'sku-87-den-m',87),(888,129000.00,'sku-87-den-l',87),(889,109000.00,'sku-87-den-xl',87),(890,119000.00,'sku-87-den-xxl',87),(891,659000.00,'sku-88-vang-den-53-18-145',88),(892,649000.00,'sku-88-den-xam-53-18-145',88),(893,649000.00,'sku-88-sung-xam-53-18-145',88),(894,659000.00,'sku-88-xanh-dam-53-18-145',88),(895,659000.00,'sku-89-vang-den-53-18-145',89),(896,649000.00,'sku-89-den-xam-53-18-145',89),(897,649000.00,'sku-89-sung-xam-53-18-145',89),(898,659000.00,'sku-89-xanh-dam-53-18-145',89),(899,659000.00,'sku-90-vang-den-53-18-145',90),(900,649000.00,'sku-90-den-xam-53-18-145',90),(901,649000.00,'sku-90-sung-xam-53-18-145',90),(902,659000.00,'sku-90-xanh-dam-53-18-145',90),(903,659000.00,'sku-91-vang-den-53-18-145',91),(904,649000.00,'sku-91-den-xam-53-18-145',91),(905,649000.00,'sku-91-sung-xam-53-18-145',91),(906,659000.00,'sku-91-xanh-dam-53-18-145',91),(907,659000.00,'sku-92-vang-den-53-18-145',92),(908,649000.00,'sku-92-den-xam-53-18-145',92),(909,649000.00,'sku-92-sung-xam-53-18-145',92),(910,659000.00,'sku-92-xanh-dam-53-18-145',92),(911,659000.00,'sku-93-vang-den-53-18-145',93),(912,649000.00,'sku-93-den-xam-53-18-145',93),(913,649000.00,'sku-93-sung-xam-53-18-145',93),(914,659000.00,'sku-93-xanh-dam-53-18-145',93),(915,659000.00,'sku-94-vang-den-53-18-145',94),(916,649000.00,'sku-94-den-xam-53-18-145',94),(917,649000.00,'sku-94-sung-xam-53-18-145',94),(918,659000.00,'sku-94-xanh-dam-53-18-145',94),(919,659000.00,'sku-95-vang-den-53-18-145',95),(920,649000.00,'sku-95-den-xam-53-18-145',95),(921,649000.00,'sku-95-sung-xam-53-18-145',95),(922,659000.00,'sku-95-xanh-dam-53-18-145',95),(923,659000.00,'sku-96-vang-den-53-18-145',96),(924,649000.00,'sku-96-den-xam-53-18-145',96),(925,649000.00,'sku-96-sung-xam-53-18-145',96),(926,659000.00,'sku-96-xanh-dam-53-18-145',96),(927,659000.00,'sku-97-vang-den-53-18-145',97),(928,649000.00,'sku-97-den-xam-53-18-145',97),(929,649000.00,'sku-97-sung-xam-53-18-145',97),(930,659000.00,'sku-97-xanh-dam-53-18-145',97),(931,659000.00,'sku-98-vang-den-53-18-145',98),(932,649000.00,'sku-98-den-xam-53-18-145',98),(933,649000.00,'sku-98-sung-xam-53-18-145',98),(934,659000.00,'sku-98-xanh-dam-53-18-145',98),(935,659000.00,'sku-99-vang-den-53-18-145',99),(936,649000.00,'sku-99-den-xam-53-18-145',99),(937,649000.00,'sku-99-sung-xam-53-18-145',99),(938,659000.00,'sku-99-xanh-dam-53-18-145',99),(939,119000.00,'sku-100-trang-s',100),(940,129000.00,'sku-100-trang-m',100),(941,119000.00,'sku-100-trang-l',100),(942,109000.00,'sku-100-trang-xl',100),(943,119000.00,'sku-100-trang-xxl',100),(944,119000.00,'sku-100-den-s',100),(945,129000.00,'sku-100-den-m',100),(946,129000.00,'sku-100-den-l',100),(947,109000.00,'sku-100-den-xl',100),(948,119000.00,'sku-100-den-xxl',100),(949,119000.00,'sku-101-trang-s',101),(950,129000.00,'sku-101-trang-m',101),(951,119000.00,'sku-101-trang-l',101),(952,109000.00,'sku-101-trang-xl',101),(953,119000.00,'sku-101-trang-xxl',101),(954,119000.00,'sku-101-den-s',101),(955,129000.00,'sku-101-den-m',101),(956,129000.00,'sku-101-den-l',101),(957,109000.00,'sku-101-den-xl',101),(958,119000.00,'sku-101-den-xxl',101),(959,119000.00,'sku-102-trang-s',102),(960,129000.00,'sku-102-trang-m',102),(961,119000.00,'sku-102-trang-l',102),(962,109000.00,'sku-102-trang-xl',102),(963,119000.00,'sku-102-trang-xxl',102),(964,119000.00,'sku-102-den-s',102),(965,129000.00,'sku-102-den-m',102),(966,129000.00,'sku-102-den-l',102),(967,109000.00,'sku-102-den-xl',102),(968,119000.00,'sku-102-den-xxl',102),(969,10.99,'sku-56-do-s',56),(970,12.99,'sku-56-do-m',56),(971,14.99,'sku-56-do-l',56),(972,11.99,'sku-56-xanh-s',56),(973,13.99,'sku-56-xanh-m',56),(974,15.99,'sku-56-xanh-l',56),(975,10.99,'sku-56-trang-s',56),(976,12.99,'sku-56-trang-m',56),(977,14.99,'sku-56-trang-l',56),(978,10.99,'sku-56-den-s',56),(979,12.99,'sku-56-den-m',56),(980,14.99,'sku-56-den-l',56),(981,10.99,'sku-56-do-s',56),(982,12.99,'sku-56-do-m',56),(983,14.99,'sku-56-do-l',56),(984,11.99,'sku-56-xanh-s',56),(985,13.99,'sku-56-xanh-m',56),(986,15.99,'sku-56-xanh-l',56),(987,10.99,'sku-56-trang-s',56),(988,12.99,'sku-56-trang-m',56),(989,14.99,'sku-56-trang-l',56),(990,10.99,'sku-56-den-s',56),(991,12.99,'sku-56-den-m',56),(992,14.99,'sku-56-den-l',56),(993,10.99,'sku-56-do-s',56),(994,12.99,'sku-56-do-m',56),(995,14.99,'sku-56-do-l',56),(996,11.99,'sku-56-xanh-s',56),(997,13.99,'sku-56-xanh-m',56),(998,15.99,'sku-56-xanh-l',56),(999,10.99,'sku-56-trang-s',56),(1000,12.99,'sku-56-trang-m',56),(1001,14.99,'sku-56-trang-l',56),(1002,10.99,'sku-56-den-s',56),(1003,12.99,'sku-56-den-m',56),(1004,14.99,'sku-56-den-l',56),(1005,10.99,'sku-56-do-s',56),(1006,12.99,'sku-56-do-m',56),(1007,14.99,'sku-56-do-l',56),(1008,11.99,'sku-56-xanh-s',56),(1009,13.99,'sku-56-xanh-m',56),(1010,15.99,'sku-56-xanh-l',56),(1011,10.99,'sku-56-trang-s',56),(1012,12.99,'sku-56-trang-m',56),(1013,14.99,'sku-56-trang-l',56),(1014,10.99,'sku-56-den-s',56),(1015,12.99,'sku-56-den-m',56),(1016,14.99,'sku-56-den-l',56),(1017,119000.00,'sku-103-trang-s',103),(1018,129000.00,'sku-103-trang-m',103),(1019,119000.00,'sku-103-trang-l',103),(1020,109000.00,'sku-103-trang-xl',103),(1021,119000.00,'sku-103-trang-xxl',103),(1022,119000.00,'sku-103-den-s',103),(1023,129000.00,'sku-103-den-m',103),(1024,129000.00,'sku-103-den-l',103),(1025,109000.00,'sku-103-den-xl',103),(1026,119000.00,'sku-103-den-xxl',103),(1027,119000.00,'sku-104-trang-s',104),(1028,129000.00,'sku-104-trang-m',104),(1029,119000.00,'sku-104-trang-l',104),(1030,109000.00,'sku-104-trang-xl',104),(1031,119000.00,'sku-104-trang-xxl',104),(1032,119000.00,'sku-104-den-s',104),(1033,129000.00,'sku-104-den-m',104),(1034,129000.00,'sku-104-den-l',104),(1035,109000.00,'sku-104-den-xl',104),(1036,119000.00,'sku-104-den-xxl',104),(1037,42000.00,'sku-105-den-s-38-45-kg',105),(1038,45000.00,'sku-105-den-m-47-54-kg',105),(1039,45000.00,'sku-105-den-l-54-60-kg',105),(1040,45000.00,'sku-105-den-xl-60-65-kg',105),(1041,42000.00,'sku-105-trang-s-38-45-kg',105),(1042,45000.00,'sku-105-trang-m-47-54-kg',105),(1043,45000.00,'sku-105-trang-l-54-60-kg',105),(1044,45000.00,'sku-105-trang-xl-60-65-kg',105),(1045,NULL,'sku-106-den-s',106),(1046,NULL,'sku-106-den-m',106),(1047,NULL,'sku-106-den-l',106),(1048,NULL,'sku-106-den-xl',106),(1049,NULL,'sku-106-trang-s',106),(1050,NULL,'sku-106-trang-m',106),(1051,NULL,'sku-106-trang-l',106),(1052,NULL,'sku-106-trang-xl',106),(1053,79000.00,'sku-107-den-free-size-40-60-kg',107),(1054,79000.00,'sku-107-trang-free-size-40-60-kg',107),(1060,119000.00,'sku-108-den-s',108),(1061,129000.00,'sku-108-den-m',108),(1062,129000.00,'sku-108-den-l',108),(1063,109000.00,'sku-108-den-xl',108),(1069,119000.00,'sku-108-den-xxl',108),(1070,119000.00,'sku-108',108),(1071,119000.00,'sku-108',108),(1072,129000.00,'sku-108',108),(1073,129000.00,'sku-108',108),(1074,109000.00,'sku-108',108),(1075,119000.00,'sku-108-hong-s',108),(1076,129000.00,'sku-108-hong-m',108),(1077,129000.00,'sku-108-hong-l',108),(1078,109000.00,'sku-108-hong-xl',108),(1079,119000.00,'sku-108-hong-xxl',108),(1080,119000.00,'sku-108',108),(1081,119000.00,'sku-108',108),(1082,129000.00,'sku-108',108),(1083,129000.00,'sku-108',108),(1084,109000.00,'sku-108',108),(1085,119000.00,'sku-108-hong-s',108),(1086,129000.00,'sku-108-hong-m',108),(1087,129000.00,'sku-108-hong-l',108),(1088,109000.00,'sku-108-hong-xl',108),(1089,200000.00,'sku-108-hong-xxl',108),(1100,139000.00,'sku-109-xanh-xxl',109),(1101,139000.00,'sku-109-xanh-s',109),(1102,129000.00,'sku-109-xanh-m',109),(1103,129000.00,'sku-109-xanh-l',109),(1104,109000.00,'sku-109-xanh-xl',109),(1105,139000.00,'sku-109-hong-s',109),(1106,129000.00,'sku-109-hong-m',109),(1107,129000.00,'sku-109-hong-l',109),(1108,109000.00,'sku-109-hong-xl',109),(1109,200000.00,'sku-109-hong-xxl',109),(1110,59000.00,'sku-110-free-size-40-60-kg-trang',110),(1111,59000.00,'sku-110-free-size-40-60-kg-den',110),(1114,55000.00,'sku-110-s-trang',110),(1115,55000.00,'sku-110-s-den',110),(1122,59000.00,'sku-110-free-size-40-60-kg-xanh',110),(1123,55000.00,'sku-110-s-xanh',110),(1124,59000.00,'sku-110-free-size-40-60-kg-hong',110),(1125,55000.00,'sku-110-s-hong',110),(1126,75000.00,'sku-111-s1-2-4t-12-16kg-hong',111),(1127,75000.00,'sku-111-s1-2-4t-12-16kg-den',111),(1128,75000.00,'sku-111-s1-2-4t-12-16kg-trang',111),(1130,80000.00,'sku-111-s2-5-7t-17-21kg-hong',111),(1131,80000.00,'sku-111-s2-5-7t-17-21kg-den',111),(1132,80000.00,'sku-111-s2-5-7t-17-21kg-trang',111),(1134,85000.00,'sku-111-s3-7-10t-21-33kg-hong',111),(1135,85000.00,'sku-111-s3-7-10t-21-33kg-den',111),(1136,85000.00,'sku-111-s3-7-10t-21-33kg-trang',111),(1138,95000.00,'sku-111-s4-10-13t-34-43kg-hong',111),(1139,95000.00,'sku-111-s4-10-13t-34-43kg-den',111),(1140,95000.00,'sku-111-s4-10-13t-34-43kg-trang',111),(1142,115000.00,'sku-111-size-m-44-52kg-hong',111),(1143,115000.00,'sku-111-size-m-44-52kg-den',111),(1144,115000.00,'sku-111-size-m-44-52kg-trang',111),(1146,75000.00,'sku-112-s-12-16kg-den',112),(1147,75000.00,'sku-112-s-12-16kg-trang',112),(1148,75000.00,'sku-112-s-12-16kg-hong',112),(1149,75000.00,'sku-112-m-17-21kg-den',112),(1150,75000.00,'sku-112-m-17-21kg-trang',112),(1151,75000.00,'sku-112-m-17-21kg-hong',112),(1152,75000.00,'sku-112-l-21-33kg-den',112),(1153,75000.00,'sku-112-l-21-33kg-trang',112),(1154,75000.00,'sku-112-l-21-33kg-hong',112),(1155,119000.00,'sku-113-trang-s',113),(1156,129000.00,'sku-113-trang-m',113),(1157,119000.00,'sku-113-trang-l',113),(1158,109000.00,'sku-113-trang-xl',113),(1159,119000.00,'sku-113-trang-xxl',113),(1160,119000.00,'sku-113-den-s',113),(1161,129000.00,'sku-113-den-m',113),(1162,129000.00,'sku-113-den-l',113),(1163,109000.00,'sku-113-den-xl',113),(1164,119000.00,'sku-113-den-xxl',113),(1165,119000.00,'sku-114-trang-s',114),(1166,129000.00,'sku-114-trang-m',114),(1167,119000.00,'sku-114-trang-l',114),(1168,109000.00,'sku-114-trang-xl',114),(1169,119000.00,'sku-114-trang-xxl',114),(1170,119000.00,'sku-114-den-s',114),(1171,129000.00,'sku-114-den-m',114),(1172,129000.00,'sku-114-den-l',114),(1173,109000.00,'sku-114-den-xl',114),(1174,119000.00,'sku-114-den-xxl',114),(1175,79000.00,'sku-115-s-12-16kg-trang',115),(1176,79000.00,'sku-115-s-12-16kg-den',115),(1177,79000.00,'sku-115-s-12-16kg-hong',115),(1178,89000.00,'sku-115-m-17-21kg-trang',115),(1179,89000.00,'sku-115-m-17-21kg-den',115),(1180,89000.00,'sku-115-m-17-21kg-hong',115),(1181,99000.00,'sku-115-l-21-33kg-trang',115),(1182,99000.00,'sku-115-l-21-33kg-den',115),(1183,99000.00,'sku-115-l-21-33kg-hong',115),(1184,85000.00,'sku-116-s-46kg-den',116),(1185,85000.00,'sku-116-s-46kg-xam',116),(1186,85000.00,'sku-116-m-50kg-den',116),(1187,85000.00,'sku-116-m-50kg-xam',116),(1188,85000.00,'sku-116-l-55kg-den',116),(1189,85000.00,'sku-116-l-55kg-xam',116),(1190,85000.00,'sku-116-xl-58kg-den',116),(1191,85000.00,'sku-116-xl-58kg-xam',116),(1192,85000.00,'sku-116-xxl-60kg-den',116),(1193,85000.00,'sku-116-xxl-60kg-xam',116),(1194,85000.00,'sku-117-s-46kg-den',117),(1195,85000.00,'sku-117-s-46kg-xam',117),(1196,85000.00,'sku-117-m-50kg-den',117),(1197,85000.00,'sku-117-m-50kg-xam',117),(1198,85000.00,'sku-117-l-55kg-den',117),(1199,85000.00,'sku-117-l-55kg-xam',117),(1200,95000.00,'sku-117-xl-58kg-den',117),(1201,95000.00,'sku-117-xl-58kg-xam',117),(1202,95000.00,'sku-117-xxl-60kg-den',117),(1203,95000.00,'sku-117-xxl-60kg-xam',117),(1204,135000.00,'sku-118-36-af1-trang',118),(1205,135000.00,'sku-118-36-af1-nau',118),(1206,135000.00,'sku-118-36-af1-vet-den',118),(1207,135000.00,'sku-118-36-lv-den',118),(1208,135000.00,'sku-118-37-af1-trang',118),(1209,135000.00,'sku-118-37-af1-nau',118),(1210,135000.00,'sku-118-37-af1-vet-den',118),(1211,135000.00,'sku-118-37-lv-den',118),(1212,140000.00,'sku-118-38-af1-trang',118),(1213,140000.00,'sku-118-38-af1-nau',118),(1214,140000.00,'sku-118-38-af1-vet-den',118),(1215,140000.00,'sku-118-38-lv-den',118),(1216,144000.00,'sku-118-39-af1-trang',118),(1217,144000.00,'sku-118-39-af1-nau',118),(1218,144000.00,'sku-118-39-af1-vet-den',118),(1219,144000.00,'sku-118-39-lv-den',118),(1220,144000.00,'sku-118-40-af1-trang',118),(1221,144000.00,'sku-118-40-af1-nau',118),(1222,144000.00,'sku-118-40-af1-vet-den',118),(1223,144000.00,'sku-118-40-lv-den',118),(1224,144000.00,'sku-118-41-af1-trang',118),(1225,144000.00,'sku-118-41-af1-nau',118),(1226,144000.00,'sku-118-41-af1-vet-den',118),(1227,144000.00,'sku-118-41-lv-den',118),(1228,144000.00,'sku-118-42-af1-trang',118),(1229,144000.00,'sku-118-42-af1-nau',118),(1230,144000.00,'sku-118-42-af1-vet-den',118),(1231,144000.00,'sku-118-42-lv-den',118),(1232,144000.00,'sku-118-43-af1-trang',118),(1233,144000.00,'sku-118-43-af1-nau',118),(1234,144000.00,'sku-118-43-af1-vet-den',118),(1235,144000.00,'sku-118-43-lv-den',118),(1236,85000.00,'sku-117-trang-s-46kg',117),(1237,85000.00,'sku-117-trang-m-50kg',117),(1238,85000.00,'sku-117-trang-l-55kg',117),(1239,95000.00,'sku-117-trang-xl-58kg',117),(1240,95000.00,'sku-117-trang-xxl-60kg',117),(1241,188000.00,'sku-119-39-kaki',119),(1242,188000.00,'sku-119-39-xam',119),(1243,188000.00,'sku-119-39-den',119),(1244,188000.00,'sku-119-40-kaki',119),(1245,188000.00,'sku-119-40-xam',119),(1246,188000.00,'sku-119-40-den',119),(1247,199000.00,'sku-119-41-kaki',119),(1248,199000.00,'sku-119-41-xam',119),(1249,199000.00,'sku-119-41-den',119),(1253,228000.00,'sku-120-s-be',120),(1254,228000.00,'sku-120-m-be',120),(1255,235000.00,'sku-120-l-be',120),(1256,235000.00,'sku-120-xl-be',120),(1257,205000.00,'sku-121-s-trang',121),(1258,205000.00,'sku-121-m-trang',121),(1259,210000.00,'sku-121-l-trang',121),(1260,210000.00,'sku-121-xl-trang',121),(1261,200000.00,'sku-122-s-xam-trang',122),(1262,200000.00,'sku-122-m-xam-trang',122),(1263,210000.00,'sku-122-x-xam-trang',122),(1264,210000.00,'sku-122-xl-xam-trang',122),(1265,249000.00,'sku-123-s-xanh-ve-chai',123),(1266,249000.00,'sku-123-m-xanh-ve-chai',123),(1267,259000.00,'sku-123-l-xanh-ve-chai',123),(1268,259000.00,'sku-123-xl-xanh-ve-chai',123),(1269,339000.00,'sku-124-s-den',124),(1270,339000.00,'sku-124-m-den',124),(1271,339000.00,'sku-124-l-den',124),(1272,349000.00,'sku-124-xl-den',124),(1273,349000.00,'sku-124-xxl-den',124),(1274,349000.00,'sku-124-3xl-den',124),(1275,339000.00,'sku-125-s-trang',125),(1276,339000.00,'sku-125-m-trang',125),(1277,339000.00,'sku-125-l-trang',125),(1278,349000.00,'sku-125-xl-trang',125),(1279,349000.00,'sku-125-xxl-trang',125),(1280,349000.00,'sku-125-3xl-trang',125),(1281,339000.00,'sku-127-s-xam',127),(1282,339000.00,'sku-127-m-xam',127),(1283,339000.00,'sku-127-l-xam',127),(1284,349000.00,'sku-127-xl-xam',127),(1285,349000.00,'sku-127-xxl-xam',127),(1286,349000.00,'sku-127-3xl-xam',127),(1287,99000.00,'sku-128-s-xam',128),(1288,99000.00,'sku-128-s-den',128),(1289,99000.00,'sku-128-m-xam',128),(1290,99000.00,'sku-128-m-den',128),(1291,99000.00,'sku-128-l-xam',128),(1292,99000.00,'sku-128-l-den',128),(1293,109000.00,'sku-128-xl-xam',128),(1294,109000.00,'sku-128-xl-den',128),(1295,109000.00,'sku-128-xxl-xam',128),(1296,109000.00,'sku-128-xxl-den',128),(1297,89000.00,'sku-129-s-den',129);
/*!40000 ALTER TABLE `product_skus` ENABLE KEYS */;
UNLOCK TABLES;

--
-- Table structure for table `products`
--

DROP TABLE IF EXISTS `products`;
/*!40101 SET @saved_cs_client     = @@character_set_client */;
/*!50503 SET character_set_client = utf8mb4 */;
CREATE TABLE `products` (
  `product_id` bigint NOT NULL AUTO_INCREMENT,
  `created_date` datetime(6) DEFAULT NULL,
  `last_modified_date` datetime(6) DEFAULT NULL,
  `created_by` varchar(255) DEFAULT NULL,
  `description` longtext CHARACTER SET utf8mb4 COLLATE utf8mb4_unicode_ci,
  `favorite_count` int DEFAULT NULL,
  `is_active` bit(1) DEFAULT NULL,
  `is_selling` bit(1) DEFAULT NULL,
  `last_modified_by` varchar(255) DEFAULT NULL,
  `name` varchar(255) NOT NULL,
  `number_of_ratings` int DEFAULT NULL,
  `price` decimal(38,2) DEFAULT NULL,
  `promotional_price` decimal(38,2) DEFAULT NULL,
  `quantity` int DEFAULT NULL,
  `quantity_available` int DEFAULT NULL,
  `rating` float DEFAULT NULL,
  `slug` varchar(255) DEFAULT NULL,
  `sold` int DEFAULT NULL,
  `category_id` bigint DEFAULT NULL,
  `product_cart_adds` int DEFAULT NULL,
  `product_clicks` int DEFAULT NULL,
  `product_views` int DEFAULT NULL,
  `original_price` decimal(38,2) DEFAULT NULL,
  `percent_discount` decimal(38,2) DEFAULT NULL,
  PRIMARY KEY (`product_id`),
  KEY `FKog2rp4qthbtt2lfyhfo32lsw9` (`category_id`),
  CONSTRAINT `FKog2rp4qthbtt2lfyhfo32lsw9` FOREIGN KEY (`category_id`) REFERENCES `categories` (`id`)
) ENGINE=InnoDB AUTO_INCREMENT=130 DEFAULT CHARSET=utf8mb4 COLLATE=utf8mb4_0900_ai_ci;
/*!40101 SET character_set_client = @saved_cs_client */;

--
-- Dumping data for table `products`
--

LOCK TABLES `products` WRITE;
/*!40000 ALTER TABLE `products` DISABLE KEYS */;
INSERT INTO `products` VALUES (33,'2023-11-17 15:23:16.673000','2023-12-16 15:18:48.795124','admin','Tên sản phẩm: Áo khoác thể thao nam nữ cao cấp chất thun dày dặn Thông tin sản phẩm: - Chất thun poly 2 da cao cấp - Đường chỉ may chi tiết và chắc chắn - Logo thêu cực đẹp - Chất vải không xù lông hay ra màu - Kiểu dáng formfit mặc cực đẹp - Túi sâu và có khóa kéo chắc chắn khi để ví tiền hoặc điện thoại Thông tin size: M dưới 63kg L từ 64 - 67kg XL từ 68 - 73kg XXL từ 74- 80kg XXXL trên 80kg Cam kết của shop: - Giá rẻ nhất thị trường - Hình sao hàng vậy - Bao đổi trả nếu không hài lòng về sản phẩm',0,_binary '',_binary '','user','Áo khoác thể thao nam nữ cao cấp chất thun dày dặn',0,129000.00,NULL,100,99,0,'ao-khoac-the-thao-nam-nu-cao-cap-chat-thun-day-dan',1,13,NULL,NULL,NULL,NULL,NULL),(34,'2023-11-17 15:25:42.354000','2024-05-03 11:32:38.741457','admin','Tên sản phẩm: Áo khoác thể thao nam nữ cao cấp chất thun dày dặn Thông tin sản phẩm: - Chất thun poly 2 da cao cấp - Đường chỉ may chi tiết và chắc chắn - Logo thêu cực đẹp - Chất vải không xù lông hay ra màu - Kiểu dáng formfit mặc cực đẹp - Túi sâu và có khóa kéo chắc chắn khi để ví tiền hoặc điện thoại Thông tin size: M dưới 63kg L từ 64 - 67kg XL từ 68 - 73kg XXL từ 74- 80kg XXXL trên 80kg Cam kết của shop: - Giá rẻ nhất thị trường - Hình sao hàng vậy - Bao đổi trả nếu không hài lòng về sản phẩm',1,_binary '',_binary '','user','Áo khoác thể thao nam nữ cao cấp chất thun dày dặn loại 2',3,129000.00,NULL,100,100,4,'ao-khoac-the-thao-nam-nu-cao-cap-chat-thun-day-dan-loai-2',0,13,NULL,NULL,NULL,NULL,NULL),(35,'2023-11-17 15:31:32.845000','2023-12-08 17:48:21.050673','admin','Tên sản phẩm: Áo khoác thể thao nam nữ cao cấp chất thun dày dặn Thông tin sản phẩm: - Chất thun poly 2 da cao cấp - Đường chỉ may chi tiết và chắc chắn - Logo thêu cực đẹp - Chất vải không xù lông hay ra màu - Kiểu dáng formfit mặc cực đẹp - Túi sâu và có khóa kéo chắc chắn khi để ví tiền hoặc điện thoại Thông tin size: M dưới 63kg L từ 64 - 67kg XL từ 68 - 73kg XXL từ 74- 80kg XXXL trên 80kg Cam kết của shop: - Giá rẻ nhất thị trường - Hình sao hàng vậy - Bao đổi trả nếu không hài lòng về sản phẩm',0,_binary '',_binary '\0','user','Áo khoác thể thao nam nữ cao cấp chất thun dày dặn loại 3',1,119000.00,NULL,100,99,1,'ao-khoac-the-thao-nam-nu-cao-cap-chat-thun-day-dan-loai-3',1,13,NULL,NULL,NULL,NULL,NULL),(36,'2023-11-17 15:32:05.030000','2023-12-02 22:41:30.630277','admin','Tên sản phẩm: Áo khoác thể thao nam nữ cao cấp chất thun dày dặn Thông tin sản phẩm: - Chất thun poly 2 da cao cấp - Đường chỉ may chi tiết và chắc chắn - Logo thêu cực đẹp - Chất vải không xù lông hay ra màu - Kiểu dáng formfit mặc cực đẹp - Túi sâu và có khóa kéo chắc chắn khi để ví tiền hoặc điện thoại Thông tin size: M dưới 63kg L từ 64 - 67kg XL từ 68 - 73kg XXL từ 74- 80kg XXXL trên 80kg Cam kết của shop: - Giá rẻ nhất thị trường - Hình sao hàng vậy - Bao đổi trả nếu không hài lòng về sản phẩm',0,_binary '',_binary '\0','admin','Áo khoác thể thao nam nữ cao cấp chất thun dày dặn loại 3',0,119000.00,NULL,150,140,0,'ao-khoac-the-thao-nam-nu-cao-cap-chat-thun-day-dan-loai-3-1',10,13,NULL,NULL,NULL,NULL,NULL),(37,'2023-11-17 15:35:31.601000','2023-12-05 23:15:57.711803','admin','Tên sản phẩm: Áo khoác thể thao nam nữ cao cấp chất thun dày dặn<br>Thông tin sản phẩm:<br>- Chất thun poly 2 da cao cấp<br>- Đường chỉ may chi tiết và chắc chắn<br>- Logo thêu cực đẹp<br>- Chất vải không xù lông hay ra màu<br>- Kiểu dáng formfit mặc cực đẹp<br>- Túi sâu và có khóa kéo chắc chắn khi để ví tiền hoặc điện thoại<br>Thông tin size:<br>M dưới 63kg<br>L từ 64 - 67kg<br>XL từ 68 - 73kg<br>XXL từ 74- 80kg<br>XXXL trên 80kg<br>Cam kết của shop:<br>- Giá rẻ nhất thị trường<br>- Hình sao hàng vậy<br>- Bao đổi trả nếu không hài lòng về sản phẩm',1,_binary '',_binary '','user','Áo khoác thể thao nam nữ cao cấp chất thun dày dặn',0,129000.00,NULL,100,100,0,'ao-khoac-the-thao-nam-nu-cao-cap-chat-thun-day-dan-1',0,13,NULL,NULL,NULL,NULL,NULL),(38,'2023-11-17 15:35:34.561000','2024-04-23 17:31:15.097897','admin','Tên sản phẩm: Áo khoác thể thao nam nữ cao cấp chất thun dày dặn<br>Thông tin sản phẩm:<br>- Chất thun poly 2 da cao cấp<br>- Đường chỉ may chi tiết và chắc chắn<br>- Logo thêu cực đẹp<br>- Chất vải không xù lông hay ra màu<br>- Kiểu dáng formfit mặc cực đẹp<br>- Túi sâu và có khóa kéo chắc chắn khi để ví tiền hoặc điện thoại<br>Thông tin size:<br>M dưới 63kg<br>L từ 64 - 67kg<br>XL từ 68 - 73kg<br>XXL từ 74- 80kg<br>XXXL trên 80kg<br>Cam kết của shop:<br>- Giá rẻ nhất thị trường<br>- Hình sao hàng vậy<br>- Bao đổi trả nếu không hài lòng về sản phẩm',2,_binary '',_binary '','user','Áo khoác thể thao nam nữ cao cấp chất thun dày dặn',1,129000.00,NULL,100,99,4,'ao-khoac-the-thao-nam-nu-cao-cap-chat-thun-day-dan-2',1,13,NULL,NULL,NULL,NULL,NULL),(39,'2023-11-17 15:59:32.476000','2023-11-17 16:06:51.827000','admin','Bảng SIZE: Quần / Áo form châu Âu rộng rộng nhé các cậu\\n(Bảng size mang tính chất tham khảo và phù hợp 80-90% sở thích các cậu ạ. Các bạn muốn chọn size phù hợp có thể xem hình feedback các khách đã mua hoặc inbox cho nhé ^^)\\n-Size S: 35kg-40kg\\n-Size M: từ 40kg-47kg, Cao dưới 1m60\\n-Size L: từ 48kg-55kg , Cao dưới 1m65\\n-Size XL: từ 55-58kg,cao dưới 1m68\\nKhách hàng lưu ý đặt đúng size, khách đặt size nào shop giao đúng size đó trách trường hợp đặt size khác rồi vào báo shop gửi size khác nhé\\nCAM KẾT CHẤT LƯỢNG SẢN PHẨM TÔT NHÁT VỚI GIÁ CẢ HỢP LÝ ! \\nCHÚC QUÝ KHÁCH MUA SẮM VUI VẺ.',0,_binary '\0',_binary '','admin','Áo Khoác HOODIE Nam Nữ UNFL STUDIO Chất Vải Dày Dặn Ấm Áp',0,129000.00,NULL,100,100,0,'ao-khoac-hoodie-nam-nu-unfl-studio-chat-vai-day-dan-am-ap',0,13,NULL,NULL,NULL,NULL,NULL),(40,'2023-11-17 15:59:36.008000','2023-11-17 16:07:00.458000','admin','Bảng SIZE: Quần / Áo form châu Âu rộng rộng nhé các cậu\\n(Bảng size mang tính chất tham khảo và phù hợp 80-90% sở thích các cậu ạ. Các bạn muốn chọn size phù hợp có thể xem hình feedback các khách đã mua hoặc inbox cho nhé ^^)\\n-Size S: 35kg-40kg\\n-Size M: từ 40kg-47kg, Cao dưới 1m60\\n-Size L: từ 48kg-55kg , Cao dưới 1m65\\n-Size XL: từ 55-58kg,cao dưới 1m68\\nKhách hàng lưu ý đặt đúng size, khách đặt size nào shop giao đúng size đó trách trường hợp đặt size khác rồi vào báo shop gửi size khác nhé\\nCAM KẾT CHẤT LƯỢNG SẢN PHẨM TÔT NHÁT VỚI GIÁ CẢ HỢP LÝ ! \\nCHÚC QUÝ KHÁCH MUA SẮM VUI VẺ.',0,_binary '\0',_binary '','admin','Áo Khoác HOODIE Nam Nữ UNFL STUDIO Chất Vải Dày Dặn Ấm Áp',0,129000.00,NULL,100,100,0,'ao-khoac-hoodie-nam-nu-unfl-studio-chat-vai-day-dan-am-ap-1',0,13,NULL,NULL,NULL,NULL,NULL),(41,'2023-11-17 15:59:37.719000','2023-11-17 16:07:03.592000','admin','Bảng SIZE: Quần / Áo form châu Âu rộng rộng nhé các cậu\\n(Bảng size mang tính chất tham khảo và phù hợp 80-90% sở thích các cậu ạ. Các bạn muốn chọn size phù hợp có thể xem hình feedback các khách đã mua hoặc inbox cho nhé ^^)\\n-Size S: 35kg-40kg\\n-Size M: từ 40kg-47kg, Cao dưới 1m60\\n-Size L: từ 48kg-55kg , Cao dưới 1m65\\n-Size XL: từ 55-58kg,cao dưới 1m68\\nKhách hàng lưu ý đặt đúng size, khách đặt size nào shop giao đúng size đó trách trường hợp đặt size khác rồi vào báo shop gửi size khác nhé\\nCAM KẾT CHẤT LƯỢNG SẢN PHẨM TÔT NHÁT VỚI GIÁ CẢ HỢP LÝ ! \\nCHÚC QUÝ KHÁCH MUA SẮM VUI VẺ.',0,_binary '\0',_binary '','admin','Áo Khoác HOODIE Nam Nữ UNFL STUDIO Chất Vải Dày Dặn Ấm Áp',0,129000.00,NULL,100,100,0,'ao-khoac-hoodie-nam-nu-unfl-studio-chat-vai-day-dan-am-ap-2',0,13,NULL,NULL,NULL,NULL,NULL),(42,'2023-11-17 15:59:48.795000','2023-11-17 16:07:07.080000','admin','Bảng SIZE: Quần / Áo form châu Âu rộng rộng nhé các cậu\\n(Bảng size mang tính chất tham khảo và phù hợp 80-90% sở thích các cậu ạ. Các bạn muốn chọn size phù hợp có thể xem hình feedback các khách đã mua hoặc inbox cho nhé ^^)\\n-Size S: 35kg-40kg\\n-Size M: từ 40kg-47kg, Cao dưới 1m60\\n-Size L: từ 48kg-55kg , Cao dưới 1m65\\n-Size XL: từ 55-58kg,cao dưới 1m68\\nKhách hàng lưu ý đặt đúng size, khách đặt size nào shop giao đúng size đó trách trường hợp đặt size khác rồi vào báo shop gửi size khác nhé\\nCAM KẾT CHẤT LƯỢNG SẢN PHẨM TÔT NHÁT VỚI GIÁ CẢ HỢP LÝ ! \\nCHÚC QUÝ KHÁCH MUA SẮM VUI VẺ.',0,_binary '\0',_binary '','admin','Áo Khoác HOODIE Nam Nữ UNFL STUDIO Chất Vải Dày Dặn Ấm Áp loại 2',0,129000.00,NULL,100,100,0,'ao-khoac-hoodie-nam-nu-unfl-studio-chat-vai-day-dan-am-ap-loai-2',0,13,NULL,NULL,NULL,NULL,NULL),(43,'2023-11-17 16:00:40.216000','2023-11-29 14:08:34.662697','admin','Bảng SIZE: Quần / Áo form châu Âu rộng rộng nhé các cậu\\n(Bảng size mang tính chất tham khảo và phù hợp 80-90% sở thích các cậu ạ. Các bạn muốn chọn size phù hợp có thể xem hình feedback các khách đã mua hoặc inbox cho nhé ^^)\\n-Size S: 35kg-40kg\\n-Size M: từ 40kg-47kg, Cao dưới 1m60\\n-Size L: từ 48kg-55kg , Cao dưới 1m65\\n-Size XL: từ 55-58kg,cao dưới 1m68\\nKhách hàng lưu ý đặt đúng size, khách đặt size nào shop giao đúng size đó trách trường hợp đặt size khác rồi vào báo shop gửi size khác nhé\\nCAM KẾT CHẤT LƯỢNG SẢN PHẨM TÔT NHÁT VỚI GIÁ CẢ HỢP LÝ ! \\nCHÚC QUÝ KHÁCH MUA SẮM VUI VẺ.',0,_binary '',_binary '','user','Áo Khoác HOODIE Nam Nữ UNFL STUDIO Chất Vải Dày Dặn Ấm Áp loại 3',2,99000.00,NULL,100,100,3.5,'ao-khoac-hoodie-nam-nu-unfl-studio-chat-vai-day-dan-am-ap-loai-3',0,13,NULL,NULL,NULL,NULL,NULL),(44,'2023-11-17 16:00:41.414000','2024-04-26 18:51:44.334110','admin','Bảng SIZE: Quần / Áo form châu Âu rộng rộng nhé các cậu\\n(Bảng size mang tính chất tham khảo và phù hợp 80-90% sở thích các cậu ạ. Các bạn muốn chọn size phù hợp có thể xem hình feedback các khách đã mua hoặc inbox cho nhé ^^)\\n-Size S: 35kg-40kg\\n-Size M: từ 40kg-47kg, Cao dưới 1m60\\n-Size L: từ 48kg-55kg , Cao dưới 1m65\\n-Size XL: từ 55-58kg,cao dưới 1m68\\nKhách hàng lưu ý đặt đúng size, khách đặt size nào shop giao đúng size đó trách trường hợp đặt size khác rồi vào báo shop gửi size khác nhé\\nCAM KẾT CHẤT LƯỢNG SẢN PHẨM TÔT NHÁT VỚI GIÁ CẢ HỢP LÝ ! \\nCHÚC QUÝ KHÁCH MUA SẮM VUI VẺ.',1,_binary '',_binary '','user','Áo Khoác HOODIE Nam Nữ UNFL STUDIO Chất Vải Dày Dặn Ấm Áp loại 3',1,99000.00,NULL,100,98,5,'ao-khoac-hoodie-nam-nu-unfl-studio-chat-vai-day-dan-am-ap-loai-3-1',2,13,NULL,NULL,NULL,NULL,NULL),(45,'2023-11-17 16:03:41.456000','2023-12-16 15:18:55.335198','admin','Bảng SIZE: Quần / Áo form châu Âu rộng rộng nhé các cậu\\n(Bảng size mang tính chất tham khảo và phù hợp 80-90% sở thích các cậu ạ. Các bạn muốn chọn size phù hợp có thể xem hình feedback các khách đã mua hoặc inbox cho nhé ^^)\\n-Size S: 35kg-40kg\\n-Size M: từ 40kg-47kg, Cao dưới 1m60\\n-Size L: từ 48kg-55kg , Cao dưới 1m65\\n-Size XL: từ 55-58kg,cao dưới 1m68\\nKhách hàng lưu ý đặt đúng size, khách đặt size nào shop giao đúng size đó trách trường hợp đặt size khác rồi vào báo shop gửi size khác nhé\\nCAM KẾT CHẤT LƯỢNG SẢN PHẨM TÔT NHÁT VỚI GIÁ CẢ HỢP LÝ ! \\nCHÚC QUÝ KHÁCH MUA SẮM VUI VẺ.',0,_binary '',_binary '','user','Áo Khoác HOODIE Nam Nữ UNFL STUDIO Chất Vải Dày Dặn Ấm Áp loại 4',7,129000.00,NULL,100,95,4.3,'ao-khoac-hoodie-nam-nu-unfl-studio-chat-vai-day-dan-am-ap-loai-4',5,13,NULL,NULL,NULL,NULL,NULL),(46,'2023-11-17 16:04:27.858000','2023-11-24 17:32:13.947000','admin','Bảng SIZE: Quần / Áo form châu Âu rộng rộng nhé các cậu\\n(Bảng size mang tính chất tham khảo và phù hợp 80-90% sở thích các cậu ạ. Các bạn muốn chọn size phù hợp có thể xem hình feedback các khách đã mua hoặc inbox cho nhé ^^)\\n-Size S: 35kg-40kg\\n-Size M: từ 40kg-47kg, Cao dưới 1m60\\n-Size L: từ 48kg-55kg , Cao dưới 1m65\\n-Size XL: từ 55-58kg,cao dưới 1m68\\nKhách hàng lưu ý đặt đúng size, khách đặt size nào shop giao đúng size đó trách trường hợp đặt size khác rồi vào báo shop gửi size khác nhé\\nCAM KẾT CHẤT LƯỢNG SẢN PHẨM TÔT NHÁT VỚI GIÁ CẢ HỢP LÝ ! \\nCHÚC QUÝ KHÁCH MUA SẮM VUI VẺ.',6,_binary '',_binary '','admin','Áo Khoác HOODIE Nam Nữ UNFL STUDIO Chất Vải Dày Dặn Ấm Áp loại 4',0,99000.00,NULL,100,100,0,'ao-khoac-hoodie-nam-nu-unfl-studio-chat-vai-day-dan-am-ap-loai-4-1',0,13,NULL,NULL,NULL,NULL,NULL),(47,'2023-11-17 16:04:39.968000','2024-04-23 17:46:20.129009','admin','Bảng SIZE: Quần / Áo form châu Âu rộng rộng nhé các cậu\\n(Bảng size mang tính chất tham khảo và phù hợp 80-90% sở thích các cậu ạ. Các bạn muốn chọn size phù hợp có thể xem hình feedback các khách đã mua hoặc inbox cho nhé ^^)\\n-Size S: 35kg-40kg\\n-Size M: từ 40kg-47kg, Cao dưới 1m60\\n-Size L: từ 48kg-55kg , Cao dưới 1m65\\n-Size XL: từ 55-58kg,cao dưới 1m68\\nKhách hàng lưu ý đặt đúng size, khách đặt size nào shop giao đúng size đó trách trường hợp đặt size khác rồi vào báo shop gửi size khác nhé\\nCAM KẾT CHẤT LƯỢNG SẢN PHẨM TÔT NHÁT VỚI GIÁ CẢ HỢP LÝ ! \\nCHÚC QUÝ KHÁCH MUA SẮM VUI VẺ.',0,_binary '',_binary '','user','Áo Khoác HOODIE Nam Nữ UNFL STUDIO Chất Vải Dày Dặn Ấm Áp loại 4',0,99000.00,NULL,100,99,0,'ao-khoac-hoodie-nam-nu-unfl-studio-chat-vai-day-dan-am-ap-loai-4-2',1,13,NULL,NULL,NULL,NULL,NULL),(48,'2023-11-17 16:04:41.144000','2023-11-17 16:04:41.144000','admin','Bảng SIZE: Quần / Áo form châu Âu rộng rộng nhé các cậu\\n(Bảng size mang tính chất tham khảo và phù hợp 80-90% sở thích các cậu ạ. Các bạn muốn chọn size phù hợp có thể xem hình feedback các khách đã mua hoặc inbox cho nhé ^^)\\n-Size S: 35kg-40kg\\n-Size M: từ 40kg-47kg, Cao dưới 1m60\\n-Size L: từ 48kg-55kg , Cao dưới 1m65\\n-Size XL: từ 55-58kg,cao dưới 1m68\\nKhách hàng lưu ý đặt đúng size, khách đặt size nào shop giao đúng size đó trách trường hợp đặt size khác rồi vào báo shop gửi size khác nhé\\nCAM KẾT CHẤT LƯỢNG SẢN PHẨM TÔT NHÁT VỚI GIÁ CẢ HỢP LÝ ! \\nCHÚC QUÝ KHÁCH MUA SẮM VUI VẺ.',0,_binary '',_binary '','admin','Áo Khoác HOODIE Nam Nữ UNFL STUDIO Chất Vải Dày Dặn Ấm Áp loại 4',0,99000.00,NULL,100,100,0,'ao-khoac-hoodie-nam-nu-unfl-studio-chat-vai-day-dan-am-ap-loai-4-3',0,13,NULL,NULL,NULL,NULL,NULL),(51,'2023-11-17 16:23:44.297000','2023-12-30 15:16:57.327584','admin','THÔNG TIN SẢN PHẨM\\n \\n Áo khoác kaki sơ mi tay lỡ vải mềm mịn\\n \\n Chất liệu: vải KAKI mềm mịn ko xù lông, không ra màu.\\n \\n Màu sắc: đen, hồng,trắng\\n \\n Đổi trả hàng nếu k hài lòng\\n \\n Thích hợp mặc trong trong nhà , chơi thể thao vv.....\\n \\n Hàng bên shop em bán là loại 1 nhé khách,nên đừng so sánh giá rẻ hơn 5-10k mà chất lượng k đẹp thì cũng vậy,đừng tiếc vài đồng mà mua chiếc áo về mình thấy k hài lòng nhé. .\\n \\n Shop Bao giá và chất lượng. Uy tín để lên hàng đầu nên khách yên tâm nhé!\\n \\n CÁCH CHỌN SIZE\\n \\n ➡Size M : Từ 45_55kg\\n ➡Size L : Từ 55_65kg\\n ➡Size XL : Từ 65_75kg\\n \\n ➡HƯỚNG DẪN ĐẶT HÀNG\\n \\n - Bước 1 : Click sản phẩm chọn mua ngay ,chọn loại hàng --) size . Cho sp vào giỏ hàng.\\n \\n - Bước 2 : vào giỏ hàng đặt hàng. Điền thông tin, địa chỉ ,sdt .... hoàn thành 4 bước cho tới khi hoàn thành 1 đơn hàng.\\n \\n ➡ CAM KẾT TỪ SHOP\\n \\n - 100% Hình ảnh là chụp thật từ áo thật\\n \\n - Giao hàng đúng mẫu mã, size màu khách đặt.\\n \\n - Tất cả sản phẩm giao hàng trước khi thanh toán\\n \\n - Khi Đổi size quý khách vui lòng gửi hàng qua bưu điện về địa chỉ shop kèm giấy ghi chú đổi sang size màu gì dùm shop , shop sẽ xử lý sớm giúp bạn.\\n \\n * Lưu ý: chat với shop trước khi đặt hàng để chọn size và màu cho chính xác và dc hỗ trợ tốt nhất có thể nhé.\\n',1,_binary '',_binary '','user10','Áo khoác kaki sơ mi nam nữ tay lỡ FORM RỘNG vải mềm mịn form 45-85kg',0,129000.00,NULL,100,100,0,'ao-khoac-kaki-so-mi-nam-nu-tay-lo-form-rong-vai-mem-min-form-45-85kg',0,13,NULL,NULL,NULL,NULL,NULL),(52,'2023-11-17 16:23:47.391000','2023-11-17 16:23:47.391000','admin','THÔNG TIN SẢN PHẨM\\n \\n Áo khoác kaki sơ mi tay lỡ vải mềm mịn\\n \\n Chất liệu: vải KAKI mềm mịn ko xù lông, không ra màu.\\n \\n Màu sắc: đen, hồng,trắng\\n \\n Đổi trả hàng nếu k hài lòng\\n \\n Thích hợp mặc trong trong nhà , chơi thể thao vv.....\\n \\n Hàng bên shop em bán là loại 1 nhé khách,nên đừng so sánh giá rẻ hơn 5-10k mà chất lượng k đẹp thì cũng vậy,đừng tiếc vài đồng mà mua chiếc áo về mình thấy k hài lòng nhé. .\\n \\n Shop Bao giá và chất lượng. Uy tín để lên hàng đầu nên khách yên tâm nhé!\\n \\n CÁCH CHỌN SIZE\\n \\n ➡Size M : Từ 45_55kg\\n ➡Size L : Từ 55_65kg\\n ➡Size XL : Từ 65_75kg\\n \\n ➡HƯỚNG DẪN ĐẶT HÀNG\\n \\n - Bước 1 : Click sản phẩm chọn mua ngay ,chọn loại hàng --) size . Cho sp vào giỏ hàng.\\n \\n - Bước 2 : vào giỏ hàng đặt hàng. Điền thông tin, địa chỉ ,sdt .... hoàn thành 4 bước cho tới khi hoàn thành 1 đơn hàng.\\n \\n ➡ CAM KẾT TỪ SHOP\\n \\n - 100% Hình ảnh là chụp thật từ áo thật\\n \\n - Giao hàng đúng mẫu mã, size màu khách đặt.\\n \\n - Tất cả sản phẩm giao hàng trước khi thanh toán\\n \\n - Khi Đổi size quý khách vui lòng gửi hàng qua bưu điện về địa chỉ shop kèm giấy ghi chú đổi sang size màu gì dùm shop , shop sẽ xử lý sớm giúp bạn.\\n \\n * Lưu ý: chat với shop trước khi đặt hàng để chọn size và màu cho chính xác và dc hỗ trợ tốt nhất có thể nhé.\\n',4,_binary '',_binary '','admin','Áo khoác kaki sơ mi nam nữ tay lỡ FORM RỘNG vải mềm mịn form 45-85kg',0,129000.00,NULL,100,100,0,'ao-khoac-kaki-so-mi-nam-nu-tay-lo-form-rong-vai-mem-min-form-45-85kg-1',0,13,NULL,NULL,NULL,NULL,NULL),(53,'2023-11-17 16:24:06.124000','2023-12-02 23:46:27.958341','admin','THÔNG TIN SẢN PHẨM\\n \\n Áo khoác kaki sơ mi tay lỡ vải mềm mịn\\n \\n Chất liệu: vải KAKI mềm mịn ko xù lông, không ra màu.\\n \\n Màu sắc: đen, hồng,trắng\\n \\n Đổi trả hàng nếu k hài lòng\\n \\n Thích hợp mặc trong trong nhà , chơi thể thao vv.....\\n \\n Hàng bên shop em bán là loại 1 nhé khách,nên đừng so sánh giá rẻ hơn 5-10k mà chất lượng k đẹp thì cũng vậy,đừng tiếc vài đồng mà mua chiếc áo về mình thấy k hài lòng nhé. .\\n \\n Shop Bao giá và chất lượng. Uy tín để lên hàng đầu nên khách yên tâm nhé!\\n \\n CÁCH CHỌN SIZE\\n \\n ➡Size M : Từ 45_55kg\\n ➡Size L : Từ 55_65kg\\n ➡Size XL : Từ 65_75kg\\n \\n ➡HƯỚNG DẪN ĐẶT HÀNG\\n \\n - Bước 1 : Click sản phẩm chọn mua ngay ,chọn loại hàng --) size . Cho sp vào giỏ hàng.\\n \\n - Bước 2 : vào giỏ hàng đặt hàng. Điền thông tin, địa chỉ ,sdt .... hoàn thành 4 bước cho tới khi hoàn thành 1 đơn hàng.\\n \\n ➡ CAM KẾT TỪ SHOP\\n \\n - 100% Hình ảnh là chụp thật từ áo thật\\n \\n - Giao hàng đúng mẫu mã, size màu khách đặt.\\n \\n - Tất cả sản phẩm giao hàng trước khi thanh toán\\n \\n - Khi Đổi size quý khách vui lòng gửi hàng qua bưu điện về địa chỉ shop kèm giấy ghi chú đổi sang size màu gì dùm shop , shop sẽ xử lý sớm giúp bạn.\\n \\n * Lưu ý: chat với shop trước khi đặt hàng để chọn size và màu cho chính xác và dc hỗ trợ tốt nhất có thể nhé.\\n',0,_binary '',_binary '','user','Áo khoác kaki sơ mi nam nữ tay lỡ FORM RỘNG vải mềm mịn form 45-85kg loại 2',0,149000.00,NULL,100,100,0,'ao-khoac-kaki-so-mi-nam-nu-tay-lo-form-rong-vai-mem-min-form-45-85kg-loai-2',0,13,NULL,NULL,NULL,NULL,NULL),(54,'2023-11-17 16:24:38.779000','2023-12-16 15:18:51.640891','admin','THÔNG TIN SẢN PHẨM\\n \\n Áo khoác kaki sơ mi tay lỡ vải mềm mịn\\n \\n Chất liệu: vải KAKI mềm mịn ko xù lông, không ra màu.\\n \\n Màu sắc: đen, hồng,trắng\\n \\n Đổi trả hàng nếu k hài lòng\\n \\n Thích hợp mặc trong trong nhà , chơi thể thao vv.....\\n \\n Hàng bên shop em bán là loại 1 nhé khách,nên đừng so sánh giá rẻ hơn 5-10k mà chất lượng k đẹp thì cũng vậy,đừng tiếc vài đồng mà mua chiếc áo về mình thấy k hài lòng nhé. .\\n \\n Shop Bao giá và chất lượng. Uy tín để lên hàng đầu nên khách yên tâm nhé!\\n \\n CÁCH CHỌN SIZE\\n \\n ➡Size M : Từ 45_55kg\\n ➡Size L : Từ 55_65kg\\n ➡Size XL : Từ 65_75kg\\n \\n ➡HƯỚNG DẪN ĐẶT HÀNG\\n \\n - Bước 1 : Click sản phẩm chọn mua ngay ,chọn loại hàng --) size . Cho sp vào giỏ hàng.\\n \\n - Bước 2 : vào giỏ hàng đặt hàng. Điền thông tin, địa chỉ ,sdt .... hoàn thành 4 bước cho tới khi hoàn thành 1 đơn hàng.\\n \\n ➡ CAM KẾT TỪ SHOP\\n \\n - 100% Hình ảnh là chụp thật từ áo thật\\n \\n - Giao hàng đúng mẫu mã, size màu khách đặt.\\n \\n - Tất cả sản phẩm giao hàng trước khi thanh toán\\n \\n - Khi Đổi size quý khách vui lòng gửi hàng qua bưu điện về địa chỉ shop kèm giấy ghi chú đổi sang size màu gì dùm shop , shop sẽ xử lý sớm giúp bạn.\\n \\n * Lưu ý: chat với shop trước khi đặt hàng để chọn size và màu cho chính xác và dc hỗ trợ tốt nhất có thể nhé.\\n',0,_binary '',_binary '','user','Áo khoác kaki sơ mi nam nữ tay lỡ FORM RỘNG vải mềm mịn form 45-85kg loại 2',1,149000.00,NULL,100,99,5,'ao-khoac-kaki-so-mi-nam-nu-tay-lo-form-rong-vai-mem-min-form-45-85kg-loai-2-1',1,13,NULL,NULL,NULL,NULL,NULL),(55,'2023-11-17 16:24:47.881000','2023-11-17 16:24:47.881000','admin','THÔNG TIN SẢN PHẨM\\n \\n Áo khoác kaki sơ mi tay lỡ vải mềm mịn\\n \\n Chất liệu: vải KAKI mềm mịn ko xù lông, không ra màu.\\n \\n Màu sắc: đen, hồng,trắng\\n \\n Đổi trả hàng nếu k hài lòng\\n \\n Thích hợp mặc trong trong nhà , chơi thể thao vv.....\\n \\n Hàng bên shop em bán là loại 1 nhé khách,nên đừng so sánh giá rẻ hơn 5-10k mà chất lượng k đẹp thì cũng vậy,đừng tiếc vài đồng mà mua chiếc áo về mình thấy k hài lòng nhé. .\\n \\n Shop Bao giá và chất lượng. Uy tín để lên hàng đầu nên khách yên tâm nhé!\\n \\n CÁCH CHỌN SIZE\\n \\n ➡Size M : Từ 45_55kg\\n ➡Size L : Từ 55_65kg\\n ➡Size XL : Từ 65_75kg\\n \\n ➡HƯỚNG DẪN ĐẶT HÀNG\\n \\n - Bước 1 : Click sản phẩm chọn mua ngay ,chọn loại hàng --) size . Cho sp vào giỏ hàng.\\n \\n - Bước 2 : vào giỏ hàng đặt hàng. Điền thông tin, địa chỉ ,sdt .... hoàn thành 4 bước cho tới khi hoàn thành 1 đơn hàng.\\n \\n ➡ CAM KẾT TỪ SHOP\\n \\n - 100% Hình ảnh là chụp thật từ áo thật\\n \\n - Giao hàng đúng mẫu mã, size màu khách đặt.\\n \\n - Tất cả sản phẩm giao hàng trước khi thanh toán\\n \\n - Khi Đổi size quý khách vui lòng gửi hàng qua bưu điện về địa chỉ shop kèm giấy ghi chú đổi sang size màu gì dùm shop , shop sẽ xử lý sớm giúp bạn.\\n \\n * Lưu ý: chat với shop trước khi đặt hàng để chọn size và màu cho chính xác và dc hỗ trợ tốt nhất có thể nhé.\\n',0,_binary '',_binary '','admin','Áo khoác kaki sơ mi nam nữ tay lỡ FORM RỘNG vải mềm mịn form 45-85kg loại 2',0,149000.00,NULL,100,100,0,'ao-khoac-kaki-so-mi-nam-nu-tay-lo-form-rong-vai-mem-min-form-45-85kg-loai-2-2',0,13,NULL,NULL,NULL,NULL,NULL),(56,'2023-11-17 16:24:50.249000','2023-12-08 18:04:35.928581','admin','THÔNG TIN SẢN PHẨM\\n \\n Áo khoác kaki sơ mi tay lỡ vải mềm mịn\\n \\n Chất liệu: vải KAKI mềm mịn ko xù lông, không ra màu.\\n \\n Màu sắc: đen, hồng,trắng\\n \\n Đổi trả hàng nếu k hài lòng\\n \\n Thích hợp mặc trong trong nhà , chơi thể thao vv.....\\n \\n Hàng bên shop em bán là loại 1 nhé khách,nên đừng so sánh giá rẻ hơn 5-10k mà chất lượng k đẹp thì cũng vậy,đừng tiếc vài đồng mà mua chiếc áo về mình thấy k hài lòng nhé. .\\n \\n Shop Bao giá và chất lượng. Uy tín để lên hàng đầu nên khách yên tâm nhé!\\n \\n CÁCH CHỌN SIZE\\n \\n ➡Size M : Từ 45_55kg\\n ➡Size L : Từ 55_65kg\\n ➡Size XL : Từ 65_75kg\\n \\n ➡HƯỚNG DẪN ĐẶT HÀNG\\n \\n - Bước 1 : Click sản phẩm chọn mua ngay ,chọn loại hàng --) size . Cho sp vào giỏ hàng.\\n \\n - Bước 2 : vào giỏ hàng đặt hàng. Điền thông tin, địa chỉ ,sdt .... hoàn thành 4 bước cho tới khi hoàn thành 1 đơn hàng.\\n \\n ➡ CAM KẾT TỪ SHOP\\n \\n - 100% Hình ảnh là chụp thật từ áo thật\\n \\n - Giao hàng đúng mẫu mã, size màu khách đặt.\\n \\n - Tất cả sản phẩm giao hàng trước khi thanh toán\\n \\n - Khi Đổi size quý khách vui lòng gửi hàng qua bưu điện về địa chỉ shop kèm giấy ghi chú đổi sang size màu gì dùm shop , shop sẽ xử lý sớm giúp bạn.\\n \\n * Lưu ý: chat với shop trước khi đặt hàng để chọn size và màu cho chính xác và dc hỗ trợ tốt nhất có thể nhé.\\n',0,_binary '',_binary '','user','Áo khoác kaki sơ mi nam nữ tay lỡ FORM RỘNG vải mềm mịn form 45-85kg loại 2',1,159000.00,NULL,1000,1000,5,'ao-khoac-kaki-so-mi-nam-nu-tay-lo-form-rong-vai-mem-min-form-45-85kg-loai-2-7',0,13,NULL,NULL,NULL,NULL,NULL),(57,'2023-11-17 16:24:55.468000','2023-11-22 16:45:13.974000','admin','THÔNG TIN SẢN PHẨM\\n \\n Áo khoác kaki sơ mi tay lỡ vải mềm mịn\\n \\n Chất liệu: vải KAKI mềm mịn ko xù lông, không ra màu.\\n \\n Màu sắc: đen, hồng,trắng\\n \\n Đổi trả hàng nếu k hài lòng\\n \\n Thích hợp mặc trong trong nhà , chơi thể thao vv.....\\n \\n Hàng bên shop em bán là loại 1 nhé khách,nên đừng so sánh giá rẻ hơn 5-10k mà chất lượng k đẹp thì cũng vậy,đừng tiếc vài đồng mà mua chiếc áo về mình thấy k hài lòng nhé. .\\n \\n Shop Bao giá và chất lượng. Uy tín để lên hàng đầu nên khách yên tâm nhé!\\n \\n CÁCH CHỌN SIZE\\n \\n ➡Size M : Từ 45_55kg\\n ➡Size L : Từ 55_65kg\\n ➡Size XL : Từ 65_75kg\\n \\n ➡HƯỚNG DẪN ĐẶT HÀNG\\n \\n - Bước 1 : Click sản phẩm chọn mua ngay ,chọn loại hàng --) size . Cho sp vào giỏ hàng.\\n \\n - Bước 2 : vào giỏ hàng đặt hàng. Điền thông tin, địa chỉ ,sdt .... hoàn thành 4 bước cho tới khi hoàn thành 1 đơn hàng.\\n \\n ➡ CAM KẾT TỪ SHOP\\n \\n - 100% Hình ảnh là chụp thật từ áo thật\\n \\n - Giao hàng đúng mẫu mã, size màu khách đặt.\\n \\n - Tất cả sản phẩm giao hàng trước khi thanh toán\\n \\n - Khi Đổi size quý khách vui lòng gửi hàng qua bưu điện về địa chỉ shop kèm giấy ghi chú đổi sang size màu gì dùm shop , shop sẽ xử lý sớm giúp bạn.\\n \\n * Lưu ý: chat với shop trước khi đặt hàng để chọn size và màu cho chính xác và dc hỗ trợ tốt nhất có thể nhé.\\n',0,_binary '',_binary '','user','Áo khoác kaki sơ mi nam nữ tay lỡ FORM RỘNG vải mềm mịn form 45-85kg loại 2',0,139000.00,NULL,100,100,0,'ao-khoac-kaki-so-mi-nam-nu-tay-lo-form-rong-vai-mem-min-form-45-85kg-loai-2-4',0,13,NULL,NULL,NULL,NULL,NULL),(58,'2023-11-17 16:25:15.560000','2023-12-02 23:43:45.568918','admin','THÔNG TIN SẢN PHẨM\\n \\n Áo khoác kaki sơ mi tay lỡ vải mềm mịn\\n \\n Chất liệu: vải KAKI mềm mịn ko xù lông, không ra màu.\\n \\n Màu sắc: đen, hồng,trắng\\n \\n Đổi trả hàng nếu k hài lòng\\n \\n Thích hợp mặc trong trong nhà , chơi thể thao vv.....\\n \\n Hàng bên shop em bán là loại 1 nhé khách,nên đừng so sánh giá rẻ hơn 5-10k mà chất lượng k đẹp thì cũng vậy,đừng tiếc vài đồng mà mua chiếc áo về mình thấy k hài lòng nhé. .\\n \\n Shop Bao giá và chất lượng. Uy tín để lên hàng đầu nên khách yên tâm nhé!\\n \\n CÁCH CHỌN SIZE\\n \\n ➡Size M : Từ 45_55kg\\n ➡Size L : Từ 55_65kg\\n ➡Size XL : Từ 65_75kg\\n \\n ➡HƯỚNG DẪN ĐẶT HÀNG\\n \\n - Bước 1 : Click sản phẩm chọn mua ngay ,chọn loại hàng --) size . Cho sp vào giỏ hàng.\\n \\n - Bước 2 : vào giỏ hàng đặt hàng. Điền thông tin, địa chỉ ,sdt .... hoàn thành 4 bước cho tới khi hoàn thành 1 đơn hàng.\\n \\n ➡ CAM KẾT TỪ SHOP\\n \\n - 100% Hình ảnh là chụp thật từ áo thật\\n \\n - Giao hàng đúng mẫu mã, size màu khách đặt.\\n \\n - Tất cả sản phẩm giao hàng trước khi thanh toán\\n \\n - Khi Đổi size quý khách vui lòng gửi hàng qua bưu điện về địa chỉ shop kèm giấy ghi chú đổi sang size màu gì dùm shop , shop sẽ xử lý sớm giúp bạn.\\n \\n * Lưu ý: chat với shop trước khi đặt hàng để chọn size và màu cho chính xác và dc hỗ trợ tốt nhất có thể nhé.\\n',2,_binary '',_binary '','user','Áo khoác kaki sơ mi nam nữ tay lỡ FORM RỘNG vải mềm mịn form 45-85kg loại 2',0,159000.00,NULL,100,100,0,'ao-khoac-kaki-so-mi-nam-nu-tay-lo-form-rong-vai-mem-min-form-45-85kg-loai-2-5',0,13,NULL,NULL,NULL,NULL,NULL),(59,'2023-11-17 16:25:16.687000','2023-12-02 23:39:14.376894','admin','THÔNG TIN SẢN PHẨM\\n \\n Áo khoác kaki sơ mi tay lỡ vải mềm mịn\\n \\n Chất liệu: vải KAKI mềm mịn ko xù lông, không ra màu.\\n \\n Màu sắc: đen, hồng,trắng\\n \\n Đổi trả hàng nếu k hài lòng\\n \\n Thích hợp mặc trong trong nhà , chơi thể thao vv.....\\n \\n Hàng bên shop em bán là loại 1 nhé khách,nên đừng so sánh giá rẻ hơn 5-10k mà chất lượng k đẹp thì cũng vậy,đừng tiếc vài đồng mà mua chiếc áo về mình thấy k hài lòng nhé. .\\n \\n Shop Bao giá và chất lượng. Uy tín để lên hàng đầu nên khách yên tâm nhé!\\n \\n CÁCH CHỌN SIZE\\n \\n ➡Size M : Từ 45_55kg\\n ➡Size L : Từ 55_65kg\\n ➡Size XL : Từ 65_75kg\\n \\n ➡HƯỚNG DẪN ĐẶT HÀNG\\n \\n - Bước 1 : Click sản phẩm chọn mua ngay ,chọn loại hàng --) size . Cho sp vào giỏ hàng.\\n \\n - Bước 2 : vào giỏ hàng đặt hàng. Điền thông tin, địa chỉ ,sdt .... hoàn thành 4 bước cho tới khi hoàn thành 1 đơn hàng.\\n \\n ➡ CAM KẾT TỪ SHOP\\n \\n - 100% Hình ảnh là chụp thật từ áo thật\\n \\n - Giao hàng đúng mẫu mã, size màu khách đặt.\\n \\n - Tất cả sản phẩm giao hàng trước khi thanh toán\\n \\n - Khi Đổi size quý khách vui lòng gửi hàng qua bưu điện về địa chỉ shop kèm giấy ghi chú đổi sang size màu gì dùm shop , shop sẽ xử lý sớm giúp bạn.\\n \\n * Lưu ý: chat với shop trước khi đặt hàng để chọn size và màu cho chính xác và dc hỗ trợ tốt nhất có thể nhé.\\n',2,_binary '',_binary '','user','Áo khoác kaki sơ mi nam nữ tay lỡ FORM RỘNG vải mềm mịn form 45-85kg loại 2',0,159000.00,NULL,100,100,0,'ao-khoac-kaki-so-mi-nam-nu-tay-lo-form-rong-vai-mem-min-form-45-85kg-loai-2-6',0,13,NULL,NULL,NULL,NULL,NULL),(60,'2023-11-17 16:34:05.476000','2023-12-01 16:27:34.023264','admin','THÔNG TIN SẢN PHẨM\\n \\n Áo khoác kaki sơ mi tay lỡ vải mềm mịn\\n \\n Chất liệu: vải KAKI mềm mịn ko xù lông, không ra màu.\\n \\n Màu sắc: đen, hồng,trắng\\n \\n Đổi trả hàng nếu k hài lòng\\n \\n Thích hợp mặc trong trong nhà , chơi thể thao vv.....\\n \\n Hàng bên shop em bán là loại 1 nhé khách,nên đừng so sánh giá rẻ hơn 5-10k mà chất lượng k đẹp thì cũng vậy,đừng tiếc vài đồng mà mua chiếc áo về mình thấy k hài lòng nhé. .\\n \\n Shop Bao giá và chất lượng. Uy tín để lên hàng đầu nên khách yên tâm nhé!\\n \\n CÁCH CHỌN SIZE\\n \\n ➡Size M : Từ 45_55kg\\n ➡Size L : Từ 55_65kg\\n ➡Size XL : Từ 65_75kg\\n \\n ➡HƯỚNG DẪN ĐẶT HÀNG\\n \\n - Bước 1 : Click sản phẩm chọn mua ngay ,chọn loại hàng --) size . Cho sp vào giỏ hàng.\\n \\n - Bước 2 : vào giỏ hàng đặt hàng. Điền thông tin, địa chỉ ,sdt .... hoàn thành 4 bước cho tới khi hoàn thành 1 đơn hàng.\\n \\n ➡ CAM KẾT TỪ SHOP\\n \\n - 100% Hình ảnh là chụp thật từ áo thật\\n \\n - Giao hàng đúng mẫu mã, size màu khách đặt.\\n \\n - Tất cả sản phẩm giao hàng trước khi thanh toán\\n \\n - Khi Đổi size quý khách vui lòng gửi hàng qua bưu điện về địa chỉ shop kèm giấy ghi chú đổi sang size màu gì dùm shop , shop sẽ xử lý sớm giúp bạn.\\n \\n * Lưu ý: chat với shop trước khi đặt hàng để chọn size và màu cho chính xác và dc hỗ trợ tốt nhất có thể nhé.\\n',0,_binary '',_binary '','admin','Quần Baggy Jean nam phom suông rộng, quần bò nam dáng ống đứng, cam kết Giặt không phai màu - HÀNG CAO CẤP LOẠI 1',0,139000.00,NULL,100,100,0,'quan-baggy-jean-nam-phom-suong-rong-quan-bo-nam-dang-ong-ung-cam-ket-giat-khong-phai-mau-hang-cao-cap-loai-1-17',0,15,NULL,NULL,NULL,NULL,NULL),(61,'2023-11-17 16:34:08.381000','2024-04-23 17:31:15.062895','admin','THÔNG TIN SẢN PHẨM\\n \\n Áo khoác kaki sơ mi tay lỡ vải mềm mịn\\n \\n Chất liệu: vải KAKI mềm mịn ko xù lông, không ra màu.\\n \\n Màu sắc: đen, hồng,trắng\\n \\n Đổi trả hàng nếu k hài lòng\\n \\n Thích hợp mặc trong trong nhà , chơi thể thao vv.....\\n \\n Hàng bên shop em bán là loại 1 nhé khách,nên đừng so sánh giá rẻ hơn 5-10k mà chất lượng k đẹp thì cũng vậy,đừng tiếc vài đồng mà mua chiếc áo về mình thấy k hài lòng nhé. .\\n \\n Shop Bao giá và chất lượng. Uy tín để lên hàng đầu nên khách yên tâm nhé!\\n \\n CÁCH CHỌN SIZE\\n \\n ➡Size M : Từ 45_55kg\\n ➡Size L : Từ 55_65kg\\n ➡Size XL : Từ 65_75kg\\n \\n ➡HƯỚNG DẪN ĐẶT HÀNG\\n \\n - Bước 1 : Click sản phẩm chọn mua ngay ,chọn loại hàng --) size . Cho sp vào giỏ hàng.\\n \\n - Bước 2 : vào giỏ hàng đặt hàng. Điền thông tin, địa chỉ ,sdt .... hoàn thành 4 bước cho tới khi hoàn thành 1 đơn hàng.\\n \\n ➡ CAM KẾT TỪ SHOP\\n \\n - 100% Hình ảnh là chụp thật từ áo thật\\n \\n - Giao hàng đúng mẫu mã, size màu khách đặt.\\n \\n - Tất cả sản phẩm giao hàng trước khi thanh toán\\n \\n - Khi Đổi size quý khách vui lòng gửi hàng qua bưu điện về địa chỉ shop kèm giấy ghi chú đổi sang size màu gì dùm shop , shop sẽ xử lý sớm giúp bạn.\\n \\n * Lưu ý: chat với shop trước khi đặt hàng để chọn size và màu cho chính xác và dc hỗ trợ tốt nhất có thể nhé.\\n',1,_binary '',_binary '','user','Quần Baggy Jean nam phom suông rộng, quần bò nam dáng ống đứng, cam kết Giặt không phai màu - HÀNG CAO CẤP LOẠI 1',0,139000.00,NULL,100,97,0,'quan-baggy-jean-nam-phom-suong-rong-quan-bo-nam-dang-ong-ung-cam-ket-giat-khong-phai-mau-hang-cao-cap-loai-1-1',3,15,NULL,NULL,NULL,NULL,NULL),(62,'2023-11-17 16:34:10.073000','2023-11-17 16:34:10.073000','admin','THÔNG TIN SẢN PHẨM\\n \\n Áo khoác kaki sơ mi tay lỡ vải mềm mịn\\n \\n Chất liệu: vải KAKI mềm mịn ko xù lông, không ra màu.\\n \\n Màu sắc: đen, hồng,trắng\\n \\n Đổi trả hàng nếu k hài lòng\\n \\n Thích hợp mặc trong trong nhà , chơi thể thao vv.....\\n \\n Hàng bên shop em bán là loại 1 nhé khách,nên đừng so sánh giá rẻ hơn 5-10k mà chất lượng k đẹp thì cũng vậy,đừng tiếc vài đồng mà mua chiếc áo về mình thấy k hài lòng nhé. .\\n \\n Shop Bao giá và chất lượng. Uy tín để lên hàng đầu nên khách yên tâm nhé!\\n \\n CÁCH CHỌN SIZE\\n \\n ➡Size M : Từ 45_55kg\\n ➡Size L : Từ 55_65kg\\n ➡Size XL : Từ 65_75kg\\n \\n ➡HƯỚNG DẪN ĐẶT HÀNG\\n \\n - Bước 1 : Click sản phẩm chọn mua ngay ,chọn loại hàng --) size . Cho sp vào giỏ hàng.\\n \\n - Bước 2 : vào giỏ hàng đặt hàng. Điền thông tin, địa chỉ ,sdt .... hoàn thành 4 bước cho tới khi hoàn thành 1 đơn hàng.\\n \\n ➡ CAM KẾT TỪ SHOP\\n \\n - 100% Hình ảnh là chụp thật từ áo thật\\n \\n - Giao hàng đúng mẫu mã, size màu khách đặt.\\n \\n - Tất cả sản phẩm giao hàng trước khi thanh toán\\n \\n - Khi Đổi size quý khách vui lòng gửi hàng qua bưu điện về địa chỉ shop kèm giấy ghi chú đổi sang size màu gì dùm shop , shop sẽ xử lý sớm giúp bạn.\\n \\n * Lưu ý: chat với shop trước khi đặt hàng để chọn size và màu cho chính xác và dc hỗ trợ tốt nhất có thể nhé.\\n',0,_binary '',_binary '','admin','Quần Baggy Jean nam phom suông rộng, quần bò nam dáng ống đứng, cam kết Giặt không phai màu - HÀNG CAO CẤP LOẠI 1',0,139000.00,NULL,100,100,0,'quan-baggy-jean-nam-phom-suong-rong-quan-bo-nam-dang-ong-ung-cam-ket-giat-khong-phai-mau-hang-cao-cap-loai-1-2',0,15,NULL,NULL,NULL,NULL,NULL),(63,'2023-11-17 16:34:11.458000','2023-11-24 14:51:17.903000','admin','THÔNG TIN SẢN PHẨM\\n \\n Áo khoác kaki sơ mi tay lỡ vải mềm mịn\\n \\n Chất liệu: vải KAKI mềm mịn ko xù lông, không ra màu.\\n \\n Màu sắc: đen, hồng,trắng\\n \\n Đổi trả hàng nếu k hài lòng\\n \\n Thích hợp mặc trong trong nhà , chơi thể thao vv.....\\n \\n Hàng bên shop em bán là loại 1 nhé khách,nên đừng so sánh giá rẻ hơn 5-10k mà chất lượng k đẹp thì cũng vậy,đừng tiếc vài đồng mà mua chiếc áo về mình thấy k hài lòng nhé. .\\n \\n Shop Bao giá và chất lượng. Uy tín để lên hàng đầu nên khách yên tâm nhé!\\n \\n CÁCH CHỌN SIZE\\n \\n ➡Size M : Từ 45_55kg\\n ➡Size L : Từ 55_65kg\\n ➡Size XL : Từ 65_75kg\\n \\n ➡HƯỚNG DẪN ĐẶT HÀNG\\n \\n - Bước 1 : Click sản phẩm chọn mua ngay ,chọn loại hàng --) size . Cho sp vào giỏ hàng.\\n \\n - Bước 2 : vào giỏ hàng đặt hàng. Điền thông tin, địa chỉ ,sdt .... hoàn thành 4 bước cho tới khi hoàn thành 1 đơn hàng.\\n \\n ➡ CAM KẾT TỪ SHOP\\n \\n - 100% Hình ảnh là chụp thật từ áo thật\\n \\n - Giao hàng đúng mẫu mã, size màu khách đặt.\\n \\n - Tất cả sản phẩm giao hàng trước khi thanh toán\\n \\n - Khi Đổi size quý khách vui lòng gửi hàng qua bưu điện về địa chỉ shop kèm giấy ghi chú đổi sang size màu gì dùm shop , shop sẽ xử lý sớm giúp bạn.\\n \\n * Lưu ý: chat với shop trước khi đặt hàng để chọn size và màu cho chính xác và dc hỗ trợ tốt nhất có thể nhé.\\n',0,_binary '\0',_binary '','admin','Quần Baggy Jean nam phom suông rộng, quần bò nam dáng ống đứng, cam kết Giặt không phai màu - HÀNG CAO CẤP LOẠI 1',0,139000.00,NULL,100,100,0,'quan-baggy-jean-nam-phom-suong-rong-quan-bo-nam-dang-ong-ung-cam-ket-giat-khong-phai-mau-hang-cao-cap-loai-1-3',0,15,NULL,NULL,NULL,NULL,NULL),(64,'2023-11-17 16:34:48.398000','2023-12-05 23:14:00.350935','admin','THÔNG TIN SẢN PHẨM\\n \\n Áo khoác kaki sơ mi tay lỡ vải mềm mịn\\n \\n Chất liệu: vải KAKI mềm mịn ko xù lông, không ra màu.\\n \\n Màu sắc: đen, hồng,trắng\\n \\n Đổi trả hàng nếu k hài lòng\\n \\n Thích hợp mặc trong trong nhà , chơi thể thao vv.....\\n \\n Hàng bên shop em bán là loại 1 nhé khách,nên đừng so sánh giá rẻ hơn 5-10k mà chất lượng k đẹp thì cũng vậy,đừng tiếc vài đồng mà mua chiếc áo về mình thấy k hài lòng nhé. .\\n \\n Shop Bao giá và chất lượng. Uy tín để lên hàng đầu nên khách yên tâm nhé!\\n \\n CÁCH CHỌN SIZE\\n \\n ➡Size M : Từ 45_55kg\\n ➡Size L : Từ 55_65kg\\n ➡Size XL : Từ 65_75kg\\n \\n ➡HƯỚNG DẪN ĐẶT HÀNG\\n \\n - Bước 1 : Click sản phẩm chọn mua ngay ,chọn loại hàng --) size . Cho sp vào giỏ hàng.\\n \\n - Bước 2 : vào giỏ hàng đặt hàng. Điền thông tin, địa chỉ ,sdt .... hoàn thành 4 bước cho tới khi hoàn thành 1 đơn hàng.\\n \\n ➡ CAM KẾT TỪ SHOP\\n \\n - 100% Hình ảnh là chụp thật từ áo thật\\n \\n - Giao hàng đúng mẫu mã, size màu khách đặt.\\n \\n - Tất cả sản phẩm giao hàng trước khi thanh toán\\n \\n - Khi Đổi size quý khách vui lòng gửi hàng qua bưu điện về địa chỉ shop kèm giấy ghi chú đổi sang size màu gì dùm shop , shop sẽ xử lý sớm giúp bạn.\\n \\n * Lưu ý: chat với shop trước khi đặt hàng để chọn size và màu cho chính xác và dc hỗ trợ tốt nhất có thể nhé.\\n',0,_binary '',_binary '','user','Quần Baggy Jean nam phom suông rộng, quần bò nam dáng ống đứng, cam kết Giặt không phai màu - HÀNG CAO CẤP LOẠI 1',0,139000.00,NULL,100,100,0,'quan-baggy-jean-nam-phom-suong-rong-quan-bo-nam-dang-ong-ung-cam-ket-giat-khong-phai-mau-hang-cao-cap-loai-1-4',0,15,NULL,NULL,NULL,NULL,NULL),(65,'2023-11-17 16:34:49.647000','2023-11-17 16:34:49.647000','admin','THÔNG TIN SẢN PHẨM\\n \\n Áo khoác kaki sơ mi tay lỡ vải mềm mịn\\n \\n Chất liệu: vải KAKI mềm mịn ko xù lông, không ra màu.\\n \\n Màu sắc: đen, hồng,trắng\\n \\n Đổi trả hàng nếu k hài lòng\\n \\n Thích hợp mặc trong trong nhà , chơi thể thao vv.....\\n \\n Hàng bên shop em bán là loại 1 nhé khách,nên đừng so sánh giá rẻ hơn 5-10k mà chất lượng k đẹp thì cũng vậy,đừng tiếc vài đồng mà mua chiếc áo về mình thấy k hài lòng nhé. .\\n \\n Shop Bao giá và chất lượng. Uy tín để lên hàng đầu nên khách yên tâm nhé!\\n \\n CÁCH CHỌN SIZE\\n \\n ➡Size M : Từ 45_55kg\\n ➡Size L : Từ 55_65kg\\n ➡Size XL : Từ 65_75kg\\n \\n ➡HƯỚNG DẪN ĐẶT HÀNG\\n \\n - Bước 1 : Click sản phẩm chọn mua ngay ,chọn loại hàng --) size . Cho sp vào giỏ hàng.\\n \\n - Bước 2 : vào giỏ hàng đặt hàng. Điền thông tin, địa chỉ ,sdt .... hoàn thành 4 bước cho tới khi hoàn thành 1 đơn hàng.\\n \\n ➡ CAM KẾT TỪ SHOP\\n \\n - 100% Hình ảnh là chụp thật từ áo thật\\n \\n - Giao hàng đúng mẫu mã, size màu khách đặt.\\n \\n - Tất cả sản phẩm giao hàng trước khi thanh toán\\n \\n - Khi Đổi size quý khách vui lòng gửi hàng qua bưu điện về địa chỉ shop kèm giấy ghi chú đổi sang size màu gì dùm shop , shop sẽ xử lý sớm giúp bạn.\\n \\n * Lưu ý: chat với shop trước khi đặt hàng để chọn size và màu cho chính xác và dc hỗ trợ tốt nhất có thể nhé.\\n',0,_binary '',_binary '','admin','Quần Baggy Jean nam phom suông rộng, quần bò nam dáng ống đứng, cam kết Giặt không phai màu - HÀNG CAO CẤP LOẠI 1',0,139000.00,NULL,100,100,0,'quan-baggy-jean-nam-phom-suong-rong-quan-bo-nam-dang-ong-ung-cam-ket-giat-khong-phai-mau-hang-cao-cap-loai-1-5',0,15,NULL,NULL,NULL,NULL,NULL),(66,'2023-11-17 16:34:50.827000','2024-05-03 15:40:07.968243','admin','THÔNG TIN SẢN PHẨM\\n \\n Áo khoác kaki sơ mi tay lỡ vải mềm mịn\\n \\n Chất liệu: vải KAKI mềm mịn ko xù lông, không ra màu.\\n \\n Màu sắc: đen, hồng,trắng\\n \\n Đổi trả hàng nếu k hài lòng\\n \\n Thích hợp mặc trong trong nhà , chơi thể thao vv.....\\n \\n Hàng bên shop em bán là loại 1 nhé khách,nên đừng so sánh giá rẻ hơn 5-10k mà chất lượng k đẹp thì cũng vậy,đừng tiếc vài đồng mà mua chiếc áo về mình thấy k hài lòng nhé. .\\n \\n Shop Bao giá và chất lượng. Uy tín để lên hàng đầu nên khách yên tâm nhé!\\n \\n CÁCH CHỌN SIZE\\n \\n ➡Size M : Từ 45_55kg\\n ➡Size L : Từ 55_65kg\\n ➡Size XL : Từ 65_75kg\\n \\n ➡HƯỚNG DẪN ĐẶT HÀNG\\n \\n - Bước 1 : Click sản phẩm chọn mua ngay ,chọn loại hàng --) size . Cho sp vào giỏ hàng.\\n \\n - Bước 2 : vào giỏ hàng đặt hàng. Điền thông tin, địa chỉ ,sdt .... hoàn thành 4 bước cho tới khi hoàn thành 1 đơn hàng.\\n \\n ➡ CAM KẾT TỪ SHOP\\n \\n - 100% Hình ảnh là chụp thật từ áo thật\\n \\n - Giao hàng đúng mẫu mã, size màu khách đặt.\\n \\n - Tất cả sản phẩm giao hàng trước khi thanh toán\\n \\n - Khi Đổi size quý khách vui lòng gửi hàng qua bưu điện về địa chỉ shop kèm giấy ghi chú đổi sang size màu gì dùm shop , shop sẽ xử lý sớm giúp bạn.\\n \\n * Lưu ý: chat với shop trước khi đặt hàng để chọn size và màu cho chính xác và dc hỗ trợ tốt nhất có thể nhé.\\n',0,_binary '',_binary '','user','Quần Baggy Jean nam phom suông rộng, quần bò nam dáng ống đứng, cam kết Giặt không phai màu - HÀNG CAO CẤP LOẠI 1',0,139000.00,NULL,100,99,0,'quan-baggy-jean-nam-phom-suong-rong-quan-bo-nam-dang-ong-ung-cam-ket-giat-khong-phai-mau-hang-cao-cap-loai-1-6',1,15,NULL,NULL,NULL,NULL,NULL),(67,'2023-11-17 16:35:06.864000','2023-12-05 23:14:36.343647','admin','THÔNG TIN SẢN PHẨM\\n \\n Áo khoác kaki sơ mi tay lỡ vải mềm mịn\\n \\n Chất liệu: vải KAKI mềm mịn ko xù lông, không ra màu.\\n \\n Màu sắc: đen, hồng,trắng\\n \\n Đổi trả hàng nếu k hài lòng\\n \\n Thích hợp mặc trong trong nhà , chơi thể thao vv.....\\n \\n Hàng bên shop em bán là loại 1 nhé khách,nên đừng so sánh giá rẻ hơn 5-10k mà chất lượng k đẹp thì cũng vậy,đừng tiếc vài đồng mà mua chiếc áo về mình thấy k hài lòng nhé. .\\n \\n Shop Bao giá và chất lượng. Uy tín để lên hàng đầu nên khách yên tâm nhé!\\n \\n CÁCH CHỌN SIZE\\n \\n ➡Size M : Từ 45_55kg\\n ➡Size L : Từ 55_65kg\\n ➡Size XL : Từ 65_75kg\\n \\n ➡HƯỚNG DẪN ĐẶT HÀNG\\n \\n - Bước 1 : Click sản phẩm chọn mua ngay ,chọn loại hàng --) size . Cho sp vào giỏ hàng.\\n \\n - Bước 2 : vào giỏ hàng đặt hàng. Điền thông tin, địa chỉ ,sdt .... hoàn thành 4 bước cho tới khi hoàn thành 1 đơn hàng.\\n \\n ➡ CAM KẾT TỪ SHOP\\n \\n - 100% Hình ảnh là chụp thật từ áo thật\\n \\n - Giao hàng đúng mẫu mã, size màu khách đặt.\\n \\n - Tất cả sản phẩm giao hàng trước khi thanh toán\\n \\n - Khi Đổi size quý khách vui lòng gửi hàng qua bưu điện về địa chỉ shop kèm giấy ghi chú đổi sang size màu gì dùm shop , shop sẽ xử lý sớm giúp bạn.\\n \\n * Lưu ý: chat với shop trước khi đặt hàng để chọn size và màu cho chính xác và dc hỗ trợ tốt nhất có thể nhé.\\n',0,_binary '',_binary '','user','Quần Baggy Jean nam phom suông rộng, quần bò nam dáng ống đứng, cam kết Giặt không phai màu - HÀNG CAO CẤP LOẠI 1',0,149000.00,NULL,100,100,0,'quan-baggy-jean-nam-phom-suong-rong-quan-bo-nam-dang-ong-ung-cam-ket-giat-khong-phai-mau-hang-cao-cap-loai-1-7',0,15,NULL,NULL,NULL,NULL,NULL),(68,'2023-11-17 16:35:07.966000','2023-11-17 16:35:07.966000','admin','THÔNG TIN SẢN PHẨM\\n \\n Áo khoác kaki sơ mi tay lỡ vải mềm mịn\\n \\n Chất liệu: vải KAKI mềm mịn ko xù lông, không ra màu.\\n \\n Màu sắc: đen, hồng,trắng\\n \\n Đổi trả hàng nếu k hài lòng\\n \\n Thích hợp mặc trong trong nhà , chơi thể thao vv.....\\n \\n Hàng bên shop em bán là loại 1 nhé khách,nên đừng so sánh giá rẻ hơn 5-10k mà chất lượng k đẹp thì cũng vậy,đừng tiếc vài đồng mà mua chiếc áo về mình thấy k hài lòng nhé. .\\n \\n Shop Bao giá và chất lượng. Uy tín để lên hàng đầu nên khách yên tâm nhé!\\n \\n CÁCH CHỌN SIZE\\n \\n ➡Size M : Từ 45_55kg\\n ➡Size L : Từ 55_65kg\\n ➡Size XL : Từ 65_75kg\\n \\n ➡HƯỚNG DẪN ĐẶT HÀNG\\n \\n - Bước 1 : Click sản phẩm chọn mua ngay ,chọn loại hàng --) size . Cho sp vào giỏ hàng.\\n \\n - Bước 2 : vào giỏ hàng đặt hàng. Điền thông tin, địa chỉ ,sdt .... hoàn thành 4 bước cho tới khi hoàn thành 1 đơn hàng.\\n \\n ➡ CAM KẾT TỪ SHOP\\n \\n - 100% Hình ảnh là chụp thật từ áo thật\\n \\n - Giao hàng đúng mẫu mã, size màu khách đặt.\\n \\n - Tất cả sản phẩm giao hàng trước khi thanh toán\\n \\n - Khi Đổi size quý khách vui lòng gửi hàng qua bưu điện về địa chỉ shop kèm giấy ghi chú đổi sang size màu gì dùm shop , shop sẽ xử lý sớm giúp bạn.\\n \\n * Lưu ý: chat với shop trước khi đặt hàng để chọn size và màu cho chính xác và dc hỗ trợ tốt nhất có thể nhé.\\n',0,_binary '',_binary '','admin','Quần Baggy Jean nam phom suông rộng, quần bò nam dáng ống đứng, cam kết Giặt không phai màu - HÀNG CAO CẤP LOẠI 1',0,149000.00,NULL,100,100,0,'quan-baggy-jean-nam-phom-suong-rong-quan-bo-nam-dang-ong-ung-cam-ket-giat-khong-phai-mau-hang-cao-cap-loai-1-8',0,15,NULL,NULL,NULL,NULL,NULL),(69,'2023-11-17 16:35:09.363000','2023-11-17 16:35:09.363000','admin','THÔNG TIN SẢN PHẨM\\n \\n Áo khoác kaki sơ mi tay lỡ vải mềm mịn\\n \\n Chất liệu: vải KAKI mềm mịn ko xù lông, không ra màu.\\n \\n Màu sắc: đen, hồng,trắng\\n \\n Đổi trả hàng nếu k hài lòng\\n \\n Thích hợp mặc trong trong nhà , chơi thể thao vv.....\\n \\n Hàng bên shop em bán là loại 1 nhé khách,nên đừng so sánh giá rẻ hơn 5-10k mà chất lượng k đẹp thì cũng vậy,đừng tiếc vài đồng mà mua chiếc áo về mình thấy k hài lòng nhé. .\\n \\n Shop Bao giá và chất lượng. Uy tín để lên hàng đầu nên khách yên tâm nhé!\\n \\n CÁCH CHỌN SIZE\\n \\n ➡Size M : Từ 45_55kg\\n ➡Size L : Từ 55_65kg\\n ➡Size XL : Từ 65_75kg\\n \\n ➡HƯỚNG DẪN ĐẶT HÀNG\\n \\n - Bước 1 : Click sản phẩm chọn mua ngay ,chọn loại hàng --) size . Cho sp vào giỏ hàng.\\n \\n - Bước 2 : vào giỏ hàng đặt hàng. Điền thông tin, địa chỉ ,sdt .... hoàn thành 4 bước cho tới khi hoàn thành 1 đơn hàng.\\n \\n ➡ CAM KẾT TỪ SHOP\\n \\n - 100% Hình ảnh là chụp thật từ áo thật\\n \\n - Giao hàng đúng mẫu mã, size màu khách đặt.\\n \\n - Tất cả sản phẩm giao hàng trước khi thanh toán\\n \\n - Khi Đổi size quý khách vui lòng gửi hàng qua bưu điện về địa chỉ shop kèm giấy ghi chú đổi sang size màu gì dùm shop , shop sẽ xử lý sớm giúp bạn.\\n \\n * Lưu ý: chat với shop trước khi đặt hàng để chọn size và màu cho chính xác và dc hỗ trợ tốt nhất có thể nhé.\\n',0,_binary '',_binary '','admin','Quần Baggy Jean nam phom suông rộng, quần bò nam dáng ống đứng, cam kết Giặt không phai màu - HÀNG CAO CẤP LOẠI 1',0,149000.00,NULL,100,100,0,'quan-baggy-jean-nam-phom-suong-rong-quan-bo-nam-dang-ong-ung-cam-ket-giat-khong-phai-mau-hang-cao-cap-loai-1-9',0,15,NULL,NULL,NULL,NULL,NULL),(70,'2023-11-17 16:35:10.303000','2023-12-05 23:13:51.628612','admin','THÔNG TIN SẢN PHẨM\\n \\n Áo khoác kaki sơ mi tay lỡ vải mềm mịn\\n \\n Chất liệu: vải KAKI mềm mịn ko xù lông, không ra màu.\\n \\n Màu sắc: đen, hồng,trắng\\n \\n Đổi trả hàng nếu k hài lòng\\n \\n Thích hợp mặc trong trong nhà , chơi thể thao vv.....\\n \\n Hàng bên shop em bán là loại 1 nhé khách,nên đừng so sánh giá rẻ hơn 5-10k mà chất lượng k đẹp thì cũng vậy,đừng tiếc vài đồng mà mua chiếc áo về mình thấy k hài lòng nhé. .\\n \\n Shop Bao giá và chất lượng. Uy tín để lên hàng đầu nên khách yên tâm nhé!\\n \\n CÁCH CHỌN SIZE\\n \\n ➡Size M : Từ 45_55kg\\n ➡Size L : Từ 55_65kg\\n ➡Size XL : Từ 65_75kg\\n \\n ➡HƯỚNG DẪN ĐẶT HÀNG\\n \\n - Bước 1 : Click sản phẩm chọn mua ngay ,chọn loại hàng --) size . Cho sp vào giỏ hàng.\\n \\n - Bước 2 : vào giỏ hàng đặt hàng. Điền thông tin, địa chỉ ,sdt .... hoàn thành 4 bước cho tới khi hoàn thành 1 đơn hàng.\\n \\n ➡ CAM KẾT TỪ SHOP\\n \\n - 100% Hình ảnh là chụp thật từ áo thật\\n \\n - Giao hàng đúng mẫu mã, size màu khách đặt.\\n \\n - Tất cả sản phẩm giao hàng trước khi thanh toán\\n \\n - Khi Đổi size quý khách vui lòng gửi hàng qua bưu điện về địa chỉ shop kèm giấy ghi chú đổi sang size màu gì dùm shop , shop sẽ xử lý sớm giúp bạn.\\n \\n * Lưu ý: chat với shop trước khi đặt hàng để chọn size và màu cho chính xác và dc hỗ trợ tốt nhất có thể nhé.\\n',1,_binary '',_binary '','user','Quần Baggy Jean nam phom suông rộng, quần bò nam dáng ống đứng, cam kết Giặt không phai màu - HÀNG CAO CẤP LOẠI 1',0,149000.00,NULL,100,100,0,'quan-baggy-jean-nam-phom-suong-rong-quan-bo-nam-dang-ong-ung-cam-ket-giat-khong-phai-mau-hang-cao-cap-loai-1-10',0,15,NULL,NULL,NULL,NULL,NULL),(71,'2023-11-17 16:35:36.530000','2023-11-17 16:35:36.530000','admin','THÔNG TIN SẢN PHẨM\\n \\n Áo khoác kaki sơ mi tay lỡ vải mềm mịn\\n \\n Chất liệu: vải KAKI mềm mịn ko xù lông, không ra màu.\\n \\n Màu sắc: đen, hồng,trắng\\n \\n Đổi trả hàng nếu k hài lòng\\n \\n Thích hợp mặc trong trong nhà , chơi thể thao vv.....\\n \\n Hàng bên shop em bán là loại 1 nhé khách,nên đừng so sánh giá rẻ hơn 5-10k mà chất lượng k đẹp thì cũng vậy,đừng tiếc vài đồng mà mua chiếc áo về mình thấy k hài lòng nhé. .\\n \\n Shop Bao giá và chất lượng. Uy tín để lên hàng đầu nên khách yên tâm nhé!\\n \\n CÁCH CHỌN SIZE\\n \\n ➡Size M : Từ 45_55kg\\n ➡Size L : Từ 55_65kg\\n ➡Size XL : Từ 65_75kg\\n \\n ➡HƯỚNG DẪN ĐẶT HÀNG\\n \\n - Bước 1 : Click sản phẩm chọn mua ngay ,chọn loại hàng --) size . Cho sp vào giỏ hàng.\\n \\n - Bước 2 : vào giỏ hàng đặt hàng. Điền thông tin, địa chỉ ,sdt .... hoàn thành 4 bước cho tới khi hoàn thành 1 đơn hàng.\\n \\n ➡ CAM KẾT TỪ SHOP\\n \\n - 100% Hình ảnh là chụp thật từ áo thật\\n \\n - Giao hàng đúng mẫu mã, size màu khách đặt.\\n \\n - Tất cả sản phẩm giao hàng trước khi thanh toán\\n \\n - Khi Đổi size quý khách vui lòng gửi hàng qua bưu điện về địa chỉ shop kèm giấy ghi chú đổi sang size màu gì dùm shop , shop sẽ xử lý sớm giúp bạn.\\n \\n * Lưu ý: chat với shop trước khi đặt hàng để chọn size và màu cho chính xác và dc hỗ trợ tốt nhất có thể nhé.\\n',0,_binary '',_binary '','admin','Quần Baggy Jean nam phom suông rộng, quần bò nam dáng ống đứng, cam kết Giặt không phai màu - HÀNG CAO CẤP LOẠI 1',0,149000.00,NULL,100,100,0,'quan-baggy-jean-nam-phom-suong-rong-quan-bo-nam-dang-ong-ung-cam-ket-giat-khong-phai-mau-hang-cao-cap-loai-1-11',0,15,NULL,NULL,NULL,NULL,NULL),(72,'2023-11-17 16:35:37.634000','2023-12-08 17:35:40.638799','admin','THÔNG TIN SẢN PHẨM\\n \\n Áo khoác kaki sơ mi tay lỡ vải mềm mịn\\n \\n Chất liệu: vải KAKI mềm mịn ko xù lông, không ra màu.\\n \\n Màu sắc: đen, hồng,trắng\\n \\n Đổi trả hàng nếu k hài lòng\\n \\n Thích hợp mặc trong trong nhà , chơi thể thao vv.....\\n \\n Hàng bên shop em bán là loại 1 nhé khách,nên đừng so sánh giá rẻ hơn 5-10k mà chất lượng k đẹp thì cũng vậy,đừng tiếc vài đồng mà mua chiếc áo về mình thấy k hài lòng nhé. .\\n \\n Shop Bao giá và chất lượng. Uy tín để lên hàng đầu nên khách yên tâm nhé!\\n \\n CÁCH CHỌN SIZE\\n \\n ➡Size M : Từ 45_55kg\\n ➡Size L : Từ 55_65kg\\n ➡Size XL : Từ 65_75kg\\n \\n ➡HƯỚNG DẪN ĐẶT HÀNG\\n \\n - Bước 1 : Click sản phẩm chọn mua ngay ,chọn loại hàng --) size . Cho sp vào giỏ hàng.\\n \\n - Bước 2 : vào giỏ hàng đặt hàng. Điền thông tin, địa chỉ ,sdt .... hoàn thành 4 bước cho tới khi hoàn thành 1 đơn hàng.\\n \\n ➡ CAM KẾT TỪ SHOP\\n \\n - 100% Hình ảnh là chụp thật từ áo thật\\n \\n - Giao hàng đúng mẫu mã, size màu khách đặt.\\n \\n - Tất cả sản phẩm giao hàng trước khi thanh toán\\n \\n - Khi Đổi size quý khách vui lòng gửi hàng qua bưu điện về địa chỉ shop kèm giấy ghi chú đổi sang size màu gì dùm shop , shop sẽ xử lý sớm giúp bạn.\\n \\n * Lưu ý: chat với shop trước khi đặt hàng để chọn size và màu cho chính xác và dc hỗ trợ tốt nhất có thể nhé.\\n',0,_binary '',_binary '','user','Quần Baggy Jean nam phom suông rộng, quần bò nam dáng ống đứng, cam kết Giặt không phai màu - HÀNG CAO CẤP LOẠI 1',0,149000.00,NULL,100,99,0,'quan-baggy-jean-nam-phom-suong-rong-quan-bo-nam-dang-ong-ung-cam-ket-giat-khong-phai-mau-hang-cao-cap-loai-1-12',1,15,NULL,NULL,NULL,NULL,NULL),(73,'2023-11-17 16:35:38.745000','2023-12-05 23:14:34.661822','admin','THÔNG TIN SẢN PHẨM\\n \\n Áo khoác kaki sơ mi tay lỡ vải mềm mịn\\n \\n Chất liệu: vải KAKI mềm mịn ko xù lông, không ra màu.\\n \\n Màu sắc: đen, hồng,trắng\\n \\n Đổi trả hàng nếu k hài lòng\\n \\n Thích hợp mặc trong trong nhà , chơi thể thao vv.....\\n \\n Hàng bên shop em bán là loại 1 nhé khách,nên đừng so sánh giá rẻ hơn 5-10k mà chất lượng k đẹp thì cũng vậy,đừng tiếc vài đồng mà mua chiếc áo về mình thấy k hài lòng nhé. .\\n \\n Shop Bao giá và chất lượng. Uy tín để lên hàng đầu nên khách yên tâm nhé!\\n \\n CÁCH CHỌN SIZE\\n \\n ➡Size M : Từ 45_55kg\\n ➡Size L : Từ 55_65kg\\n ➡Size XL : Từ 65_75kg\\n \\n ➡HƯỚNG DẪN ĐẶT HÀNG\\n \\n - Bước 1 : Click sản phẩm chọn mua ngay ,chọn loại hàng --) size . Cho sp vào giỏ hàng.\\n \\n - Bước 2 : vào giỏ hàng đặt hàng. Điền thông tin, địa chỉ ,sdt .... hoàn thành 4 bước cho tới khi hoàn thành 1 đơn hàng.\\n \\n ➡ CAM KẾT TỪ SHOP\\n \\n - 100% Hình ảnh là chụp thật từ áo thật\\n \\n - Giao hàng đúng mẫu mã, size màu khách đặt.\\n \\n - Tất cả sản phẩm giao hàng trước khi thanh toán\\n \\n - Khi Đổi size quý khách vui lòng gửi hàng qua bưu điện về địa chỉ shop kèm giấy ghi chú đổi sang size màu gì dùm shop , shop sẽ xử lý sớm giúp bạn.\\n \\n * Lưu ý: chat với shop trước khi đặt hàng để chọn size và màu cho chính xác và dc hỗ trợ tốt nhất có thể nhé.\\n',0,_binary '',_binary '','user','Quần Baggy Jean nam phom suông rộng, quần bò nam dáng ống đứng, cam kết Giặt không phai màu - HÀNG CAO CẤP LOẠI 1',0,149000.00,NULL,100,100,0,'quan-baggy-jean-nam-phom-suong-rong-quan-bo-nam-dang-ong-ung-cam-ket-giat-khong-phai-mau-hang-cao-cap-loai-1-13',0,15,NULL,NULL,NULL,NULL,NULL),(74,'2023-11-17 16:37:06.513000','2023-11-17 16:37:06.513000','admin','THÔNG TIN SẢN PHẨM\\n \\n Áo khoác kaki sơ mi tay lỡ vải mềm mịn\\n \\n Chất liệu: vải KAKI mềm mịn ko xù lông, không ra màu.\\n \\n Màu sắc: đen, hồng,trắng\\n \\n Đổi trả hàng nếu k hài lòng\\n \\n Thích hợp mặc trong trong nhà , chơi thể thao vv.....\\n \\n Hàng bên shop em bán là loại 1 nhé khách,nên đừng so sánh giá rẻ hơn 5-10k mà chất lượng k đẹp thì cũng vậy,đừng tiếc vài đồng mà mua chiếc áo về mình thấy k hài lòng nhé. .\\n \\n Shop Bao giá và chất lượng. Uy tín để lên hàng đầu nên khách yên tâm nhé!\\n \\n CÁCH CHỌN SIZE\\n \\n ➡Size M : Từ 45_55kg\\n ➡Size L : Từ 55_65kg\\n ➡Size XL : Từ 65_75kg\\n \\n ➡HƯỚNG DẪN ĐẶT HÀNG\\n \\n - Bước 1 : Click sản phẩm chọn mua ngay ,chọn loại hàng --) size . Cho sp vào giỏ hàng.\\n \\n - Bước 2 : vào giỏ hàng đặt hàng. Điền thông tin, địa chỉ ,sdt .... hoàn thành 4 bước cho tới khi hoàn thành 1 đơn hàng.\\n \\n ➡ CAM KẾT TỪ SHOP\\n \\n - 100% Hình ảnh là chụp thật từ áo thật\\n \\n - Giao hàng đúng mẫu mã, size màu khách đặt.\\n \\n - Tất cả sản phẩm giao hàng trước khi thanh toán\\n \\n - Khi Đổi size quý khách vui lòng gửi hàng qua bưu điện về địa chỉ shop kèm giấy ghi chú đổi sang size màu gì dùm shop , shop sẽ xử lý sớm giúp bạn.\\n \\n * Lưu ý: chat với shop trước khi đặt hàng để chọn size và màu cho chính xác và dc hỗ trợ tốt nhất có thể nhé.\\n',0,_binary '',_binary '','admin','Quần Baggy Jean nam phom suông rộng, quần bò nam dáng ống đứng, cam kết Giặt không phai màu - HÀNG CAO CẤP LOẠI 1',0,149000.00,NULL,100,100,0,'quan-baggy-jean-nam-phom-suong-rong-quan-bo-nam-dang-ong-ung-cam-ket-giat-khong-phai-mau-hang-cao-cap-loai-1-14',0,15,NULL,NULL,NULL,NULL,NULL),(75,'2023-11-17 16:37:08.008000','2024-03-06 16:06:41.230885','admin','THÔNG TIN SẢN PHẨM\\n \\n Áo khoác kaki sơ mi tay lỡ vải mềm mịn\\n \\n Chất liệu: vải KAKI mềm mịn ko xù lông, không ra màu.\\n \\n Màu sắc: đen, hồng,trắng\\n \\n Đổi trả hàng nếu k hài lòng\\n \\n Thích hợp mặc trong trong nhà , chơi thể thao vv.....\\n \\n Hàng bên shop em bán là loại 1 nhé khách,nên đừng so sánh giá rẻ hơn 5-10k mà chất lượng k đẹp thì cũng vậy,đừng tiếc vài đồng mà mua chiếc áo về mình thấy k hài lòng nhé. .\\n \\n Shop Bao giá và chất lượng. Uy tín để lên hàng đầu nên khách yên tâm nhé!\\n \\n CÁCH CHỌN SIZE\\n \\n ➡Size M : Từ 45_55kg\\n ➡Size L : Từ 55_65kg\\n ➡Size XL : Từ 65_75kg\\n \\n ➡HƯỚNG DẪN ĐẶT HÀNG\\n \\n - Bước 1 : Click sản phẩm chọn mua ngay ,chọn loại hàng --) size . Cho sp vào giỏ hàng.\\n \\n - Bước 2 : vào giỏ hàng đặt hàng. Điền thông tin, địa chỉ ,sdt .... hoàn thành 4 bước cho tới khi hoàn thành 1 đơn hàng.\\n \\n ➡ CAM KẾT TỪ SHOP\\n \\n - 100% Hình ảnh là chụp thật từ áo thật\\n \\n - Giao hàng đúng mẫu mã, size màu khách đặt.\\n \\n - Tất cả sản phẩm giao hàng trước khi thanh toán\\n \\n - Khi Đổi size quý khách vui lòng gửi hàng qua bưu điện về địa chỉ shop kèm giấy ghi chú đổi sang size màu gì dùm shop , shop sẽ xử lý sớm giúp bạn.\\n \\n * Lưu ý: chat với shop trước khi đặt hàng để chọn size và màu cho chính xác và dc hỗ trợ tốt nhất có thể nhé.\\n',9,_binary '',_binary '','user','Quần Baggy Jean nam phom suông rộng, quần bò nam dáng ống đứng, cam kết Giặt không phai màu - HÀNG CAO CẤP LOẠI 1',0,149000.00,NULL,100,100,0,'quan-baggy-jean-nam-phom-suong-rong-quan-bo-nam-dang-ong-ung-cam-ket-giat-khong-phai-mau-hang-cao-cap-loai-1-15',0,15,NULL,NULL,NULL,NULL,NULL),(76,'2023-11-17 16:46:16.424000','2023-12-02 23:53:05.425610','admin','THÔNG TIN SẢN PHẨM\\n \\n Áo khoác kaki sơ mi tay lỡ vải mềm mịn\\n \\n Chất liệu: vải KAKI mềm mịn ko xù lông, không ra màu.\\n \\n Màu sắc: đen, hồng,trắng\\n \\n Đổi trả hàng nếu k hài lòng\\n \\n Thích hợp mặc trong trong nhà , chơi thể thao vv.....\\n \\n Hàng bên shop em bán là loại 1 nhé khách,nên đừng so sánh giá rẻ hơn 5-10k mà chất lượng k đẹp thì cũng vậy,đừng tiếc vài đồng mà mua chiếc áo về mình thấy k hài lòng nhé. .\\n \\n Shop Bao giá và chất lượng. Uy tín để lên hàng đầu nên khách yên tâm nhé!\\n \\n CÁCH CHỌN SIZE\\n \\n ➡Size M : Từ 45_55kg\\n ➡Size L : Từ 55_65kg\\n ➡Size XL : Từ 65_75kg\\n \\n ➡HƯỚNG DẪN ĐẶT HÀNG\\n \\n - Bước 1 : Click sản phẩm chọn mua ngay ,chọn loại hàng --) size . Cho sp vào giỏ hàng.\\n \\n - Bước 2 : vào giỏ hàng đặt hàng. Điền thông tin, địa chỉ ,sdt .... hoàn thành 4 bước cho tới khi hoàn thành 1 đơn hàng.\\n \\n ➡ CAM KẾT TỪ SHOP\\n \\n - 100% Hình ảnh là chụp thật từ áo thật\\n \\n - Giao hàng đúng mẫu mã, size màu khách đặt.\\n \\n - Tất cả sản phẩm giao hàng trước khi thanh toán\\n \\n - Khi Đổi size quý khách vui lòng gửi hàng qua bưu điện về địa chỉ shop kèm giấy ghi chú đổi sang size màu gì dùm shop , shop sẽ xử lý sớm giúp bạn.\\n \\n * Lưu ý: chat với shop trước khi đặt hàng để chọn size và màu cho chính xác và dc hỗ trợ tốt nhất có thể nhé.\\n',8,_binary '',_binary '','user','Áo thun tay lỡ form rộng nam nữ chữ kiểu SVG vải đẹp dày mịn',0,49000.00,NULL,100,100,0,'ao-thun-tay-lo-form-rong-nam-nu-chu-kieu-svg-vai-ep-day-min',0,16,NULL,NULL,NULL,NULL,NULL),(77,'2023-11-17 16:46:20.088000','2024-04-23 17:33:18.289850','admin','THÔNG TIN SẢN PHẨM\\n \\n Áo khoác kaki sơ mi tay lỡ vải mềm mịn\\n \\n Chất liệu: vải KAKI mềm mịn ko xù lông, không ra màu.\\n \\n Màu sắc: đen, hồng,trắng\\n \\n Đổi trả hàng nếu k hài lòng\\n \\n Thích hợp mặc trong trong nhà , chơi thể thao vv.....\\n \\n Hàng bên shop em bán là loại 1 nhé khách,nên đừng so sánh giá rẻ hơn 5-10k mà chất lượng k đẹp thì cũng vậy,đừng tiếc vài đồng mà mua chiếc áo về mình thấy k hài lòng nhé. .\\n \\n Shop Bao giá và chất lượng. Uy tín để lên hàng đầu nên khách yên tâm nhé!\\n \\n CÁCH CHỌN SIZE\\n \\n ➡Size M : Từ 45_55kg\\n ➡Size L : Từ 55_65kg\\n ➡Size XL : Từ 65_75kg\\n \\n ➡HƯỚNG DẪN ĐẶT HÀNG\\n \\n - Bước 1 : Click sản phẩm chọn mua ngay ,chọn loại hàng --) size . Cho sp vào giỏ hàng.\\n \\n - Bước 2 : vào giỏ hàng đặt hàng. Điền thông tin, địa chỉ ,sdt .... hoàn thành 4 bước cho tới khi hoàn thành 1 đơn hàng.\\n \\n ➡ CAM KẾT TỪ SHOP\\n \\n - 100% Hình ảnh là chụp thật từ áo thật\\n \\n - Giao hàng đúng mẫu mã, size màu khách đặt.\\n \\n - Tất cả sản phẩm giao hàng trước khi thanh toán\\n \\n - Khi Đổi size quý khách vui lòng gửi hàng qua bưu điện về địa chỉ shop kèm giấy ghi chú đổi sang size màu gì dùm shop , shop sẽ xử lý sớm giúp bạn.\\n \\n * Lưu ý: chat với shop trước khi đặt hàng để chọn size và màu cho chính xác và dc hỗ trợ tốt nhất có thể nhé.\\n',0,_binary '',_binary '','user','Áo thun tay lỡ form rộng nam nữ chữ kiểu SVG vải đẹp dày mịn',0,49000.00,NULL,200,199,0,'ao-thun-tay-lo-form-rong-nam-nu-chu-kieu-svg-vai-ep-day-min-1',1,16,NULL,NULL,NULL,NULL,NULL),(78,'2023-11-17 16:46:21.605000','2024-05-28 15:52:30.778973','admin','THÔNG TIN SẢN PHẨM\\n \\n Áo khoác kaki sơ mi tay lỡ vải mềm mịn\\n \\n Chất liệu: vải KAKI mềm mịn ko xù lông, không ra màu.\\n \\n Màu sắc: đen, hồng,trắng\\n \\n Đổi trả hàng nếu k hài lòng\\n \\n Thích hợp mặc trong trong nhà , chơi thể thao vv.....\\n \\n Hàng bên shop em bán là loại 1 nhé khách,nên đừng so sánh giá rẻ hơn 5-10k mà chất lượng k đẹp thì cũng vậy,đừng tiếc vài đồng mà mua chiếc áo về mình thấy k hài lòng nhé. .\\n \\n Shop Bao giá và chất lượng. Uy tín để lên hàng đầu nên khách yên tâm nhé!\\n \\n CÁCH CHỌN SIZE\\n \\n ➡Size M : Từ 45_55kg\\n ➡Size L : Từ 55_65kg\\n ➡Size XL : Từ 65_75kg\\n \\n ➡HƯỚNG DẪN ĐẶT HÀNG\\n \\n - Bước 1 : Click sản phẩm chọn mua ngay ,chọn loại hàng --) size . Cho sp vào giỏ hàng.\\n \\n - Bước 2 : vào giỏ hàng đặt hàng. Điền thông tin, địa chỉ ,sdt .... hoàn thành 4 bước cho tới khi hoàn thành 1 đơn hàng.\\n \\n ➡ CAM KẾT TỪ SHOP\\n \\n - 100% Hình ảnh là chụp thật từ áo thật\\n \\n - Giao hàng đúng mẫu mã, size màu khách đặt.\\n \\n - Tất cả sản phẩm giao hàng trước khi thanh toán\\n \\n - Khi Đổi size quý khách vui lòng gửi hàng qua bưu điện về địa chỉ shop kèm giấy ghi chú đổi sang size màu gì dùm shop , shop sẽ xử lý sớm giúp bạn.\\n \\n * Lưu ý: chat với shop trước khi đặt hàng để chọn size và màu cho chính xác và dc hỗ trợ tốt nhất có thể nhé.\\n',6,_binary '',_binary '','user','Áo thun tay lỡ form rộng nam nữ chữ kiểu SVG vải đẹp dày mịn',0,49000.00,NULL,100,103,0,'ao-thun-tay-lo-form-rong-nam-nu-chu-kieu-svg-vai-ep-day-min-2',-3,16,NULL,NULL,NULL,NULL,NULL),(79,'2023-11-17 16:46:23.140000','2023-11-17 16:46:23.140000','admin','THÔNG TIN SẢN PHẨM\\n \\n Áo khoác kaki sơ mi tay lỡ vải mềm mịn\\n \\n Chất liệu: vải KAKI mềm mịn ko xù lông, không ra màu.\\n \\n Màu sắc: đen, hồng,trắng\\n \\n Đổi trả hàng nếu k hài lòng\\n \\n Thích hợp mặc trong trong nhà , chơi thể thao vv.....\\n \\n Hàng bên shop em bán là loại 1 nhé khách,nên đừng so sánh giá rẻ hơn 5-10k mà chất lượng k đẹp thì cũng vậy,đừng tiếc vài đồng mà mua chiếc áo về mình thấy k hài lòng nhé. .\\n \\n Shop Bao giá và chất lượng. Uy tín để lên hàng đầu nên khách yên tâm nhé!\\n \\n CÁCH CHỌN SIZE\\n \\n ➡Size M : Từ 45_55kg\\n ➡Size L : Từ 55_65kg\\n ➡Size XL : Từ 65_75kg\\n \\n ➡HƯỚNG DẪN ĐẶT HÀNG\\n \\n - Bước 1 : Click sản phẩm chọn mua ngay ,chọn loại hàng --) size . Cho sp vào giỏ hàng.\\n \\n - Bước 2 : vào giỏ hàng đặt hàng. Điền thông tin, địa chỉ ,sdt .... hoàn thành 4 bước cho tới khi hoàn thành 1 đơn hàng.\\n \\n ➡ CAM KẾT TỪ SHOP\\n \\n - 100% Hình ảnh là chụp thật từ áo thật\\n \\n - Giao hàng đúng mẫu mã, size màu khách đặt.\\n \\n - Tất cả sản phẩm giao hàng trước khi thanh toán\\n \\n - Khi Đổi size quý khách vui lòng gửi hàng qua bưu điện về địa chỉ shop kèm giấy ghi chú đổi sang size màu gì dùm shop , shop sẽ xử lý sớm giúp bạn.\\n \\n * Lưu ý: chat với shop trước khi đặt hàng để chọn size và màu cho chính xác và dc hỗ trợ tốt nhất có thể nhé.\\n',0,_binary '',_binary '','admin','Áo thun tay lỡ form rộng nam nữ chữ kiểu SVG vải đẹp dày mịn',0,49000.00,NULL,100,100,0,'ao-thun-tay-lo-form-rong-nam-nu-chu-kieu-svg-vai-ep-day-min-3',0,16,NULL,NULL,NULL,NULL,NULL),(80,'2023-11-17 16:46:45.795000','2023-11-17 16:46:45.795000','admin','THÔNG TIN SẢN PHẨM\\n \\n Áo khoác kaki sơ mi tay lỡ vải mềm mịn\\n \\n Chất liệu: vải KAKI mềm mịn ko xù lông, không ra màu.\\n \\n Màu sắc: đen, hồng,trắng\\n \\n Đổi trả hàng nếu k hài lòng\\n \\n Thích hợp mặc trong trong nhà , chơi thể thao vv.....\\n \\n Hàng bên shop em bán là loại 1 nhé khách,nên đừng so sánh giá rẻ hơn 5-10k mà chất lượng k đẹp thì cũng vậy,đừng tiếc vài đồng mà mua chiếc áo về mình thấy k hài lòng nhé. .\\n \\n Shop Bao giá và chất lượng. Uy tín để lên hàng đầu nên khách yên tâm nhé!\\n \\n CÁCH CHỌN SIZE\\n \\n ➡Size M : Từ 45_55kg\\n ➡Size L : Từ 55_65kg\\n ➡Size XL : Từ 65_75kg\\n \\n ➡HƯỚNG DẪN ĐẶT HÀNG\\n \\n - Bước 1 : Click sản phẩm chọn mua ngay ,chọn loại hàng --) size . Cho sp vào giỏ hàng.\\n \\n - Bước 2 : vào giỏ hàng đặt hàng. Điền thông tin, địa chỉ ,sdt .... hoàn thành 4 bước cho tới khi hoàn thành 1 đơn hàng.\\n \\n ➡ CAM KẾT TỪ SHOP\\n \\n - 100% Hình ảnh là chụp thật từ áo thật\\n \\n - Giao hàng đúng mẫu mã, size màu khách đặt.\\n \\n - Tất cả sản phẩm giao hàng trước khi thanh toán\\n \\n - Khi Đổi size quý khách vui lòng gửi hàng qua bưu điện về địa chỉ shop kèm giấy ghi chú đổi sang size màu gì dùm shop , shop sẽ xử lý sớm giúp bạn.\\n \\n * Lưu ý: chat với shop trước khi đặt hàng để chọn size và màu cho chính xác và dc hỗ trợ tốt nhất có thể nhé.\\n',0,_binary '',_binary '','admin','Áo thun tay lỡ form rộng nam nữ chữ kiểu SVG vải đẹp dày mịn',0,49000.00,NULL,100,100,0,'ao-thun-tay-lo-form-rong-nam-nu-chu-kieu-svg-vai-ep-day-min-4',0,16,NULL,NULL,NULL,NULL,NULL),(81,'2023-11-17 16:46:51.265000','2023-11-17 16:46:51.265000','admin','THÔNG TIN SẢN PHẨM\\n \\n Áo khoác kaki sơ mi tay lỡ vải mềm mịn\\n \\n Chất liệu: vải KAKI mềm mịn ko xù lông, không ra màu.\\n \\n Màu sắc: đen, hồng,trắng\\n \\n Đổi trả hàng nếu k hài lòng\\n \\n Thích hợp mặc trong trong nhà , chơi thể thao vv.....\\n \\n Hàng bên shop em bán là loại 1 nhé khách,nên đừng so sánh giá rẻ hơn 5-10k mà chất lượng k đẹp thì cũng vậy,đừng tiếc vài đồng mà mua chiếc áo về mình thấy k hài lòng nhé. .\\n \\n Shop Bao giá và chất lượng. Uy tín để lên hàng đầu nên khách yên tâm nhé!\\n \\n CÁCH CHỌN SIZE\\n \\n ➡Size M : Từ 45_55kg\\n ➡Size L : Từ 55_65kg\\n ➡Size XL : Từ 65_75kg\\n \\n ➡HƯỚNG DẪN ĐẶT HÀNG\\n \\n - Bước 1 : Click sản phẩm chọn mua ngay ,chọn loại hàng --) size . Cho sp vào giỏ hàng.\\n \\n - Bước 2 : vào giỏ hàng đặt hàng. Điền thông tin, địa chỉ ,sdt .... hoàn thành 4 bước cho tới khi hoàn thành 1 đơn hàng.\\n \\n ➡ CAM KẾT TỪ SHOP\\n \\n - 100% Hình ảnh là chụp thật từ áo thật\\n \\n - Giao hàng đúng mẫu mã, size màu khách đặt.\\n \\n - Tất cả sản phẩm giao hàng trước khi thanh toán\\n \\n - Khi Đổi size quý khách vui lòng gửi hàng qua bưu điện về địa chỉ shop kèm giấy ghi chú đổi sang size màu gì dùm shop , shop sẽ xử lý sớm giúp bạn.\\n \\n * Lưu ý: chat với shop trước khi đặt hàng để chọn size và màu cho chính xác và dc hỗ trợ tốt nhất có thể nhé.\\n',6,_binary '',_binary '','admin','Áo thun tay lỡ form rộng nam nữ chữ kiểu SVG vải đẹp dày mịn',0,59000.00,NULL,100,100,0,'ao-thun-tay-lo-form-rong-nam-nu-chu-kieu-svg-vai-ep-day-min-5',0,16,NULL,NULL,NULL,NULL,NULL),(82,'2023-11-17 16:46:52.143000','2023-11-22 16:32:23.473000','admin','THÔNG TIN SẢN PHẨM\\n \\n Áo khoác kaki sơ mi tay lỡ vải mềm mịn\\n \\n Chất liệu: vải KAKI mềm mịn ko xù lông, không ra màu.\\n \\n Màu sắc: đen, hồng,trắng\\n \\n Đổi trả hàng nếu k hài lòng\\n \\n Thích hợp mặc trong trong nhà , chơi thể thao vv.....\\n \\n Hàng bên shop em bán là loại 1 nhé khách,nên đừng so sánh giá rẻ hơn 5-10k mà chất lượng k đẹp thì cũng vậy,đừng tiếc vài đồng mà mua chiếc áo về mình thấy k hài lòng nhé. .\\n \\n Shop Bao giá và chất lượng. Uy tín để lên hàng đầu nên khách yên tâm nhé!\\n \\n CÁCH CHỌN SIZE\\n \\n ➡Size M : Từ 45_55kg\\n ➡Size L : Từ 55_65kg\\n ➡Size XL : Từ 65_75kg\\n \\n ➡HƯỚNG DẪN ĐẶT HÀNG\\n \\n - Bước 1 : Click sản phẩm chọn mua ngay ,chọn loại hàng --) size . Cho sp vào giỏ hàng.\\n \\n - Bước 2 : vào giỏ hàng đặt hàng. Điền thông tin, địa chỉ ,sdt .... hoàn thành 4 bước cho tới khi hoàn thành 1 đơn hàng.\\n \\n ➡ CAM KẾT TỪ SHOP\\n \\n - 100% Hình ảnh là chụp thật từ áo thật\\n \\n - Giao hàng đúng mẫu mã, size màu khách đặt.\\n \\n - Tất cả sản phẩm giao hàng trước khi thanh toán\\n \\n - Khi Đổi size quý khách vui lòng gửi hàng qua bưu điện về địa chỉ shop kèm giấy ghi chú đổi sang size màu gì dùm shop , shop sẽ xử lý sớm giúp bạn.\\n \\n * Lưu ý: chat với shop trước khi đặt hàng để chọn size và màu cho chính xác và dc hỗ trợ tốt nhất có thể nhé.\\n',5,_binary '',_binary '','user','Áo thun tay lỡ form rộng nam nữ chữ kiểu SVG vải đẹp dày mịn',0,59000.00,NULL,100,100,0,'ao-thun-tay-lo-form-rong-nam-nu-chu-kieu-svg-vai-ep-day-min-6',0,16,NULL,NULL,NULL,NULL,NULL),(83,'2023-11-17 16:46:53.330000','2023-11-17 16:46:53.330000','admin','THÔNG TIN SẢN PHẨM\\n \\n Áo khoác kaki sơ mi tay lỡ vải mềm mịn\\n \\n Chất liệu: vải KAKI mềm mịn ko xù lông, không ra màu.\\n \\n Màu sắc: đen, hồng,trắng\\n \\n Đổi trả hàng nếu k hài lòng\\n \\n Thích hợp mặc trong trong nhà , chơi thể thao vv.....\\n \\n Hàng bên shop em bán là loại 1 nhé khách,nên đừng so sánh giá rẻ hơn 5-10k mà chất lượng k đẹp thì cũng vậy,đừng tiếc vài đồng mà mua chiếc áo về mình thấy k hài lòng nhé. .\\n \\n Shop Bao giá và chất lượng. Uy tín để lên hàng đầu nên khách yên tâm nhé!\\n \\n CÁCH CHỌN SIZE\\n \\n ➡Size M : Từ 45_55kg\\n ➡Size L : Từ 55_65kg\\n ➡Size XL : Từ 65_75kg\\n \\n ➡HƯỚNG DẪN ĐẶT HÀNG\\n \\n - Bước 1 : Click sản phẩm chọn mua ngay ,chọn loại hàng --) size . Cho sp vào giỏ hàng.\\n \\n - Bước 2 : vào giỏ hàng đặt hàng. Điền thông tin, địa chỉ ,sdt .... hoàn thành 4 bước cho tới khi hoàn thành 1 đơn hàng.\\n \\n ➡ CAM KẾT TỪ SHOP\\n \\n - 100% Hình ảnh là chụp thật từ áo thật\\n \\n - Giao hàng đúng mẫu mã, size màu khách đặt.\\n \\n - Tất cả sản phẩm giao hàng trước khi thanh toán\\n \\n - Khi Đổi size quý khách vui lòng gửi hàng qua bưu điện về địa chỉ shop kèm giấy ghi chú đổi sang size màu gì dùm shop , shop sẽ xử lý sớm giúp bạn.\\n \\n * Lưu ý: chat với shop trước khi đặt hàng để chọn size và màu cho chính xác và dc hỗ trợ tốt nhất có thể nhé.\\n',3,_binary '',_binary '','admin','Áo thun tay lỡ form rộng nam nữ chữ kiểu SVG vải đẹp dày mịn',0,59000.00,NULL,100,100,0,'ao-thun-tay-lo-form-rong-nam-nu-chu-kieu-svg-vai-ep-day-min-7',0,16,NULL,NULL,NULL,NULL,NULL),(84,'2023-11-18 15:27:22.001000','2023-11-18 15:27:22.001000','admin','THÔNG TIN SẢN PHẨM\\n \\n Áo khoác kaki sơ mi tay lỡ vải mềm mịn\\n \\n Chất liệu: vải KAKI mềm mịn ko xù lông, không ra màu.\\n \\n Màu sắc: đen, hồng,trắng\\n \\n Đổi trả hàng nếu k hài lòng\\n \\n Thích hợp mặc trong trong nhà , chơi thể thao vv.....\\n \\n Hàng bên shop em bán là loại 1 nhé khách,nên đừng so sánh giá rẻ hơn 5-10k mà chất lượng k đẹp thì cũng vậy,đừng tiếc vài đồng mà mua chiếc áo về mình thấy k hài lòng nhé. .\\n \\n Shop Bao giá và chất lượng. Uy tín để lên hàng đầu nên khách yên tâm nhé!\\n \\n CÁCH CHỌN SIZE\\n \\n ➡Size M : Từ 45_55kg\\n ➡Size L : Từ 55_65kg\\n ➡Size XL : Từ 65_75kg\\n \\n ➡HƯỚNG DẪN ĐẶT HÀNG\\n \\n - Bước 1 : Click sản phẩm chọn mua ngay ,chọn loại hàng --) size . Cho sp vào giỏ hàng.\\n \\n - Bước 2 : vào giỏ hàng đặt hàng. Điền thông tin, địa chỉ ,sdt .... hoàn thành 4 bước cho tới khi hoàn thành 1 đơn hàng.\\n \\n ➡ CAM KẾT TỪ SHOP\\n \\n - 100% Hình ảnh là chụp thật từ áo thật\\n \\n - Giao hàng đúng mẫu mã, size màu khách đặt.\\n \\n - Tất cả sản phẩm giao hàng trước khi thanh toán\\n \\n - Khi Đổi size quý khách vui lòng gửi hàng qua bưu điện về địa chỉ shop kèm giấy ghi chú đổi sang size màu gì dùm shop , shop sẽ xử lý sớm giúp bạn.\\n \\n * Lưu ý: chat với shop trước khi đặt hàng để chọn size và màu cho chính xác và dc hỗ trợ tốt nhất có thể nhé.\\n',0,_binary '',_binary '','admin','Áo thun tay lỡ form rộng nam nữ chữ kiểu SVG vải đẹp dày mịn',0,59000.00,NULL,100,100,0,'ao-thun-tay-lo-form-rong-nam-nu-chu-kieu-svg-vai-ep-day-min-8',0,16,NULL,NULL,NULL,NULL,NULL),(85,'2023-11-18 17:33:44.719000','2023-12-27 22:58:00.833259','admin','THÔNG TIN SẢN PHẨM\\n \\n Áo khoác kaki sơ mi tay lỡ vải mềm mịn\\n \\n Chất liệu: vải KAKI mềm mịn ko xù lông, không ra màu.\\n \\n Màu sắc: đen, hồng,trắng\\n \\n Đổi trả hàng nếu k hài lòng\\n \\n Thích hợp mặc trong trong nhà , chơi thể thao vv.....\\n \\n Hàng bên shop em bán là loại 1 nhé khách,nên đừng so sánh giá rẻ hơn 5-10k mà chất lượng k đẹp thì cũng vậy,đừng tiếc vài đồng mà mua chiếc áo về mình thấy k hài lòng nhé. .\\n \\n Shop Bao giá và chất lượng. Uy tín để lên hàng đầu nên khách yên tâm nhé!\\n \\n CÁCH CHỌN SIZE\\n \\n ➡Size M : Từ 45_55kg\\n ➡Size L : Từ 55_65kg\\n ➡Size XL : Từ 65_75kg\\n \\n ➡HƯỚNG DẪN ĐẶT HÀNG\\n \\n - Bước 1 : Click sản phẩm chọn mua ngay ,chọn loại hàng --) size . Cho sp vào giỏ hàng.\\n \\n - Bước 2 : vào giỏ hàng đặt hàng. Điền thông tin, địa chỉ ,sdt .... hoàn thành 4 bước cho tới khi hoàn thành 1 đơn hàng.\\n \\n ➡ CAM KẾT TỪ SHOP\\n \\n - 100% Hình ảnh là chụp thật từ áo thật\\n \\n - Giao hàng đúng mẫu mã, size màu khách đặt.\\n \\n - Tất cả sản phẩm giao hàng trước khi thanh toán\\n \\n - Khi Đổi size quý khách vui lòng gửi hàng qua bưu điện về địa chỉ shop kèm giấy ghi chú đổi sang size màu gì dùm shop , shop sẽ xử lý sớm giúp bạn.\\n \\n * Lưu ý: chat với shop trước khi đặt hàng để chọn size và màu cho chính xác và dc hỗ trợ tốt nhất có thể nhé.\\n',4,_binary '',_binary '','admin','Áo thun tay lỡ form rộng nam nữ chữ kiểu SVG vải đẹp dày mịn',0,59000.00,NULL,100,100,0,'ao-thun-tay-lo-form-rong-nam-nu-chu-kieu-svg-vai-ep-day-min-9',0,28,NULL,NULL,NULL,NULL,NULL),(86,'2023-11-18 17:38:22.964000','2023-11-23 22:38:57.281000','admin','THÔNG TIN SẢN PHẨM\\n \\n Áo khoác kaki sơ mi tay lỡ vải mềm mịn\\n \\n Chất liệu: vải KAKI mềm mịn ko xù lông, không ra màu.\\n \\n Màu sắc: đen, hồng,trắng\\n \\n Đổi trả hàng nếu k hài lòng\\n \\n Thích hợp mặc trong trong nhà , chơi thể thao vv.....\\n \\n Hàng bên shop em bán là loại 1 nhé khách,nên đừng so sánh giá rẻ hơn 5-10k mà chất lượng k đẹp thì cũng vậy,đừng tiếc vài đồng mà mua chiếc áo về mình thấy k hài lòng nhé. .\\n \\n Shop Bao giá và chất lượng. Uy tín để lên hàng đầu nên khách yên tâm nhé!\\n \\n CÁCH CHỌN SIZE\\n \\n ➡Size M : Từ 45_55kg\\n ➡Size L : Từ 55_65kg\\n ➡Size XL : Từ 65_75kg\\n \\n ➡HƯỚNG DẪN ĐẶT HÀNG\\n \\n - Bước 1 : Click sản phẩm chọn mua ngay ,chọn loại hàng --) size . Cho sp vào giỏ hàng.\\n \\n - Bước 2 : vào giỏ hàng đặt hàng. Điền thông tin, địa chỉ ,sdt .... hoàn thành 4 bước cho tới khi hoàn thành 1 đơn hàng.\\n \\n ➡ CAM KẾT TỪ SHOP\\n \\n - 100% Hình ảnh là chụp thật từ áo thật\\n \\n - Giao hàng đúng mẫu mã, size màu khách đặt.\\n \\n - Tất cả sản phẩm giao hàng trước khi thanh toán\\n \\n - Khi Đổi size quý khách vui lòng gửi hàng qua bưu điện về địa chỉ shop kèm giấy ghi chú đổi sang size màu gì dùm shop , shop sẽ xử lý sớm giúp bạn.\\n \\n * Lưu ý: chat với shop trước khi đặt hàng để chọn size và màu cho chính xác và dc hỗ trợ tốt nhất có thể nhé.\\n',0,_binary '',_binary '','admin','Áo thun tay lỡ form rộng nam nữ chữ kiểu SVG vải đẹp dày mịn',0,59000.00,NULL,100,100,0,'ao-thun-tay-lo-form-rong-nam-nu-chu-kieu-svg-vai-ep-day-min-10',0,21,NULL,NULL,NULL,NULL,NULL),(87,'2023-11-18 18:12:02.704000','2024-03-18 15:10:24.182519','admin','THÔNG TIN SẢN PHẨM\\n \\n Áo khoác kaki sơ mi tay lỡ vải mềm mịn\\n \\n Chất liệu: vải KAKI mềm mịn ko xù lông, không ra màu.\\n \\n Màu sắc: đen, hồng,trắng\\n \\n Đổi trả hàng nếu k hài lòng\\n \\n Thích hợp mặc trong trong nhà , chơi thể thao vv.....\\n \\n Hàng bên shop em bán là loại 1 nhé khách,nên đừng so sánh giá rẻ hơn 5-10k mà chất lượng k đẹp thì cũng vậy,đừng tiếc vài đồng mà mua chiếc áo về mình thấy k hài lòng nhé. .\\n \\n Shop Bao giá và chất lượng. Uy tín để lên hàng đầu nên khách yên tâm nhé!\\n \\n CÁCH CHỌN SIZE\\n \\n ➡Size M : Từ 45_55kg\\n ➡Size L : Từ 55_65kg\\n ➡Size XL : Từ 65_75kg\\n \\n ➡HƯỚNG DẪN ĐẶT HÀNG\\n \\n - Bước 1 : Click sản phẩm chọn mua ngay ,chọn loại hàng --) size . Cho sp vào giỏ hàng.\\n \\n - Bước 2 : vào giỏ hàng đặt hàng. Điền thông tin, địa chỉ ,sdt .... hoàn thành 4 bước cho tới khi hoàn thành 1 đơn hàng.\\n \\n ➡ CAM KẾT TỪ SHOP\\n \\n - 100% Hình ảnh là chụp thật từ áo thật\\n \\n - Giao hàng đúng mẫu mã, size màu khách đặt.\\n \\n - Tất cả sản phẩm giao hàng trước khi thanh toán\\n \\n - Khi Đổi size quý khách vui lòng gửi hàng qua bưu điện về địa chỉ shop kèm giấy ghi chú đổi sang size màu gì dùm shop , shop sẽ xử lý sớm giúp bạn.\\n \\n * Lưu ý: chat với shop trước khi đặt hàng để chọn size và màu cho chính xác và dc hỗ trợ tốt nhất có thể nhé.\\n',6,_binary '',_binary '','user','Áo thun tay lỡ form rộng nam nữ chữ kiểu SVG vải đẹp dày mịn',0,59000.00,NULL,100,100,0,'ao-thun-tay-lo-form-rong-nam-nu-chu-kieu-svg-vai-ep-day-min-11',0,14,NULL,NULL,NULL,NULL,NULL),(88,'2023-11-18 23:28:55.197000','2023-11-18 23:28:55.197000','admin','Kính được thiết kế bằng vàng vừa cổ điển, hình vuông nhỏ cổ điển làm nổi bật khí chất kinh doanh đơn giản và có đường trang trí rãnh ở giữa đền thờ và đường khâu của các đường hình học là Phong cách rất hiện đại. Khung Được Làm Bằng Chất Liệu Titan Nguyên Chất, Mạ Điện IP, Không phai Màu.',0,_binary '',_binary '','admin','Mắt Kính Gọng Titan Siêu Nhẹ Hình Chữ Nhật Mạ Vàng Phong Cách Đơn Giản Thời Trang Cho Nam MASUNAGA thiết kế Flatiron',0,649000.00,NULL,100,100,0,'mat-kinh-gong-titan-sieu-nhe-hinh-chu-nhat-ma-vang-phong-cach-on-gian-thoi-trang-cho-nam-masunaga-thiet-ke-flatiron',0,20,NULL,NULL,NULL,NULL,NULL),(89,'2023-11-18 23:28:58.826000','2023-12-05 23:15:11.353834','admin','Kính được thiết kế bằng vàng vừa cổ điển, hình vuông nhỏ cổ điển làm nổi bật khí chất kinh doanh đơn giản và có đường trang trí rãnh ở giữa đền thờ và đường khâu của các đường hình học là Phong cách rất hiện đại. Khung Được Làm Bằng Chất Liệu Titan Nguyên Chất, Mạ Điện IP, Không phai Màu.',0,_binary '',_binary '','user','Mắt Kính Gọng Titan Siêu Nhẹ Hình Chữ Nhật Mạ Vàng Phong Cách Đơn Giản Thời Trang Cho Nam MASUNAGA thiết kế Flatiron',0,649000.00,NULL,100,100,0,'mat-kinh-gong-titan-sieu-nhe-hinh-chu-nhat-ma-vang-phong-cach-on-gian-thoi-trang-cho-nam-masunaga-thiet-ke-flatiron-1',0,20,NULL,NULL,NULL,NULL,NULL),(90,'2023-11-18 23:29:00.238000','2023-11-18 23:29:00.238000','admin','Kính được thiết kế bằng vàng vừa cổ điển, hình vuông nhỏ cổ điển làm nổi bật khí chất kinh doanh đơn giản và có đường trang trí rãnh ở giữa đền thờ và đường khâu của các đường hình học là Phong cách rất hiện đại. Khung Được Làm Bằng Chất Liệu Titan Nguyên Chất, Mạ Điện IP, Không phai Màu.',0,_binary '',_binary '','admin','Mắt Kính Gọng Titan Siêu Nhẹ Hình Chữ Nhật Mạ Vàng Phong Cách Đơn Giản Thời Trang Cho Nam MASUNAGA thiết kế Flatiron',0,649000.00,NULL,100,100,0,'mat-kinh-gong-titan-sieu-nhe-hinh-chu-nhat-ma-vang-phong-cach-on-gian-thoi-trang-cho-nam-masunaga-thiet-ke-flatiron-2',0,20,NULL,NULL,NULL,NULL,NULL),(91,'2023-11-18 23:29:01.470000','2023-11-18 23:29:01.470000','admin','Kính được thiết kế bằng vàng vừa cổ điển, hình vuông nhỏ cổ điển làm nổi bật khí chất kinh doanh đơn giản và có đường trang trí rãnh ở giữa đền thờ và đường khâu của các đường hình học là Phong cách rất hiện đại. Khung Được Làm Bằng Chất Liệu Titan Nguyên Chất, Mạ Điện IP, Không phai Màu.',0,_binary '',_binary '','admin','Mắt Kính Gọng Titan Siêu Nhẹ Hình Chữ Nhật Mạ Vàng Phong Cách Đơn Giản Thời Trang Cho Nam MASUNAGA thiết kế Flatiron',0,649000.00,NULL,100,100,0,'mat-kinh-gong-titan-sieu-nhe-hinh-chu-nhat-ma-vang-phong-cach-on-gian-thoi-trang-cho-nam-masunaga-thiet-ke-flatiron-3',0,20,NULL,NULL,NULL,NULL,NULL),(92,'2023-11-18 23:29:32.735000','2024-04-23 17:24:17.413924','admin','Kính được thiết kế bằng vàng vừa cổ điển, hình vuông nhỏ cổ điển làm nổi bật khí chất kinh doanh đơn giản và có đường trang trí rãnh ở giữa đền thờ và đường khâu của các đường hình học là Phong cách rất hiện đại. Khung Được Làm Bằng Chất Liệu Titan Nguyên Chất, Mạ Điện IP, Không phai Màu.',0,_binary '',_binary '','user','Mắt Kính Gọng Titan Siêu Nhẹ Hình Chữ Nhật Mạ Vàng Phong Cách Đơn Giản Thời Trang Cho Nam MASUNAGA thiết kế Flatiron',0,649000.00,NULL,100,98,0,'mat-kinh-gong-titan-sieu-nhe-hinh-chu-nhat-ma-vang-phong-cach-on-gian-thoi-trang-cho-nam-masunaga-thiet-ke-flatiron-4',2,20,NULL,NULL,NULL,NULL,NULL),(93,'2023-11-18 23:29:33.814000','2023-11-18 23:29:33.814000','admin','Kính được thiết kế bằng vàng vừa cổ điển, hình vuông nhỏ cổ điển làm nổi bật khí chất kinh doanh đơn giản và có đường trang trí rãnh ở giữa đền thờ và đường khâu của các đường hình học là Phong cách rất hiện đại. Khung Được Làm Bằng Chất Liệu Titan Nguyên Chất, Mạ Điện IP, Không phai Màu.',0,_binary '',_binary '','admin','Mắt Kính Gọng Titan Siêu Nhẹ Hình Chữ Nhật Mạ Vàng Phong Cách Đơn Giản Thời Trang Cho Nam MASUNAGA thiết kế Flatiron',0,649000.00,NULL,100,100,0,'mat-kinh-gong-titan-sieu-nhe-hinh-chu-nhat-ma-vang-phong-cach-on-gian-thoi-trang-cho-nam-masunaga-thiet-ke-flatiron-5',0,20,NULL,NULL,NULL,NULL,NULL),(94,'2023-11-18 23:29:40.476000','2023-11-28 00:36:38.144645','admin','Kính được thiết kế bằng vàng vừa cổ điển, hình vuông nhỏ cổ điển làm nổi bật khí chất kinh doanh đơn giản và có đường trang trí rãnh ở giữa đền thờ và đường khâu của các đường hình học là Phong cách rất hiện đại. Khung Được Làm Bằng Chất Liệu Titan Nguyên Chất, Mạ Điện IP, Không phai Màu.',0,_binary '',_binary '','user','Mắt Kính Gọng Titan Siêu Nhẹ Hình Chữ Nhật Mạ Vàng Phong Cách Đơn Giản Thời Trang Cho Nam MASUNAGA thiết kế Flatiron',0,649000.00,NULL,100,100,0,'mat-kinh-gong-titan-sieu-nhe-hinh-chu-nhat-ma-vang-phong-cach-on-gian-thoi-trang-cho-nam-masunaga-thiet-ke-flatiron-6',0,20,NULL,NULL,NULL,NULL,NULL),(95,'2023-11-18 23:29:41.494000','2023-11-18 23:29:41.494000','admin','Kính được thiết kế bằng vàng vừa cổ điển, hình vuông nhỏ cổ điển làm nổi bật khí chất kinh doanh đơn giản và có đường trang trí rãnh ở giữa đền thờ và đường khâu của các đường hình học là Phong cách rất hiện đại. Khung Được Làm Bằng Chất Liệu Titan Nguyên Chất, Mạ Điện IP, Không phai Màu.',0,_binary '',_binary '','admin','Mắt Kính Gọng Titan Siêu Nhẹ Hình Chữ Nhật Mạ Vàng Phong Cách Đơn Giản Thời Trang Cho Nam MASUNAGA thiết kế Flatiron',0,649000.00,NULL,100,100,0,'mat-kinh-gong-titan-sieu-nhe-hinh-chu-nhat-ma-vang-phong-cach-on-gian-thoi-trang-cho-nam-masunaga-thiet-ke-flatiron-7',0,20,NULL,NULL,NULL,NULL,NULL),(96,'2023-11-18 23:29:42.405000','2023-11-18 23:29:42.405000','admin','Kính được thiết kế bằng vàng vừa cổ điển, hình vuông nhỏ cổ điển làm nổi bật khí chất kinh doanh đơn giản và có đường trang trí rãnh ở giữa đền thờ và đường khâu của các đường hình học là Phong cách rất hiện đại. Khung Được Làm Bằng Chất Liệu Titan Nguyên Chất, Mạ Điện IP, Không phai Màu.',0,_binary '',_binary '','admin','Mắt Kính Gọng Titan Siêu Nhẹ Hình Chữ Nhật Mạ Vàng Phong Cách Đơn Giản Thời Trang Cho Nam MASUNAGA thiết kế Flatiron',0,649000.00,NULL,100,100,0,'mat-kinh-gong-titan-sieu-nhe-hinh-chu-nhat-ma-vang-phong-cach-on-gian-thoi-trang-cho-nam-masunaga-thiet-ke-flatiron-8',0,20,NULL,NULL,NULL,NULL,NULL),(97,'2023-11-18 23:29:49.718000','2023-11-28 00:36:38.252183','admin','Kính được thiết kế bằng vàng vừa cổ điển, hình vuông nhỏ cổ điển làm nổi bật khí chất kinh doanh đơn giản và có đường trang trí rãnh ở giữa đền thờ và đường khâu của các đường hình học là Phong cách rất hiện đại. Khung Được Làm Bằng Chất Liệu Titan Nguyên Chất, Mạ Điện IP, Không phai Màu.',0,_binary '',_binary '','user','Mắt Kính Gọng Titan Siêu Nhẹ Hình Chữ Nhật Mạ Vàng Phong Cách Đơn Giản Thời Trang Cho Nam MASUNAGA thiết kế Flatiron',0,649000.00,NULL,100,100,0,'mat-kinh-gong-titan-sieu-nhe-hinh-chu-nhat-ma-vang-phong-cach-on-gian-thoi-trang-cho-nam-masunaga-thiet-ke-flatiron-9',0,20,NULL,NULL,NULL,NULL,NULL),(98,'2023-11-18 23:29:50.828000','2023-11-18 23:29:50.828000','admin','Kính được thiết kế bằng vàng vừa cổ điển, hình vuông nhỏ cổ điển làm nổi bật khí chất kinh doanh đơn giản và có đường trang trí rãnh ở giữa đền thờ và đường khâu của các đường hình học là Phong cách rất hiện đại. Khung Được Làm Bằng Chất Liệu Titan Nguyên Chất, Mạ Điện IP, Không phai Màu.',0,_binary '',_binary '','admin','Mắt Kính Gọng Titan Siêu Nhẹ Hình Chữ Nhật Mạ Vàng Phong Cách Đơn Giản Thời Trang Cho Nam MASUNAGA thiết kế Flatiron',0,649000.00,NULL,100,100,0,'mat-kinh-gong-titan-sieu-nhe-hinh-chu-nhat-ma-vang-phong-cach-on-gian-thoi-trang-cho-nam-masunaga-thiet-ke-flatiron-10',0,20,NULL,NULL,NULL,NULL,NULL),(99,'2023-11-18 23:29:51.961000','2023-11-27 16:40:37.175285','admin','Kính được thiết kế bằng vàng vừa cổ điển, hình vuông nhỏ cổ điển làm nổi bật khí chất kinh doanh đơn giản và có đường trang trí rãnh ở giữa đền thờ và đường khâu của các đường hình học là Phong cách rất hiện đại. Khung Được Làm Bằng Chất Liệu Titan Nguyên Chất, Mạ Điện IP, Không phai Màu.',0,_binary '',_binary '','user','Mắt Kính Gọng Titan Siêu Nhẹ Hình Chữ Nhật Mạ Vàng Phong Cách Đơn Giản Thời Trang Cho Nam MASUNAGA thiết kế Flatiron',0,649000.00,NULL,100,100,0,'mat-kinh-gong-titan-sieu-nhe-hinh-chu-nhat-ma-vang-phong-cach-on-gian-thoi-trang-cho-nam-masunaga-thiet-ke-flatiron-11',0,20,NULL,NULL,NULL,NULL,NULL),(100,'2023-11-21 23:24:19.434000','2023-11-27 20:55:54.407598','admin','THÔNG TIN SẢN PHẨM\\n \\n Áo khoác kaki sơ mi tay lỡ vải mềm mịn\\n \\n Chất liệu: vải KAKI mềm mịn ko xù lông, không ra màu.\\n \\n Màu sắc: đen, hồng,trắng\\n \\n Đổi trả hàng nếu k hài lòng\\n \\n Thích hợp mặc trong trong nhà , chơi thể thao vv.....\\n \\n Hàng bên shop em bán là loại 1 nhé khách,nên đừng so sánh giá rẻ hơn 5-10k mà chất lượng k đẹp thì cũng vậy,đừng tiếc vài đồng mà mua chiếc áo về mình thấy k hài lòng nhé. .\\n \\n Shop Bao giá và chất lượng. Uy tín để lên hàng đầu nên khách yên tâm nhé!\\n \\n CÁCH CHỌN SIZE\\n \\n ➡Size M : Từ 45_55kg\\n ➡Size L : Từ 55_65kg\\n ➡Size XL : Từ 65_75kg\\n \\n ➡HƯỚNG DẪN ĐẶT HÀNG\\n \\n - Bước 1 : Click sản phẩm chọn mua ngay ,chọn loại hàng --) size . Cho sp vào giỏ hàng.\\n \\n - Bước 2 : vào giỏ hàng đặt hàng. Điền thông tin, địa chỉ ,sdt .... hoàn thành 4 bước cho tới khi hoàn thành 1 đơn hàng.\\n \\n ➡ CAM KẾT TỪ SHOP\\n \\n - 100% Hình ảnh là chụp thật từ áo thật\\n \\n - Giao hàng đúng mẫu mã, size màu khách đặt.\\n \\n - Tất cả sản phẩm giao hàng trước khi thanh toán\\n \\n - Khi Đổi size quý khách vui lòng gửi hàng qua bưu điện về địa chỉ shop kèm giấy ghi chú đổi sang size màu gì dùm shop , shop sẽ xử lý sớm giúp bạn.\\n \\n * Lưu ý: chat với shop trước khi đặt hàng để chọn size và màu cho chính xác và dc hỗ trợ tốt nhất có thể nhé.\\n',0,_binary '',_binary '','admin','Áo thun tay lỡ form rộng nam nữ chữ kiểu SVG vải đẹp dày mịn',0,59000.00,NULL,100,100,0,'ao-thun-tay-lo-form-rong-nam-nu-chu-kieu-svg-vai-ep-day-min-17',0,14,NULL,NULL,NULL,NULL,NULL),(101,'2023-11-22 00:02:56.315000','2023-11-28 00:38:32.389193','admin','THÔNG TIN SẢN PHẨM\\n \\n Áo khoác kaki sơ mi tay lỡ vải mềm mịn\\n \\n Chất liệu: vải KAKI mềm mịn ko xù lông, không ra màu.\\n \\n Màu sắc: đen, hồng,trắng\\n \\n Đổi trả hàng nếu k hài lòng\\n \\n Thích hợp mặc trong trong nhà , chơi thể thao vv.....\\n \\n Hàng bên shop em bán là loại 1 nhé khách,nên đừng so sánh giá rẻ hơn 5-10k mà chất lượng k đẹp thì cũng vậy,đừng tiếc vài đồng mà mua chiếc áo về mình thấy k hài lòng nhé. .\\n \\n Shop Bao giá và chất lượng. Uy tín để lên hàng đầu nên khách yên tâm nhé!\\n \\n CÁCH CHỌN SIZE\\n \\n ➡Size M : Từ 45_55kg\\n ➡Size L : Từ 55_65kg\\n ➡Size XL : Từ 65_75kg\\n \\n ➡HƯỚNG DẪN ĐẶT HÀNG\\n \\n - Bước 1 : Click sản phẩm chọn mua ngay ,chọn loại hàng --) size . Cho sp vào giỏ hàng.\\n \\n - Bước 2 : vào giỏ hàng đặt hàng. Điền thông tin, địa chỉ ,sdt .... hoàn thành 4 bước cho tới khi hoàn thành 1 đơn hàng.\\n \\n ➡ CAM KẾT TỪ SHOP\\n \\n - 100% Hình ảnh là chụp thật từ áo thật\\n \\n - Giao hàng đúng mẫu mã, size màu khách đặt.\\n \\n - Tất cả sản phẩm giao hàng trước khi thanh toán\\n \\n - Khi Đổi size quý khách vui lòng gửi hàng qua bưu điện về địa chỉ shop kèm giấy ghi chú đổi sang size màu gì dùm shop , shop sẽ xử lý sớm giúp bạn.\\n \\n * Lưu ý: chat với shop trước khi đặt hàng để chọn size và màu cho chính xác và dc hỗ trợ tốt nhất có thể nhé.\\n',0,_binary '',_binary '','user','Áo thun tay lỡ form rộng nam nữ chữ kiểu SVG vải đẹp dày mịn',0,59000.00,NULL,100,100,0,'ao-thun-tay-lo-form-rong-nam-nu-chu-kieu-svg-vai-ep-day-min-13',0,16,NULL,NULL,NULL,NULL,NULL),(102,'2023-11-22 00:05:39.381000','2024-05-29 16:59:32.766589','admin','THÔNG TIN SẢN PHẨM\\n \\n Áo khoác kaki sơ mi tay lỡ vải mềm mịn\\n \\n Chất liệu: vải KAKI mềm mịn ko xù lông, không ra màu.\\n \\n Màu sắc: đen, hồng,trắng\\n \\n Đổi trả hàng nếu k hài lòng\\n \\n Thích hợp mặc trong trong nhà , chơi thể thao vv.....\\n \\n Hàng bên shop em bán là loại 1 nhé khách,nên đừng so sánh giá rẻ hơn 5-10k mà chất lượng k đẹp thì cũng vậy,đừng tiếc vài đồng mà mua chiếc áo về mình thấy k hài lòng nhé. .\\n \\n Shop Bao giá và chất lượng. Uy tín để lên hàng đầu nên khách yên tâm nhé!\\n \\n CÁCH CHỌN SIZE\\n \\n ➡Size M : Từ 45_55kg\\n ➡Size L : Từ 55_65kg\\n ➡Size XL : Từ 65_75kg\\n \\n ➡HƯỚNG DẪN ĐẶT HÀNG\\n \\n - Bước 1 : Click sản phẩm chọn mua ngay ,chọn loại hàng --) size . Cho sp vào giỏ hàng.\\n \\n - Bước 2 : vào giỏ hàng đặt hàng. Điền thông tin, địa chỉ ,sdt .... hoàn thành 4 bước cho tới khi hoàn thành 1 đơn hàng.\\n \\n ➡ CAM KẾT TỪ SHOP\\n \\n - 100% Hình ảnh là chụp thật từ áo thật\\n \\n - Giao hàng đúng mẫu mã, size màu khách đặt.\\n \\n - Tất cả sản phẩm giao hàng trước khi thanh toán\\n \\n - Khi Đổi size quý khách vui lòng gửi hàng qua bưu điện về địa chỉ shop kèm giấy ghi chú đổi sang size màu gì dùm shop , shop sẽ xử lý sớm giúp bạn.\\n \\n * Lưu ý: chat với shop trước khi đặt hàng để chọn size và màu cho chính xác và dc hỗ trợ tốt nhất có thể nhé.\\n',0,_binary '',_binary '','system','Áo thun tay lỡ form rộng nam nữ chữ kiểu SVG vải đẹp dày mịn',0,59000.00,NULL,100,100,0,'ao-thun-tay-lo-form-rong-nam-nu-chu-kieu-svg-vai-ep-day-min-14',0,16,1,1,1,NULL,NULL),(103,'2023-11-24 21:50:48.124820','2023-12-02 22:16:30.484005','admin','THÔNG TIN SẢN PHẨM\\n \\n Áo khoác kaki sơ mi tay lỡ vải mềm mịn\\n \\n Chất liệu: vải KAKI mềm mịn ko xù lông, không ra màu.\\n \\n Màu sắc: đen, hồng,trắng\\n \\n Đổi trả hàng nếu k hài lòng\\n \\n Thích hợp mặc trong trong nhà , chơi thể thao vv.....\\n \\n Hàng bên shop em bán là loại 1 nhé khách,nên đừng so sánh giá rẻ hơn 5-10k mà chất lượng k đẹp thì cũng vậy,đừng tiếc vài đồng mà mua chiếc áo về mình thấy k hài lòng nhé. .\\n \\n Shop Bao giá và chất lượng. Uy tín để lên hàng đầu nên khách yên tâm nhé!\\n \\n CÁCH CHỌN SIZE\\n \\n ➡Size M : Từ 45_55kg\\n ➡Size L : Từ 55_65kg\\n ➡Size XL : Từ 65_75kg\\n \\n ➡HƯỚNG DẪN ĐẶT HÀNG\\n \\n - Bước 1 : Click sản phẩm chọn mua ngay ,chọn loại hàng --) size . Cho sp vào giỏ hàng.\\n \\n - Bước 2 : vào giỏ hàng đặt hàng. Điền thông tin, địa chỉ ,sdt .... hoàn thành 4 bước cho tới khi hoàn thành 1 đơn hàng.\\n \\n ➡ CAM KẾT TỪ SHOP\\n \\n - 100% Hình ảnh là chụp thật từ áo thật\\n \\n - Giao hàng đúng mẫu mã, size màu khách đặt.\\n \\n - Tất cả sản phẩm giao hàng trước khi thanh toán\\n \\n - Khi Đổi size quý khách vui lòng gửi hàng qua bưu điện về địa chỉ shop kèm giấy ghi chú đổi sang size màu gì dùm shop , shop sẽ xử lý sớm giúp bạn.\\n \\n * Lưu ý: chat với shop trước khi đặt hàng để chọn size và màu cho chính xác và dc hỗ trợ tốt nhất có thể nhé.\\n',0,_binary '\0',_binary '','admin','Áo thun tay lỡ form rộng nam nữ chữ kiểu SVG vải đẹp dày mịn',0,139000.00,NULL,100,100,0,'ao-thun-tay-lo-form-rong-nam-nu-chu-kieu-svg-vai-ep-day-min-16',0,16,NULL,NULL,NULL,NULL,NULL),(104,'2023-11-26 16:39:20.246234','2023-12-09 00:10:43.722962','admin','THÔNG TIN SẢN PHẨM\\n \\n Áo khoác kaki sơ mi tay lỡ vải mềm mịn\\n \\n Chất liệu: vải KAKI mềm mịn ko xù lông, không ra màu.\\n \\n Màu sắc: đen, hồng,trắng\\n \\n Đổi trả hàng nếu k hài lòng\\n \\n Thích hợp mặc trong trong nhà , chơi thể thao vv.....\\n \\n Hàng bên shop em bán là loại 1 nhé khách,nên đừng so sánh giá rẻ hơn 5-10k mà chất lượng k đẹp thì cũng vậy,đừng tiếc vài đồng mà mua chiếc áo về mình thấy k hài lòng nhé. .\\n \\n Shop Bao giá và chất lượng. Uy tín để lên hàng đầu nên khách yên tâm nhé!\\n \\n CÁCH CHỌN SIZE\\n \\n ➡Size M : Từ 45_55kg\\n ➡Size L : Từ 55_65kg\\n ➡Size XL : Từ 65_75kg\\n \\n ➡HƯỚNG DẪN ĐẶT HÀNG\\n \\n - Bước 1 : Click sản phẩm chọn mua ngay ,chọn loại hàng --) size . Cho sp vào giỏ hàng.\\n \\n - Bước 2 : vào giỏ hàng đặt hàng. Điền thông tin, địa chỉ ,sdt .... hoàn thành 4 bước cho tới khi hoàn thành 1 đơn hàng.\\n \\n ➡ CAM KẾT TỪ SHOP\\n \\n - 100% Hình ảnh là chụp thật từ áo thật\\n \\n - Giao hàng đúng mẫu mã, size màu khách đặt.\\n \\n - Tất cả sản phẩm giao hàng trước khi thanh toán\\n \\n - Khi Đổi size quý khách vui lòng gửi hàng qua bưu điện về địa chỉ shop kèm giấy ghi chú đổi sang size màu gì dùm shop , shop sẽ xử lý sớm giúp bạn.\\n \\n * Lưu ý: chat với shop trước khi đặt hàng để chọn size và màu cho chính xác và dc hỗ trợ tốt nhất có thể nhé.\\n',0,_binary '',_binary '\0','admin','Áo thun tay lỡ form rộng nam nữ chữ kiểu SVG vải đẹp dày mịn',0,59000.00,NULL,100,100,0,'ao-thun-tay-lo-form-rong-nam-nu-chu-kieu-svg-vai-ep-day-min-15',0,16,NULL,NULL,NULL,NULL,NULL),(105,'2023-11-26 16:49:19.760472','2023-12-02 22:16:13.111146','admin','? MÔ TẢ SẢN PHẨM Áo Phông nam nữ phối Tay Kẻ Vàng Unisex Cotton from rộng đẹp thoải mái trẻ trung - Áo thun nam nữ sử dụng chất vải cotton co giãn 4 chiều. Là loại vải có đặc điểm mềm mịn, độ co giãn cao, khả năng thấm hút tốt và được dệt hoàn toàn từ sợi cây bông tự nhiên. Chất vải cotton cực kỳ thân thiện với làn da. - Áo thun nam nữ form rộng cổ tròn thoải mái - Áo phông unisex form rộng dễ phối đồ. Bạn có thể phối với quần jean, chân váy, … kết hợp với một đôi sneaker cho bạn tự tin xuống phố HƯỚNG DẪN LỰA CHỌN SIZE SỐ VÀ KÍCH THƯỚC CỦA ÁO Với những khách có dáng người đặc biệt quá gầy hoặc đang tăng cân nên nhắn tin để shop tư vấn size trước khi đặt, shop rất sẵn lòng phục vụ 24/7. Bảng SIZE: -Size S:38 - 45kg Cao dưới 15 -Size M: 47 - 54kg Cao dưới 1m6 -Size L: 54 - 60kg, Cao 1m65 -Size XL: từ 60 - 66kg , Cao 1m65- 1m7 ⚠️ LƯU Ý: Khi mở sản phẩm, khách yêu vui lòng quay lại video quá trình mở sản phẩm để được đảm bảo 100% đổi lại sản phẩm mới',0,_binary '\0',_binary '\0','admin','Áo Phông nam nữ phối Tay Kẻ Unisex Cotton from rộng đẹp thoải mái trẻ trung',0,42000.00,NULL,100,100,0,'ao-phong-nam-nu-phoi-tay-ke-unisex-cotton-from-rong-ep-thoai-mai-tre-trung',0,28,NULL,NULL,NULL,NULL,NULL),(106,'2023-11-27 14:02:53.624072','2023-12-02 22:16:08.659718','admin','? MÔ TẢ SẢN PHẨM Áo Phông nam nữ phối Tay Kẻ Vàng Unisex Cotton from rộng đẹp thoải mái trẻ trung - Áo thun nam nữ sử dụng chất vải cotton co giãn 4 chiều. Là loại vải có đặc điểm mềm mịn, độ co giãn cao, khả năng thấm hút tốt và được dệt hoàn toàn từ sợi cây bông tự nhiên. Chất vải cotton cực kỳ thân thiện với làn da. - Áo thun nam nữ form rộng cổ tròn thoải mái - Áo phông unisex form rộng dễ phối đồ. Bạn có thể phối với quần jean, chân váy, … kết hợp với một đôi sneaker cho bạn tự tin xuống phố HƯỚNG DẪN LỰA CHỌN SIZE SỐ VÀ KÍCH THƯỚC CỦA ÁO Với những khách có dáng người đặc biệt quá gầy hoặc đang tăng cân nên nhắn tin để shop tư vấn size trước khi đặt, shop rất sẵn lòng phục vụ 24/7. Bảng SIZE: - Size S:38 - 45kg Cao dưới 15 - Size M: 47 - 54kg Cao dưới 1m6 - Size L: 54 - 60kg, Cao 1m65 - Size XL: từ 60 - 66kg , Cao 1m65- 1m7',0,_binary '\0',_binary '\0','admin','Áo thun tay lỡ form rộng nam nữ chữ kiểu SVG vải đẹp dày mịn',0,42000.00,NULL,100,100,0,'ao-thun-tay-lo-form-rong-nam-nu-chu-kieu-svg-vai-ep-day-min-18',0,29,NULL,NULL,NULL,NULL,NULL),(107,'2023-11-30 01:42:47.466450','2023-12-02 22:16:05.639961','admin','Áo tăm cổ tròn vạt bầu dài tay nữ, áo thun dáng ôm body dài tay kiểu dáng bánh bèo tiểu thư hotgirl phong cách hàn quốc Chất liệu: Vải LEN Tăm Cao Cấp *Chất liệu co giãn tốt nên các chị em mặc không lo bị kích đâu nhé. *Thông số mang tính tham khảo tùy thuộc vào CHIỀU CAO và VÓC DÁNG của từng người, chị em dựa vào thông số của shop để áng chừng nhé. *Lưu ý: Cân nặng chỉ mang tính tham khảo, tuỳ thuộc vào dáng người nữa ạ. Các chị chênh lệch 2-3kg bon chen được ạ **CHI TIẾT Áo thun body nữ dài tay len tăm cổ tròn, áo kiểu vạt bầu bo eo phối cúc túi ngực đuôi tôm, basic tôn dáng - Áo thun body nữ, áo vạt bầu nữ đuôi tôm là một món đồ không thể thiếu trong tủ đổ của các chị em, với thiết kế basic, dễ mặc dễ phối đồ, lên form siêu xinh, đặc biệt là mặc cực kì tôn dáng nhìn dáng hình rất cao ráo và thanh lịch. - Áo thun body nữ, áo vạt bầu nữ đuôi tôm là mẫu thiết kế đơn giản, theo style sexy và quyến rũ, rất phù hợp mặc đi chơi và dự tiệc toát lên vẻ sang trong lịch sự quyến rũ, đây là mẫu hàng đang rất hot trên thị trường và được nhiều chị em săn đón - Áo thun body nữ, áo vạt bầu nữ đuôi tôm của shop được may tại xưởng chất lượng tốt, giá cả phù hợp với tất cả khách hàng, nên đang được bán rất chạy - Áo thun body nữ, áo vạt bầu nữ đuôi tôm mặc cho tất cả các mùa, đặc biệt là mùa thu đông là lựa chọn hàng dầu của các chị em, vậy nên hãy nhanh tay mua sắm cho mình một chiếc Áo thun body nữ, áo vạt bầu nữ đuôi tôm cực đỉnh nha **HDSD Áo thun body nữ dài tay len tăm cổ tròn, áo kiểu vạt bầu bo eo phối cúc túi ngực đuôi tôm, basic tôn dáng - Tốt nhất nên giặt tay và không nên chà mạnh bằng bàn chải có sợi cứng. - Nếu giặt máy, nên chọn chế độ giặt nhẹ và sản phẩm có chất vải phù hợp để bảo quản được lâu. - Không nên ngâm chung với trang phục ra bị màu. - Không nên phơi trực tiếp dưới ánh nắng mặt trời, vì có thể làm phai màu sản phẩm **ĐỔI TRẢ theo đúng quy định 1. Điều kiện áp dụng (trong vòng 03 ngày kể từ khi nhận sản phẩm): - Hàng hoá vẫn còn mới, chưa qua sử dụng - Hàng hóa hư hỏng do vận chuyển hoặc do nhà sản xuất. - Gửi lại hàng không đúng mẫu mã, không phải hàng của Timo Fashion',0,_binary '\0',_binary '\0','admin','Áo thun tay lỡ form rộng nữ chữ kiểu SVG vải đẹp dày mịn',0,79000.00,NULL,100,100,0,'ao-thun-tay-lo-form-rong-nu-chu-kieu-svg-vai-ep-day-min-1',0,30,NULL,NULL,NULL,NULL,NULL),(108,'2023-12-02 15:14:46.544720','2023-12-02 22:16:37.239750','admin','Bảng SIZE: Quần / Áo form châu Âu rộng rộng nhé các cậu\\n(Bảng size mang tính chất tham khảo và phù hợp 80-90% sở thích các cậu ạ. Các bạn muốn chọn size phù hợp có thể xem hình feedback các khách đã mua hoặc inbox cho nhé ^^)\\n-Size S: 35kg-40kg\\n-Size M: từ 40kg-47kg, Cao dưới 1m60\\n-Size L: từ 48kg-55kg , Cao dưới 1m65\\n-Size XL: từ 55-58kg,cao dưới 1m68\\nKhách hàng lưu ý đặt đúng size, khách đặt size nào shop giao đúng size đó trách trường hợp đặt size khác rồi vào báo shop gửi size khác nhé\\nCAM KẾT CHẤT LƯỢNG SẢN PHẨM TÔT NHÁT VỚI GIÁ CẢ HỢP LÝ ! \\nCHÚC QUÝ KHÁCH MUA SẮM VUI VẺ.',0,_binary '',_binary '','admin','Áo Khoác HOODIE Nam Nữ UNFL STUDIO Chất Vải Dày Dặn Ấm Áp',0,129000.00,NULL,100,100,0,'ao-khoac-hoodie-nam-nu-unfl-studio-chat-vai-day-dan-am-ap-4',0,22,NULL,NULL,NULL,NULL,NULL),(109,'2023-12-02 17:45:59.048106','2023-12-02 22:16:37.777728','admin','Bảng SIZE: Quần / Áo form châu Âu rộng rộng nhé các cậu\\n(Bảng size mang tính chất tham khảo và phù hợp 80-90% sở thích các cậu ạ. Các bạn muốn chọn size phù hợp có thể xem hình feedback các khách đã mua hoặc inbox cho nhé ^^)\\n-Size S: 35kg-40kg\\n-Size M: từ 40kg-47kg, Cao dưới 1m60\\n-Size L: từ 48kg-55kg , Cao dưới 1m65\\n-Size XL: từ 55-58kg,cao dưới 1m68\\nKhách hàng lưu ý đặt đúng size, khách đặt size nào shop giao đúng size đó trách trường hợp đặt size khác rồi vào báo shop gửi size khác nhé\\nCAM KẾT CHẤT LƯỢNG SẢN PHẨM TÔT NHÁT VỚI GIÁ CẢ HỢP LÝ ! \\nCHÚC QUÝ KHÁCH MUA SẮM VUI VẺ.',0,_binary '',_binary '','admin','Áo Khoác HOODIE Nam Nữ UNFL STUDIO Chất Vải Dày Dặn Ấm Áp',0,129000.00,NULL,100,100,0,'ao-khoac-hoodie-nam-nu-unfl-studio-chat-vai-day-dan-am-ap-3',0,22,NULL,NULL,NULL,NULL,NULL),(110,'2023-12-02 19:31:29.013842','2023-12-17 16:46:24.135279','admin','Áo tăm cổ tròn vạt bầu dài tay nữ, áo thun dáng ôm body dài tay kiểu dáng bánh bèo tiểu thư hotgirl phong cách hàn quốc Chất liệu: Vải LEN Tăm Cao Cấp *Chất liệu co giãn tốt nên các chị em mặc không lo bị kích đâu nhé. *Thông số mang tính tham khảo tùy thuộc vào CHIỀU CAO và VÓC DÁNG của từng người, chị em dựa vào thông số của shop để áng chừng nhé. *Lưu ý: Cân nặng chỉ mang tính tham khảo, tuỳ thuộc vào dáng người nữa ạ. Các chị chênh lệch 2-3kg bon chen được ạ **CHI TIẾT Áo thun body nữ dài tay len tăm cổ tròn, áo kiểu vạt bầu bo eo phối cúc túi ngực đuôi tôm, basic tôn dáng - Áo thun body nữ, áo vạt bầu nữ đuôi tôm là một món đồ không thể thiếu trong tủ đổ của các chị em, với thiết kế basic, dễ mặc dễ phối đồ, lên form siêu xinh, đặc biệt là mặc cực kì tôn dáng nhìn dáng hình rất cao ráo và thanh lịch. - Áo thun body nữ, áo vạt bầu nữ đuôi tôm là mẫu thiết kế đơn giản, theo style sexy và quyến rũ, rất phù hợp mặc đi chơi và dự tiệc toát lên vẻ sang trong lịch sự quyến rũ, đây là mẫu hàng đang rất hot trên thị trường và được nhiều chị em săn đón - Áo thun body nữ, áo vạt bầu nữ đuôi tôm của shop được may tại xưởng chất lượng tốt, giá cả phù hợp với tất cả khách hàng, nên đang được bán rất chạy - Áo thun body nữ, áo vạt bầu nữ đuôi tôm mặc cho tất cả các mùa, đặc biệt là mùa thu đông là lựa chọn hàng dầu của các chị em, vậy nên hãy nhanh tay mua sắm cho mình một chiếc Áo thun body nữ, áo vạt bầu nữ đuôi tôm cực đỉnh nha **HDSD Áo thun body nữ dài tay len tăm cổ tròn, áo kiểu vạt bầu bo eo phối cúc túi ngực đuôi tôm, basic tôn dáng - Tốt nhất nên giặt tay và không nên chà mạnh bằng bàn chải có sợi cứng. - Nếu giặt máy, nên chọn chế độ giặt nhẹ và sản phẩm có chất vải phù hợp để bảo quản được lâu. - Không nên ngâm chung với trang phục ra bị màu. - Không nên phơi trực tiếp dưới ánh nắng mặt trời, vì có thể làm phai màu sản phẩm **ĐỔI TRẢ theo đúng quy định 1. Điều kiện áp dụng (trong vòng 03 ngày kể từ khi nhận sản phẩm): - Hàng hoá vẫn còn mới, chưa qua sử dụng - Hàng hóa hư hỏng do vận chuyển hoặc do nhà sản xuất. - Gửi lại hàng không đúng mẫu mã, không phải hàng của Timo Fashion',1,_binary '',_binary '','user05','Áo thun tay lỡ form rộng nam nữ chữ kiểu SVG vải đẹp dày mịn',0,59000.00,NULL,200,200,0,'ao-thun-tay-lo-form-rong-nam-nu-chu-kieu-svg-vai-ep-day-min-12',0,30,NULL,NULL,NULL,NULL,NULL),(111,'2023-12-03 00:15:55.038669','2023-12-10 15:33:45.312128','admin','Shop xin giới thiệu tới quý khách bộ sản phẩm: \"set bộ cộc tay bé gái GẤU DÂU \"21-43kg dành cho bé gái . Xinh xắn, đáng yêu, co giãn, thoáng mát. ️Chất liệu: cotton 4c, mềm mịn, thoải mái ️Hàng may kĩ, chuẩn form, hàng đẹp không lỗi. ️Hướng dẫn chọn Size phù hợp cho bé: 1. HƯỚNG DẪN ĐẶT HÀNG Bấm chọn MÀU Bấm chọn SIZE và SỐ LƯỢNG Bấm THÊM VÀO GIỎ HÀNG Tiếp tục chọn các mẫu hoặc màu khác và làm giống các bước như trên Chọn đủ mẫu và số lượng sau đó chọn MUA HÀNG 2. HƯỚNG DẪN BẢO QUẢN Giặt tay hoặc giặt bằng máy không quá 30 độ C. Là ở nhiệt độ thường. Không giặt chung đồ bị phai màu. Không ngâm sản phẩm quá 30 phút với xà phòng giặt. Không sử dụng chất tẩy mạnh. LƯU Ý : - Quý khách nhận được hàng nếu có thắc mắc vui lòng inbox lại shop trước khi đánh giá sản phẩm. - Các mom nhận hàng, ưng sản phẩm cho shop xin 1 đánh giá 5 sao kèm hình ảnh sản phẩm. Shop cam kết luôn đưa đến các sản phẩm tạo cho bé cảm giác thỏai mái, thỏa sức vui chơi. Khi có lỗi của sản phẩm hoặc quý khách có bất kỳ thắc mắc nào, xin đừng ngần ngại hãy liên hệ ngay với shop qua chát trực tiếp. Quý khách có thể nhắn tin để shop gọi lại nhé. Shop xin cam kết sẽ cho quý khách câu trả lời thỏa mãn trong mọi trường hợp.',1,_binary '',_binary '','user','Đồ bé gái, set bộ cộc tay bé gái gấu dâu LOTSO BEAR chất cotton mịn mát, bộ quần áo bé gái mùa hè [12-52kg]',1,75000.00,NULL,59,53,5,'o-be-gai-set-bo-coc-tay-be-gai-gau-dau-lotso-bear-chat-cotton-min-mat-bo-quan-ao-be-gai-mua-he-12-52kg',6,31,NULL,NULL,NULL,NULL,NULL),(112,'2023-12-03 00:46:24.270286','2023-12-05 23:14:08.840298','admin','Shop xin giới thiệu tới quý khách bộ sản phẩm: \"set bộ cộc tay bé gái GẤU DÂU \"21-43kg dành cho bé gái . Xinh xắn, đáng yêu, co giãn, thoáng mát. ️Chất liệu: cotton 4c, mềm mịn, thoải mái ️Hàng may kĩ, chuẩn form, hàng đẹp không lỗi. ️Hướng dẫn chọn Size phù hợp cho bé: 1. HƯỚNG DẪN ĐẶT HÀNG Bấm chọn MÀU Bấm chọn SIZE và SỐ LƯỢNG Bấm THÊM VÀO GIỎ HÀNG Tiếp tục chọn các mẫu hoặc màu khác và làm giống các bước như trên Chọn đủ mẫu và số lượng sau đó chọn MUA HÀNG 2. HƯỚNG DẪN BẢO QUẢN Giặt tay hoặc giặt bằng máy không quá 30 độ C. Là ở nhiệt độ thường. Không giặt chung đồ bị phai màu. Không ngâm sản phẩm quá 30 phút với xà phòng giặt. Không sử dụng chất tẩy mạnh. LƯU Ý : - Quý khách nhận được hàng nếu có thắc mắc vui lòng inbox lại shop trước khi đánh giá sản phẩm. - Các mom nhận hàng, ưng sản phẩm cho shop xin 1 đánh giá 5 sao kèm hình ảnh sản phẩm. Shop cam kết luôn đưa đến các sản phẩm tạo cho bé cảm giác thỏai mái, thỏa sức vui chơi. Khi có lỗi của sản phẩm hoặc quý khách có bất kỳ thắc mắc nào, xin đừng ngần ngại hãy liên hệ ngay với shop qua chát trực tiếp. Quý khách có thể nhắn tin để shop gọi lại nhé. Shop xin cam kết sẽ cho quý khách câu trả lời thỏa mãn trong mọi trường hợp.',1,_binary '',_binary '','user','Đồ bé gái, set bộ cộc tay bé gái gấu dâu LOTSO BEAR chất cotton mịn mát, bộ quần áo bé gái mùa hè [12-52kg]',0,75000.00,0.00,30,30,0,'o-be-gai-set-bo-coc-tay-be-gai-gau-dau-lotso-bear-chat-cotton-min-mat-bo-quan-ao-be-gai-mua-he-12-52kg-1',0,31,NULL,NULL,NULL,NULL,NULL),(113,'2023-12-03 00:51:42.164186','2023-12-03 00:51:42.164186','admin','THÔNG TIN SẢN PHẨM\\n\n\\n\nÁo khoác kaki sơ mi tay lỡ vải mềm mịn\\n\n\\n\nChất liệu: vải KAKI mềm mịn ko xù lông, không ra màu.\\n\n\\n\nMàu sắc: đen, hồng,trắng\\n\n\\n\nĐổi trả hàng nếu k hài lòng\\n\n\\n\nThích hợp mặc trong trong nhà , chơi thể thao vv.....\\n\n\\n\nHàng bên shop em bán là loại 1 nhé khách,nên đừng so sánh giá rẻ hơn 5-10k mà chất lượng k đẹp thì cũng vậy,đừng tiếc vài đồng mà mua chiếc áo về mình thấy k hài lòng nhé. .\\n\n\\n\nShop Bao giá và chất lượng. Uy tín để lên hàng đầu nên khách yên tâm nhé!\\n\n\\n CÁCH CHỌN SIZE\\n\n\\n\n➡Size M : Từ 45_55kg\\n\n➡Size L : Từ 55_65kg\\n\n➡Size XL : Từ 65_75kg\\n\n\\n\n➡HƯỚNG DẪN ĐẶT HÀNG\\n\n\\n\n- Bước 1 : Click sản phẩm chọn mua ngay ,chọn loại hàng --) size . Cho sp vào giỏ hàng.\\n\n\\n\n- Bước 2 : vào giỏ hàng đặt hàng. Điền thông tin, địa chỉ ,sdt .... hoàn thành 4 bước cho tới khi hoàn thành 1 đơn hàng.\\n\n\\n\n➡ CAM KẾT TỪ SHOP\\n\n\\n\n- 100% Hình ảnh là chụp thật từ áo thật\\n\n\\n\n- Giao hàng đúng mẫu mã, size màu khách đặt.\\n\n\\n\n- Tất cả sản phẩm giao hàng trước khi thanh toán\\n\n\\n\n- Khi Đổi size quý khách vui lòng gửi hàng qua bưu điện về địa chỉ shop kèm giấy ghi chú đổi sang size màu gì dùm shop , shop sẽ xử lý sớm giúp bạn.\\n\n\\n\n* Lưu ý: chat với shop trước khi đặt hàng để chọn size và màu cho chính xác và dc hỗ trợ tốt nhất có thể nhé.\\n',0,_binary '',_binary '\0','admin','Áo thun tay lỡ form rộng nam nữ chữ kiểu SVG vải đẹp dày mịn',0,59000.00,0.00,100,100,0,'ao-thun-tay-lo-form-rong-nam-nu-chu-kieu-svg-vai-ep-day-min-19',0,16,NULL,NULL,NULL,NULL,NULL),(114,'2023-12-03 00:51:59.113161','2023-12-17 16:46:56.339666','admin','THÔNG TIN SẢN PHẨM\\n\n\\n\nÁo khoác kaki sơ mi tay lỡ vải mềm mịn\\n\n\\n\nChất liệu: vải KAKI mềm mịn ko xù lông, không ra màu.\\n\n\\n\nMàu sắc: đen, hồng,trắng\\n\n\\n\nĐổi trả hàng nếu k hài lòng\\n\n\\n\nThích hợp mặc trong trong nhà , chơi thể thao vv.....\\n\n\\n\nHàng bên shop em bán là loại 1 nhé khách,nên đừng so sánh giá rẻ hơn 5-10k mà chất lượng k đẹp thì cũng vậy,đừng tiếc vài đồng mà mua chiếc áo về mình thấy k hài lòng nhé. .\\n\n\\n\nShop Bao giá và chất lượng. Uy tín để lên hàng đầu nên khách yên tâm nhé!\\n\n\\n CÁCH CHỌN SIZE\\n\n\\n\n➡Size M : Từ 45_55kg\\n\n➡Size L : Từ 55_65kg\\n\n➡Size XL : Từ 65_75kg\\n\n\\n\n➡HƯỚNG DẪN ĐẶT HÀNG\\n\n\\n\n- Bước 1 : Click sản phẩm chọn mua ngay ,chọn loại hàng --) size . Cho sp vào giỏ hàng.\\n\n\\n\n- Bước 2 : vào giỏ hàng đặt hàng. Điền thông tin, địa chỉ ,sdt .... hoàn thành 4 bước cho tới khi hoàn thành 1 đơn hàng.\\n\n\\n\n➡ CAM KẾT TỪ SHOP\\n\n\\n\n- 100% Hình ảnh là chụp thật từ áo thật\\n\n\\n\n- Giao hàng đúng mẫu mã, size màu khách đặt.\\n\n\\n\n- Tất cả sản phẩm giao hàng trước khi thanh toán\\n\n\\n\n- Khi Đổi size quý khách vui lòng gửi hàng qua bưu điện về địa chỉ shop kèm giấy ghi chú đổi sang size màu gì dùm shop , shop sẽ xử lý sớm giúp bạn.\\n\n\\n\n* Lưu ý: chat với shop trước khi đặt hàng để chọn size và màu cho chính xác và dc hỗ trợ tốt nhất có thể nhé.\\n',0,_binary '',_binary '','user05','Áo thun tay lỡ form rộng nam nữ chữ kiểu SVG vải đẹp dày mịn',0,59000.00,0.00,100,100,0,'ao-thun-tay-lo-form-rong-nam-nu-chu-kieu-svg-vai-ep-day-min-20',0,16,NULL,NULL,NULL,NULL,NULL),(115,'2023-12-03 00:58:16.773435','2024-04-23 22:16:20.828835','admin','Shop xin giới thiệu tới quý khách bộ sản phẩm: \"set bộ cộc tay bé gái GẤU DÂU \"21-43kg dành cho bé gái . Xinh xắn, đáng yêu, co giãn, thoáng mát. ️Chất liệu: cotton 4c, mềm mịn, thoải mái ️Hàng may kĩ, chuẩn form, hàng đẹp không lỗi. ️Hướng dẫn chọn Size phù hợp cho bé: 1. HƯỚNG DẪN ĐẶT HÀNG Bấm chọn MÀU Bấm chọn SIZE và SỐ LƯỢNG Bấm THÊM VÀO GIỎ HÀNG Tiếp tục chọn các mẫu hoặc màu khác và làm giống các bước như trên Chọn đủ mẫu và số lượng sau đó chọn MUA HÀNG 2. HƯỚNG DẪN BẢO QUẢN Giặt tay hoặc giặt bằng máy không quá 30 độ C. Là ở nhiệt độ thường. Không giặt chung đồ bị phai màu. Không ngâm sản phẩm quá 30 phút với xà phòng giặt. Không sử dụng chất tẩy mạnh. LƯU Ý : - Quý khách nhận được hàng nếu có thắc mắc vui lòng inbox lại shop trước khi đánh giá sản phẩm. - Các mom nhận hàng, ưng sản phẩm cho shop xin 1 đánh giá 5 sao kèm hình ảnh sản phẩm. Shop cam kết luôn đưa đến các sản phẩm tạo cho bé cảm giác thỏai mái, thỏa sức vui chơi. Khi có lỗi của sản phẩm hoặc quý khách có bất kỳ thắc mắc nào, xin đừng ngần ngại hãy liên hệ ngay với shop qua chát trực tiếp. Quý khách có thể nhắn tin để shop gọi lại nhé. Shop xin cam kết sẽ cho quý khách câu trả lời thỏa mãn trong mọi trường hợp.',1,_binary '',_binary '','user','Đồ bé gái, set bộ cộc tay bé gái gấu dâu LOTSO BEAR chất cotton mịn mát, bộ quần áo bé gái mùa hè [12-52kg]',2,79000.00,0.00,51,43,5,'o-be-gai-set-bo-coc-tay-be-gai-gau-dau-lotso-bear-chat-cotton-min-mat-bo-quan-ao-be-gai-mua-he-12-52kg-2',8,31,NULL,NULL,NULL,NULL,NULL),(116,'2023-12-08 23:50:45.575731','2023-12-09 00:18:48.689653','admin','Chân váy xòe xếp ly nữ ngắn đẹp, chấn váy tenis đi chơi 2 tâng chất tuyết mưa cao cấp phong cách hàn quốc trẻ trung ? Follow Shop Nhận Ngay VOUCHER Chị/Em ơi, Để tránh làm chị em không hài lòng, c/e nên vui lòng quay lại video khi mở sản phẩm để đối chiếu với video của shop -Tránh Mất Mát, Thiếu Hàng Trong Quá Trình Vận Chuyển nhé! CAM KẾT: ?C/e Nhận Hàng-Kiểm Tra-Không Ưng- TRẢ THOẢI MÁI ( Không Mất Ship) ?BANK 100% Tiền Nếu Sản Phẩm Gửi Cho Quý Khách Không Đúng Chất Lượng Như Mô Tả ?LỖI 1 ĐỔI 1 TRONG VÒNG 60 NGÀY / Còn Nguyên Tem Mác / ?Hình ảnh sản phẩm là ảnh thật, các hình hoàn toàn do shop tự thiết kế ?Vui lòng ĐÁNH GIÁ SẢN PHẨM để nhận VOUCHER GIẢM GIÁ ✪ Để giải đáp mọi thắc mắc, c/e vui lòng LIÊN HỆ SHOP ✪ LƯU Ý: Bán Hàng Không tránh khỏi những sai sót, hàng bị lỗi, hoặc thiếu hàng chị em trớ vội đánh giá mà hãy liên hệ ngay trực tiếp với shop để được hỗ trợ kịp thời, shop sẽ giải quyết hài lòng + Size S: (40-45kg), eo < 67, mông <85 + Szie M: (46- 50kg), eo 67-69, mông 86-90 + Size L: (51- 55kg), eo 70-72, mông 90-97 + Size XL: (56- 60kg), eo 73-76, mông 98-100 Chân váy xòe xếp ly nữ ngắn đẹp, chấn váy tenis đi chơi 2 tâng chất tuyết mưa cao cấp phong cách hàn quốc trẻ trung- HQ ✪ THÔNG TIN SẢN PHẨM: ✔Chất Liệu Với Chân Váy Xếp Ly Chữ A Nhỏ là TUYẾT MƯA HÀN Phiên bản Cao Cấp ✔Không Nhăn Không Xù ✔Đường May Kỹ -Chuẩn quốc tế 5mm/mũi ✔Không Chỉ Thừa ✔Sản Phẩm Thơm - Đóng Túi RÍP ✔Thân Thiện Môi Trường ✔Độ Bền Cao ✔Dễ Dàng Giặt Ủi ✔Co Giản Nhẹ',0,_binary '',_binary '','admin','Chân Váy Xòe Xếp Ly Nữ Ngắn Đẹp,Chân Váy Tennis Đi Chơi 2 Tâng Chất Tuyết Mưa Cao Cấp Phong Cách Hàn QuốcTrẻ Trung',0,85000.00,NULL,100,100,0,'chan-vay-xoe-xep-ly-nu-ngan-ep-chan-vay-tennis-i-choi-2-tang-chat-tuyet-mua-cao-cap-phong-cach-han-quoctre-trung',0,23,NULL,NULL,NULL,NULL,NULL),(117,'2023-12-08 23:51:10.360876','2023-12-09 00:23:24.066876','admin','Chân váy xòe xếp ly nữ ngắn đẹp, chấn váy tenis đi chơi 2 tâng chất tuyết mưa cao cấp phong cách hàn quốc trẻ trung ? Follow Shop Nhận Ngay VOUCHER Chị/Em ơi, Để tránh làm chị em không hài lòng, c/e nên vui lòng quay lại video khi mở sản phẩm để đối chiếu với video của shop -Tránh Mất Mát, Thiếu Hàng Trong Quá Trình Vận Chuyển nhé! CAM KẾT: ?C/e Nhận Hàng-Kiểm Tra-Không Ưng- TRẢ THOẢI MÁI ( Không Mất Ship) ?BANK 100% Tiền Nếu Sản Phẩm Gửi Cho Quý Khách Không Đúng Chất Lượng Như Mô Tả ?LỖI 1 ĐỔI 1 TRONG VÒNG 60 NGÀY / Còn Nguyên Tem Mác / ?Hình ảnh sản phẩm là ảnh thật, các hình hoàn toàn do shop tự thiết kế ?Vui lòng ĐÁNH GIÁ SẢN PHẨM để nhận VOUCHER GIẢM GIÁ ✪ Để giải đáp mọi thắc mắc, c/e vui lòng LIÊN HỆ SHOP ✪ LƯU Ý: Bán Hàng Không tránh khỏi những sai sót, hàng bị lỗi, hoặc thiếu hàng chị em trớ vội đánh giá mà hãy liên hệ ngay trực tiếp với shop để được hỗ trợ kịp thời, shop sẽ giải quyết hài lòng + Size S: (40-45kg), eo < 67, mông <85 + Szie M: (46- 50kg), eo 67-69, mông 86-90 + Size L: (51- 55kg), eo 70-72, mông 90-97 + Size XL: (56- 60kg), eo 73-76, mông 98-100 Chân váy xòe xếp ly nữ ngắn đẹp, chấn váy tenis đi chơi 2 tâng chất tuyết mưa cao cấp phong cách hàn quốc trẻ trung- HQ ✪ THÔNG TIN SẢN PHẨM: ✔Chất Liệu Với Chân Váy Xếp Ly Chữ A Nhỏ là TUYẾT MƯA HÀN Phiên bản Cao Cấp ✔Không Nhăn Không Xù ✔Đường May Kỹ -Chuẩn quốc tế 5mm/mũi ✔Không Chỉ Thừa ✔Sản Phẩm Thơm - Đóng Túi RÍP ✔Thân Thiện Môi Trường ✔Độ Bền Cao ✔Dễ Dàng Giặt Ủi ✔Co Giản Nhẹ',1,_binary '',_binary '','user','Chân Váy Xòe Xếp Ly Nữ Ngắn Đẹp,Chân Váy Tennis Đi Chơi 2 Tâng Chất Tuyết Mưa Cao Cấp Phong Cách Hàn QuốcTrẻ Trung',0,85000.00,NULL,100,100,0,'chan-vay-xoe-xep-ly-nu-ngan-ep-chan-vay-tennis-i-choi-2-tang-chat-tuyet-mua-cao-cap-phong-cach-han-quoctre-trung-1',0,23,NULL,NULL,NULL,NULL,NULL),(118,'2023-12-16 15:06:12.145794','2024-05-03 15:40:07.878240','admin','♥ CAPTAIN STORE KÍNH CHÀO QUÝ KHÁCH ♥ Cam Kết Của Shop:\n✔ Hình ảnh là do shop chụp 100%\n✔ Khách nhận hàng cam hết đúng như mô tả\n✔ Không độn size sản phẩm\n✔ Không tăng giá trong suốt vòng đời sản phẩm\n✔ Gửi hàng nhanh nhất có thể Chính Sách Bảo Hành:\n- Hàng không giống mô tả shop hoàn lại tiền 100%\n- Hàng lỗi do nhà sản xuất hỗ trợ miễn phí đổi mới ngay lập tức\n- Hàng không vừa size shop hỗ trợ phí ship 1 chiều đổi size Không Tiếp Nhận Hoàn Hàng Đối Với Các Trường Hợp: ⚠ Đối với sản phẩm đã sử dụng gây hư hỏng\n⚠ Quá thời hạn tiếp nhận xử lý dưới 7 ngày\n⚠ Hàng mang không hợp với bạn ? Về sản phẩm: Shop cam kết 100% về chất lượng ? Về giá cả: Shop nhập với số lượng nhiều và trực tiếp nên chi phí sẽ là rẻ nhất nhé.\n? Về dịch vụ: Shop có đội ngũ tư vấn 24/24 và sẽ cố gắng trả lời hết những thắc mắc xoay quanh sản phẩm. ? Thời gian chuẩn bị hàng: Hàng luôn có sẵn, thời gian chuẩn bị tối ưu nhất LỜI MUỐN NÓI: ❣ Cảm ơn bạn đã quan tâm.bạn hãy vui lòng dành chút thời gian đánh giá sản phẩm để shop lấy động lực phục vụ các bạn tốt hơn nhé!! ❣ Đừng quên theo dõi shop! Bạn sẽ được cập nhật những mẫu Giày mới nhất trên thị trường!!!\n--------------------------------------------------------------\nHướng dẫn chọn size theo SHOP:\n? Đo chiều dài chân từ gót chân đến mũi ngón chân dài nhất. ? So sánh và tham khảo bảng size bên dưới.\n--------------------------------------------------------------\nBẢNG SIZE Giày Chiều dài bàn chân ---> Size số\n- 22.5cm đến 23cm ---> size 36\n- 23cm đến 23.5cm ---> size 37\n- 23.5cm đến 24cm ---> size 38\n- 24cm đến 24.5cm ---> size 39\n- 24,5cm đến 25cm ---> size 40\n- 25cm đến 25.5cm ---> size 41\n- 25,5cm đến 26cm ---> size 42\n- 26,5cm đến 27cm ---> size 43',1,_binary '',_binary '','user','Giày Thể thao AF1_Nike Vệt Nâu , Giày Sneaker Nam Nữ Hàng SC 1:1',3,135000.00,NULL,150,147,5,'giay-the-thao-af1_nike-vet-nau-giay-sneaker-nam-nu-hang-sc-1-1',3,32,NULL,NULL,NULL,NULL,NULL),(119,'2023-12-17 16:55:52.095058','2024-04-26 18:03:34.067182','admin','✅✅Việc vận chuyển đường dài xuyên quốc gia mất nhiều thời gian là điều bình thường, nếu cần gấp vui lòng đặt hàng cẩn thận! ! ! Làm ơn hãy hiểu! ! ! ✅✅Bạn đặt hàng một sản phẩm và chúng tôi sẽ chuẩn bị hàng vào ngày hôm sau ✅✅Vui lòng kiểm tra kỹ trước khi mua hàng, nếu không có gì bất thường khi đặt hàng, vui lòng từ chối hủy đơn hàng, mong được biết! ! ! Hình dạng ngón chân: ngón chân tròn Chất liệu trên: da tổng hợp phong cách: Hàn Quốc Giới tính áp dụng:\nNam Chiều cao gót: gót thấp (1-3CM) Màu sắc: xám AD036, kaki AD036, đen AD036\nKích thước: 39~44 Chất liệu đế: Cao su Chất liệu bên trong: bông Chất liệu đế: EVA Chiều cao trên: thấp Công nghệ đế: giày đúc phun Chức năng: thoáng khí, chống mài mòn Đóng cửa: buộc dây',1,_binary '',_binary '','user','Giày lao động chống trượt Giày Thể Thao Đế Mềm Siêu Nhẹ Thời Trang Cho Nam giày nam lao động',0,187997.00,NULL,100,100,0,'giay-lao-ong-chong-truot-giay-the-thao-e-mem-sieu-nhe-thoi-trang-cho-nam-giay-nam-lao-ong',0,32,NULL,NULL,NULL,NULL,NULL),(120,'2023-12-27 22:12:10.080933','2023-12-27 22:16:34.834980','admin','Áo Thun Cổ Trụ Đơn Giản Ngân Hà Space Ver19\nChất liệu: Cotton Compact 2C\nThành phần: 100% Cotton\n- Thân thiện\n- Thấm hút thoát ẩm\n- Mềm mại\n- Kiểm soát mùi\n- Điều hòa nhiệt\n+ Họa tiết thêu xù + thêu viền\n- HDSD:\n+ Nên giặt chung với sản phẩm cùng màu\n+ Không dùng thuốc tẩy hoặc xà phòng có tính tẩy mạnh\n+ Nên phơi trong bóng râm để giữ sp bền màu',0,_binary '',_binary '','admin','Áo Polo Cổ Bẻ Tay Ngắn Vải Cotton 2 Chiều Thấm Hút Biểu Tượng Dáng Rộng Đơn Giản Space Ver19',0,228000.00,0.00,100,100,0,'ao-polo-co-be-tay-ngan-vai-cotton-2-chieu-tham-hut-bieu-tuong-dang-rong-on-gian-space-ver19',0,33,NULL,NULL,NULL,NULL,NULL),(121,'2023-12-27 22:15:33.398064','2023-12-27 22:16:33.995695','admin','Áo Thun Cổ Trụ Tối Giản M4\nChất liệu: Vải cá sấu tici\nThành phần: 61% Polyester 33% Cotton 6% Spandex\n- Thoáng mát\n- Co giãn tối ưu\n- Thoải mái\n- May đắp logo inox',0,_binary '',_binary '','admin','Áo Polo Cổ Bẻ Tay Ngắn Cá Sấu 4 Chiều Thoáng Mát Trơn Dáng Vừa Đơn Giản Gu Tối Giản M4',0,205000.00,0.00,100,100,0,'ao-polo-co-be-tay-ngan-ca-sau-4-chieu-thoang-mat-tron-dang-vua-on-gian-gu-toi-gian-m4',0,33,NULL,NULL,NULL,NULL,NULL),(122,'2023-12-27 22:24:10.856036','2024-04-23 02:36:22.093907','admin','Áo Thun Cổ Trụ Y Nguyên Bản 18+ Ver61\nChất liệu: Cotton Compact 2C\nThành phần: 100% Cotton\n- Thân thiện\n- Thấm hút thoát ẩm\n- Mềm mại\n- Kiểm soát mùi\n- Điều hòa nhiệt\n+ Họa tiết in dẻo\n- HDSD:\n+ Nên giặt chung với sản phẩm cùng màu\n+ Không dùng thuốc tẩy hoặc xà phòng có tính tẩy mạnh\n+ Nên phơi trong bóng râm để giữ sp bền màu',1,_binary '',_binary '','user','Áo Polo Cổ Bẻ Tay Ngắn Vải Cotton 2 Chiều Thấm Hút Biểu Tượng Dáng Rộng BST Thiết Kế Y2010 Originals Ver61',0,200000.00,0.00,100,86,0,'ao-polo-co-be-tay-ngan-vai-cotton-2-chieu-tham-hut-bieu-tuong-dang-rong-bst-thiet-ke-y2010-originals-ver61',14,33,NULL,NULL,NULL,NULL,NULL),(123,'2023-12-27 22:28:09.548810','2024-04-23 02:36:21.987910','admin','Áo Thun Sweater Y Nguyên Bản 18+ Ver63\nChất liệu: COTTON DOUBLE FACE\n- Vải sợi Cotton được dệt theo \"DOUBLE-FACE\" có cấu trúc 2 bề mặt giống nhau, có thể sử dụng được cả 2 mặt vải .\nThành phần: 87% Cotton 13% Polyester\n- Co giãn\n- Độ bền cao\n- Thoáng Khí\n- Nhanh khô\n+ Nhãn ép',1,_binary '',_binary '','user','Áo Polo Cổ Bẻ Tay Dài Vải Cotton 2 Chiều Thấm Hút Trơn Dáng Rộng BST Thiết Kế Y2010 Originals Ver63',0,249000.00,0.00,100,93,0,'ao-polo-co-be-tay-dai-vai-cotton-2-chieu-tham-hut-tron-dang-rong-bst-thiet-ke-y2010-originals-ver63',7,33,NULL,NULL,NULL,NULL,NULL),(124,'2023-12-27 22:43:36.778652','2023-12-27 23:07:40.315551','admin','Áo khoác Hoodie Nam Nữ form rộng thời trang đường phố.\n- Thiết kế trơn basic simple trẻ trung dễ phối đồ.\n- Kiểu áo hoodie có mũ.\n- Kiểu dáng: Form rộng.\n- Thích hợp dạo phố, du lịch, đi chơi,... Chi tiết Áo Hoodie màu đen:\n- Chất liệu vải nỉ da cá: Cotton 59%, PE 41%.\n- Size: S, M, L, XL\n- Vải mềm mại, độ dày trung bình (~400 gsm), phù hợp mặc quanh năm.\n- Co giãn nhẹ.\n- Thoáng khí, thấm hút mồ hôi.\n- Giữ form sau khi giặt & không bị xù lông.',1,_binary '',_binary '','user2','Áo Hoodie Nam Nữ trơn form rộng - Basic Casual Hoodie in Black',1,339000.00,0.00,50,50,5,'ao-hoodie-nam-nu-tron-form-rong-basic-casual-hoodie-in-black',0,17,NULL,NULL,NULL,NULL,NULL),(125,'2023-12-27 22:46:05.996527','2023-12-27 23:07:42.053426','admin','Áo khoác Hoodie Nam Nữ form rộng thời trang đường phố.\n- Thiết kế trơn basic simple trẻ trung dễ phối đồ.\n- Kiểu áo hoodie có mũ.\n- Kiểu dáng: Form rộng.\n- Thích hợp dạo phố, du lịch, đi chơi,...\nChi tiết Áo Hoodie màu trắng:\n- Chất liệu vải nỉ da cá: Cotton 59%, PE 41%.\n- Size: S, M, L, XL, 2XL, 3XL\n- Vải mềm mại, độ dày trung bình (~400 gsm), phù hợp mặc quanh năm.\n- Co giãn nhẹ.\n- Thoáng khí, thấm hút mồ hôi.\n- Giữ form sau khi giặt & không bị xù lông.',1,_binary '',_binary '','user2','Áo Hoodie Nam Nữ trơn form rộng - Basic Casual Hoodie in White',1,339000.00,0.00,50,50,4,'ao-hoodie-nam-nu-tron-form-rong-basic-casual-hoodie-in-white',0,17,NULL,NULL,NULL,NULL,NULL),(126,'2023-12-27 22:48:57.500862','2023-12-27 22:51:21.614896','admin','Áo khoác Hoodie Nam Nữ form rộng thời trang đường phố.\n- Thiết kế trơn basic simple trẻ trung dễ phối đồ.\n- Kiểu áo hoodie có mũ.\n- Kiểu dáng: Form rộng.\n- Thích hợp dạo phố, du lịch, đi chơi,...\nChi tiết Áo Hoodie màu trắng:\n- Chất liệu vải nỉ da cá: Cotton 59%, PE 41%.\n- Size: S, M, L, XL, 2XL, 3XL\n- Vải mềm mại, độ dày trung bình (~400 gsm), phù hợp mặc quanh năm.\n- Co giãn nhẹ.\n- Thoáng khí, thấm hút mồ hôi.\n- Giữ form sau khi giặt & không bị xù lông.',0,_binary '\0',_binary '\0','admin','Áo Hoodie Nam Nữ trơn form rộng - Basic Casual Hoodie in Grey',0,339000.00,0.00,50,50,0,'ao-hoodie-nam-nu-tron-form-rong-basic-casual-hoodie-in-grey',0,17,NULL,NULL,NULL,NULL,NULL),(127,'2023-12-27 22:49:15.525345','2024-04-26 18:21:45.786166','admin','Áo khoác Hoodie Nam Nữ form rộng thời trang đường phố.\n- Thiết kế trơn basic simple trẻ trung dễ phối đồ.\n- Kiểu áo hoodie có mũ.\n- Kiểu dáng: Form rộng.\n- Thích hợp dạo phố, du lịch, đi chơi,...\nChi tiết Áo Hoodie màu trắng:\n- Chất liệu vải nỉ da cá: Cotton 59%, PE 41%.\n- Size: S, M, L, XL, 2XL, 3XL\n- Vải mềm mại, độ dày trung bình (~400 gsm), phù hợp mặc quanh năm.\n- Co giãn nhẹ.\n- Thoáng khí, thấm hút mồ hôi.\n- Giữ form sau khi giặt & không bị xù lông.',1,_binary '',_binary '','user','Áo Hoodie Nam Nữ trơn form rộng - Basic Casual Hoodie in Grey',0,339000.00,NULL,60,60,0,'ao-hoodie-nam-nu-tron-form-rong-basic-casual-hoodie-in-grey-1',0,17,NULL,NULL,NULL,NULL,NULL),(128,'2023-12-30 15:24:24.548642','2023-12-30 15:25:23.813081','admin','Mô tả sản phẩm',0,_binary '',_binary '','admin','Áo thun tay lỡ form rộng nam nữ chữ kiểu SVG vải đẹp dày mịn loại 5',0,99000.00,0.00,100,100,0,'ao-thun-tay-lo-form-rong-nam-nu-chu-kieu-svg-vai-ep-day-min-loai-5',0,13,NULL,NULL,NULL,NULL,NULL),(129,'2024-04-11 22:44:46.417665','2024-04-24 16:02:46.146978','admin','<p><span class=\"ql-font-serif\">ád</span>fsdfsdafasd</p><p>ádf</p><p class=\"ql-indent-1\">ádf</p><p class=\"ql-indent-1\">sadf</p><p class=\"ql-indent-1\"><span class=\"ql-font-monospace\">ádfasd</span></p><ol><li>fầ</li><li>ádf</li><li>ádf</li><li>ád</li><li><img src=\"data:image/jpeg;base64,/9j/4AAQSkZJRgABAQEAeAB4AAD/2wBDAAUDBAQEAwUEBAQFBQUGBwwIBwcHBw8LCwkMEQ8SEhEPERETFhwXExQaFRERGCEYGh0dHx8fExciJCIeJBweHx7/2wBDAQUFBQcGBw4ICA4eFBEUHh4eHh4eHh4eHh4eHh4eHh4eHh4eHh4eHh4eHh4eHh4eHh4eHh4eHh4eHh4eHh4eHh7/wAARCAD8AS0DASIAAhEBAxEB/8QAHQAAAQUBAQEBAAAAAAAAAAAABQECAwQGBwAICf/EADoQAAEDAwMCBAQFAwMFAAMAAAECAxEABCEFEjEGQRMiUWEHMnGBFJGhscEjQtEVM0MkUmJy8ILh8f/EABkBAAMBAQEAAAAAAAAAAAAAAAABAgMEBf/EACERAQEAAgMBAAMBAQEAAAAAAAABAhESITFBAxNRYXEE/9oADAMBAAIRAxEAPwDmvwI+Gj/xC6gWbpTlvotkQq7eSIKyeGkGIkwST2GeSAfszp7RdK6e0pvS9GsGbGyaH9NpoQJ7knkk9ySSe5rM/BbQLTpP4ZaRp8oQ+4wLq6I5LrgClT9AQn6JFaG/1hppkhPm7GO1K1vhjqL7ty02ElSkkme9VbrVG0Nq8NacY5FBH7tx9KS00pQM9qk07Sbi6WS42pKSZJPap0tb/wBRdfWAlaTjiRmvW9ndXOUpUDMlUmKOaVoTDZC1pSojgUSIaZb8JttKczIpgGtNHKXSpaxJHfNEmrC2bbSohJVPpxUswr7UhIgGgHthCdyQEgH7U8bZBkH6VXW4Akgc9qiUtRKTgQOam7HScx2/+zSYBme1VluLSmZnNKXk7DvUAYJq7dzQO8U48wiaa/5kKJVIihTl602BuVMntULt+pRUESU8Co4hblSXElPIOKhfechRBTE8z71D4N9dKbLAIBGZ7GjGnaCrw5eXPBI96ofNBCw68sJhJMYzUrWkuuoQohQO7kjtWrYsWWFja2giI4zxT2mtiAkEc9xQJLQ2z01tqdyZIHMYNEWLdkJSopSFA1JMlST2HamhQGSKFyaOEIQopIBJzSbzIz2FR8pWeM1IGyYVOIotRY9u3JyYPamySCk8RNI2kmOxBqYI8xBOYApTIcrJqImyoJCU/KKlzsnv3pspaG0qH370P1TWbGyaV4twhJjncMU9SDHISkRPaq792xbgqWqIHEVzvqL4l6XZoUn8YgR7jNcn6p+LanVrbavSoEYIBpwXJ3XXOtbGxbVtMqEya5l1T8W2AFpQFgDIEVwzV+s76+SsJfdOSd2YrKPahdPlK3XFEE5E1fItuj9Q/Eq4vlrCFLAJ5zWM1PXnLxwJKlEEZBVE1nXHElajCh35pzRSSlZFSQou8LiASqQMAk8e1V3VAulBUCCmaqIM2rgjG6f1qWQu6CePIKmlZuKxVsCSkjJg968SSsqnml8KW0mYzShPImgtWTpG+2m4SEOiceVQGR9Pb2oO+2WHVNuYIPPrR1AKVJM8U25tUXhBKtpTP5f/AH705U3Hb7UbbfcQlDQXtBAAEjA7UYsNBW9Ljm4JI+XtWiFowlAAQBB5GJqy1tQVeWABSb44qdlpzFu0lKUCfQ9qJNBptsylMdx61WdcRsTtJ7zVVb+0mACZ70Cztf8AFSHQG0AD2EUyQZJ5mqguFBYO1MxUfiqiZ5NBLgUmVycwf2qqla1JEKJz603xQN0nMH9qHO3TiQBuwKAIL3gKUox71F4pDiZWQDPfmhy71ZQokknsKlt2Lm7cT4bUiMkzQC3N6Enap2BOIJqs4p590pQ6eMc5xRVjp9wSpcKEz70UtLBpogrbSFccUFtnLLQbi6bSpxZGeKPW3TjDe4qJUUjHoTRdICUBIAAB7Uv4hSQoAJ+poGW4jZt22UJAb2GOacVIBITtA745NNLyjtkA1Ecg/X+aBFgqSEbicUm9OIVgnFRrBUgN8d68praBtMkSR+VGu9iZXw6SXCQfrXnEyEbcczXmgTJMA8VLIATI4oFtNQgEFO3PelwnJgJGOaH6nrdjp4WbhxKSOc1zvqv4madb7ktvlMYgKFLiW66e6+y0g7iieYkDFANc6stNNaUslJAEzINfPfU3xXcecLVrdGD3PNc96j6x1C+Kkm6WUgTg4NMSu9dWfGa3YYUlltJUZ2ng8dq4z1T8S7/U3XNoUQqZycGufP3rr6ipxxSp7E8VUCiFKMnJot0KJ3WpP3jhU+uZPCjNDlqUoEkk5gfT0ryeQqkP+2f/AHopSpJ2ghJgHkConAAEACBP8VIqmO5CfrTl6NEtKd58o/KvJHCRj0pFnzqpAohaTFIfNnGfAUJjzQRUuPxPl52Cm7BsI9TNSBCUu75MxEUBCFf9M2CfNurzghagOwk04tSlMHgyKc6N28nlQg+lARkGEmIB496VtK1TtBwakiUNiY20rKdm6DyZoD9Bt6fDCTJINLcvphKUggjnHNUvHUUCCmZzikdfbCju3EgTgwKJNNec+HvrXKTgA8VXLgkyaiuL0qQnaEpI4nvVb8RvQqRJmIFCeW1xT22ADVa7v1JaAAgzFSt2T77iC2mURnNX2NBJhS1CJzOaJNEBf9TcuKCQriMccVc07RHbgI8VKgE5kk5rTsWzNuvalKSIyYqZLpTCUwAOMUD/AIo22gWyD4nJGYNEG2mreEpSE4nFSeKrw1GRNQLUpwpJziMUCS/SlxRkgxmvAnxJUZxTADBEd6dkr47RQOOzVLPlMnJilVI3yeBmmrSShJCZIMinBC3JKhAPNCuO3jgIPIIxFObSVTHFS7UpbSDEAYodf6zY6eCHV55xSt0ehIbUvgkiIzUNy+22gqU4lJHIJ7Vz3qf4maZp6DtVucHoO1cn6s+LrTxWll5QJ4zilyTxjvGu9XWenAEutYzkgGuZ9V/F0NFxth9APaFxFfPnUfXVzfuOS+8TkiFQPvWWfvrq4MuKVKu5MzRyPUdQ6p+JGp6i6Uh6WySD5v2rDXuqXN48VrWT2gmgiHHdigexgYp6FqRO36mRRllYjSe4flGEQZiaqrdUCSomK8tRMA8TXiApSgTiKOXSYYHEwgjcAowMUvipG9SgqE84rwQmEgTCTivFAIWP+/mpuWzP8VJKUiZIkU4yGyDzM1EEAuJUBMCAanyUiOeKN7LUj0gkgek1HvEJwSQZP0qRU+IZ521BVRFzsIoblqKeDxT0J2OpKxIANIIkZwOae7B27TMg1Rc6Va0kiPWpD/uAf+M1WzE+hqxI8UZzsoHOmf2JVmCYpTkq9hJpAR4SciN1enzv/TFBXOlHKCeDxTgConbwDUSVK3sDtJp7Kjucz/dQOdfc5vEKb3NkzMEGowXny4U4AExV+z0ZTjQCkwJ5ijFppTDRUJSMYNC8cWet9MuHi2o4HoQZHFHNM0NhJWXCSomTPFEWmw2EwskDieBUiFbSogcnNDTyaPZbYaKWW0R7iKfOxBByZqulR8UK2x6U6VKb7kzQRFjzKPaKZMBMJkzUwSorgjEj9qeUpQATAAySTRtUuqiLailZnkcUjZKIG2TVa/1Ri0Q44XQsDMAisprHW7LPlbZUox+VRc8Y0jb+Q/MuPvS+KyjlxP51yK864uCg7Rtk9jnmhlz1dfuOEpUsiO5qb+bEtX+O0rvrRKQS8gfcUPvepLC3DiQ6ncBiSIrjC9bvnkDCwOZmh9y5ePrcMrBPuazy/PJ4uYtn1j8SW7VhxLCwSiZAMTXB+t/irrTy1C3UpJkgCTMfata706u6cKnnJK8wTQXUfh/brC3FLQSDgTBGazn59+npx+56n6g1B9RffUVGeCeKrNrW5BWtSj7mc1uNa6PdslqLSCo9iDOKEW/TL5WBMetXjnKmzsB8NSiRtSZ5JFWQhtAaTABRMn1rW2/SqlbkqUke57Yqvf8ASFw2G1JdCgZgitsbstM0QkrUpKiTPFeJM5EYq/cdPXbZUqTg596r/wClXifMSoAd4NVlOk5Yquw7AD6zSlIM47U5xK0jzAJMx706BvVHEUpiyylniIJgCvBMT6Gpa9RxT39NbA+WlPyE8eekAO8EKikXIb//ADp44jKbm0kS6R7VApBSkGZqZ1QQuQYMVX3koSZ71TO9R5seR31Apw+dkeopqeHY9BNOHztH0FCDQJbcHcH+alQD4hc7bYio9qvDXCTJVP604E+LtmBEkUAhQpLDaSQSFSfuJpVfO6fUfxTlmWkEGZIP6V5A8z8+mPyoBndr2n+Kc1ysn1pRG9kHgzP6U5sJlfpuMUB+iyQEsBKRmeaUSSfSvD5Ae014Eyodopca7Ceg7UqByPel2HykZzSoB8QgpPPpR3IPTtg3p83b0rzAJJketSFSUCVGKGalqrNg2VqgHgZqL+TXp8drOq3rNiwVrWndHc8VzrqHrl3cq2ty0SJkgc0N6u6muLsKbaKTk9+BWKi4W54hhU9+DWWf5bZW+H/n33avX2vXz7yip5UA5SDj6VQcuHF5U4RORmaifUlG4rweTihmp3kIAaWAeftXDytb/o/0XW/sWBKciaVt8KcKCmSBg1lU3iio7lq55zRDTnlKuZClEEUtNMcJGntwCwmBGZp4HzEVVsyoIQSTtJirrkbzt/xRxGWMqu44pLjZBiBEUqLlJWdySR3B4qQpSCJAntVNyQFHsD/NK4jHDGeprhNo8jau3Qe5NCb0aU0YLbaIzMc+1Wbh0wQnGJOayHUb7qG1KSAokHEV0Y3U6RljP4KjVdLNw6AUCcQOOKIs3mlqZTPhn61xov3AuXXFLgk4FXP9Qfbt0blRI961/HnYzyxvyOruOaAoFRQzMyZPegmur0eAGm2YjsawDOqXC0raUoQTAJry333ITOYkD+a6N2scsaMazY2zre5DSAcHFZK+tnWnCsNp2ExM0TFxduW8LKiQYxVO9cUAQ4SB2BNVPEZY9B1equheSJM7iftUwJIJHA5okYzHXpxkKECajIlBkR5qeBmd0SKaQraQPWarScspJorqd3mJiBFQAeRv3NWFlImTGKYhSC02cZOMUMDAI8f3Ap4EpSr2pZSCoTkc14KTgSM8UB5SyhsmJOBTtgTcEzMoqNxQKDGYMVLuT4ok520BEkw02n0pQufEMZIilgHbHFIsgFcYjJoDyVy60gCBnNKhHmXn+414FO9pX1ikSTuXB/uoD9IkMpMpkwDNItgSSFYPvVd/ULeyYV4ryJGSScH2rB9V/EmzsQfCeZITwCczHenll9dToNw4zbNhbqtoEnn6UF1TqrSrNhSzcDcBwDXAuoPi1f3FwpDDpAPICqz51zU9UIcU6stk+YGs8rudNscduwav8SLb8SWmnFE9qyuodS3eoOFKnFQTPesvp1klx0LVJJ7mj1tbssNDamVSPyrny+OjH8ZyGdy1bioiJknNTONgNJKRmJpxWC4ogQCmP0p5UlTASCJnn7Vnl42xmmb1FxRdcRtxMTFBNVTKkmMgelbC4YCgoQCaCanaL3pCQoY7CubztcrONbw0VkAQYovom9b/AAAIqs4xAhSDExx70Y0a3bSTuBBj0/KhVuhhslNu3KgIMiRTNQv22miSpMkSYqnqd5+Fsh5iTMVzjqfqRxiSFSknGaE7jolvqrbrgSFwnjOaLJLb1uQFjtkVwBjrS6buU7FQk5M81ttI61bTZwXUFRAIE5H1o9J0FbLZVtMExQLqKyUptQS0kwIxQxjqgLfClOtQR61aTq7dy3BEg4BrbEnPNSsnEXygUwJmKqXqnUpbbKSE57Zrd6nbIUCspAVE4rO6pbqltW4EZifpWsugBsIggkmQZonYMeNcpEgCB9arOgAEgiR6UT6eCUag24opCdvHetsctxhkPsaSDaEkIxnisn1RapbBVtTMcgYroqCk2CjCSCZE1ges3AWwhIgg1rKwyYhCyFE+8cVYt1KUHZESPSo3UkrECBOamZUkggJiMGrxumGR/ZOO1IokAfWnCKa7lIA5mr3uMMvTXBKyO0UmwBCEzISqRmk2qkme3evBCvDaE5Bk+9ZoOcSAHFDk803hbWOBmpZCg57CTTA2re2J+cSPagI/+JYP/d/NP/5ef7a8towQDmc07ad8ziIpSgjB/pgnmlKUnfzKhBpsEBKfenEFJUZxFMPbR5BJ8vFeSAgmTyZpR/artBn9KRcKP3NAdb6w+MRuWlMtbjKiAQo+hrAi+1XWlqdK1hK+EySR7maEaTpQuLsKuEKKd5EHOa6no1pp9s0Gi2kKSgCT2xWWXcdsmwDSNBdSG3LgqAVySD2rW25tbO0ASQQkwc1W1nUW2LRKbcpXEzH2rHv6pdPFxG4gE4E1HLXTXHqN5pGqhy5KUjE4BrSocWWAeDI7dqwfRTKlXSN2T7mt064zbIhbqRicioydGGXWj33vCbLh+WDnicVmb/qpi3fShSStMxAORxQzrPqlphhTbb8iCIArkWq6zdPXRLaikTzJzWOXbV3ux19i48RcKCOQJ4FF2HWlqbKTuStMmR7186aP1Nd2xUlS1FIwc+9dK6e1+4uDbhDhEpkn71nlicum8dtUOBQ2wd0/rSBsMqJJExEj0qBrUUrYAVkyAc96dcumCQMEfxU2aTlkz/Vl4RbqSVp2gzyK4/1FdF678OUqSD610jqRLjwKBJk/lWFutIPirJTKvWKJjS5dAJtwqFBHbsKmtbW5UghJjOMZiaM/gHQhAPlMHmrVhZL8MpIjMTFVInHPZuk2T/jN+IpRxmtbphWAArAjGKq6falC0g+Yx6UTaYUECEzWsPl/qZ9ZWlQURgUIu07yhKgSAcdqLrQQFKUIxxQu8IASoCBmnvvRZZa6C30JhYKQBP3qq1cpYu0xmBzPFSai8lEmZJ7TQfxCXCZxWuDnyybFrqBpNmU5GYyazOs3qbpxW6QOwiqTaw6Jg4PrTXh4p3jBgY+1bs7VFzDiAOCc0jh8Pd4ZiT9Zp7vb61G55iO0Yq2OVWGwkhJKhkZpykpxBxNVs7kj0FP3gCCOTFVLJGNvaUJGM8x+xpsGBTVqEkRShfGKjcQVvPjD2pUnztdiAQKa0fK+r0FPQmFsqJ5BNMGOFQBIMmaRE+LBmInjvUhAMntP7mmkgLCeTE0BGSoIQSMk1I9/tqJ5imH+o205wCqYqV6TuTxIigPAJ8Jsk8g/uKRIAmmhMhCJ4qVpBIOeDV8Q1enqt2WlLBSVAmARgVXvtffQClI83BUMYpluCuUJySo/vUp0R95xYCFEASTFYPTkkV7O9euHE+Is7Tz6GrRQ2HCQkDOIqBFi4woJMAJ4mZP1qW3UXVqBABSrtWdNpenrhTDqVEQPX0q3r+pLcYUQCQBE1WsGYbSScxxT7hguILZGCcxUZLw/1zXXXXrp0hIUE5JoWLZakJBTJn710i70lsBe1oGQcke1Al6S4VoSlHJ5is7D/ZZ0ylvZOKLg8I5P81tOlGX2n2ioKCQMTin2+leCpe5MgHOKONJZZDZCQMcVOOJfsFW1KbG4GBPrVq5voRHiwY4oD+LImFSJ4plxdEwdoJincNpuVpL27AVCjBJ71TlpzeoBJPM1FfSVpcOc1XQsteIqZBHFTZrouVnS0bdD6RJAIFTWDRJ8OJHH61WQ8khCgVZzAqayfCVGDBJ9felsNDbWgDqU7RO3tVz8MtpE7DXtJcQpaSRJiKNFhJYCie8RV7v8EtjMXgILkgjFBL0wEzwASa02rsALcKTGD+1Zm/mAkjkEGjj9LLK1mNRuGgtc7VFJI96opcbcMp8o4ip9RtT4rqicFR7VQtculEAwea2x6R17V3YEtjaO81E4QiQTBinPqIRHvHNV3ycmZxmtcche1d0yEkZHNMyZpw+RH0pDwfrVcmGeOyNbvxCNx8sGaeYgqnANeQncoCe1eUk+EYM5H70S7rDWijKyFek08AEAjgZFIQA+oc+X+KY0ra23A5MVfGJTISRvEc814bsewgU0ukeIdoMD+K8Fnc0mB5hJ9qA85u2iMZE/nT1x44/9ai8QltRCYhYEeuaWSbkAD/j/AJoDwKQygTgHFPWQSqDMZNRNJ326SSRmaeAAV5grEGnAVBAWkkwPWpEKwYPeoinyJSTwIpzOEkDOafKxQvpV02blIUcFfAPvXStKZadClJUQSmYn2riWnPrauUKkn+qRn611vp2+TBBUJ2j6cVhk9HVU+qkJaAAO0q4x6f8A9oJpCCta84nmifVdx4qQTGCYA94ofoChseUcQaiw2mtlJaLZUVERV60UDCjkExmhJdB8MATj+av6epSiEg95qMsdgQuLdpcyQDHAHtQa5tUNpSQmVTitL4BUJJgxxFBdU3bwkjCSSMZpXC6AO88EAlQIPpVdb6lOpVEpAimX6iC5I44FVfxEESmOTTxx1BtZdXtBXugTUabkeOZVIjvQ+5v0obVEnMVSVe73CpPcetXx12WxsutKgqMjtVW52yvaYT2zQr8RgTuA+tOLxUDBxUfr32Vs8XZI2gKI+hqzp5AQpSiTBn170MS4oOITMgirTFwG2HEnie31pz8ehyaq01FLC0AmAQIxmtJp96l22AK5IM1zQ3xWUnIAFG+nNSSVgFW6TEUWSeiZb6aHWFblrKVTigb6d6CE7dx9aL3akrC1JEAjFDigQDmias2oIurBTwCQlMAeaKzb9qba7JSlRT3Md62z5JaUkRPqOapLZQVhK0gyOaacoxly4k4IIz3FRBXnJKicd/pWh1XSkrlKBGZmgjtm4gKJ7Ag/lTlTpX3IlI9eKQxJTGZqB1SklsjMGKewtS1KUrtxinJtnlNJJCVgkdq8ILZPaa8POsbuIpSlKQQDia1xmnNfUZJyZzFeH+00fepfDTJHaKiGEJSOEmRV++Edz48elKAZbUOwpiCYdMYPNPB/20jgjJpJKgETIxM1ICAQSOwE1DvUG1KxgwPzp6CS/sUPLtmKc7BGvKhIOMUiwfMR6UgJLDav7iqCKncSASkcUeHJs0RDftzXkDeVFPE0o4iKRPkkJ4NLZzGqIkO7gSCF9vrWw0S8KWSVEmBWRdG0FSRCvEP5TRTRnlFZC1fas3oY5f1otTKnEIUTgyR+lCTcFltwJUdxiPzorc+e2bKTJEjH2oM/bKBUpSpEyRSs3E3K+ClhevLcQlRkkYNajp+5QraiDM81zkXbjF2kpcSkAd49aPdPartdbJWASrJxUzFWN/rr7SkhuT2FZ3WFAuuK4Bolp10p62UqEnyiD9qzeu3hZcVuVPoKqYqZ/VDCH0//AHIobcLCUNA5JSYp95eh3xIVMnMVDcqSppspMkJMRT1EZBN2+6XPDKiJyCKik8lU15xSSf6hhfp3pApElO4z6Gpym4JZ8LUzbgSgpI4FRD5QqMetIVrUhWxIJjkUpddFq73VtpYU4lIEVcvBFrlUT3qvZWd0stK8IkEcwat63Z3TOnb1pgehqsfOxYEl7YCnfODRXpV1a3GykxCgP1rKMLUp1QWYHA9q2XR9slLAXu3HdWWXd0I3jm7+4zIAqpcqShASTxNTOOgNFSlCRxNAtQvVtqndKT3gUuK+KRx1MKAPemtrH4gKjAEUJauVurc3+uKkDziHQASBHpVDoWLLa0wSBnvQzULJvcsAyCO1Qval4aPM6OaYxqCXnygHcI/KnjIi/wADbnTEwnakxOYquuwKEKUDCR2OD/8AutSnaUAg024ZY8FStoKiMSZj6Vc6LjtkFoCIMQPeonVAACJk0Xv0IU6AUgwIxQ67QA0CBEKH70+VvTHPDtCElLigTwmaiQsKQlQHzGB7VI+uFkpVkpE1FA8Bop9aeOWkzGfUzbZ/rgnJivBJDjapwgZ96cwsDxSpQExE0vce4x71accZvtG4klsp7kz+tSKEuBUwAmKRRTBM8GKeQCoJ5MTRs7jHgAUg+ppdvIJ4pEkFpJBxNeImSFdqq3cExnx4wIPM0gUD2pp/tzSI5P1qNL4qji4cKv8AyI/WrumrSFqUTBA4qrc7N6kpA+Yxj3praVgyJA70sp/GzWWtykobTxM96r37qEpcAMkfrQZDjiC2rcoJn1p7rpWogOTJpa6PapcgF2fUTkU+wSoONpCiDvGZp7qFKcSYkAEE1C2sttb0gbgqBNTqh2Dpt0hgoKlEgAjPOKFdXNlQUtJMgTAE0C6X1st3IbfeIlIxJrYuLtrpjclQJWIGJk04vfTkqnVpW+olQg5E1ftLjfsETj1q/wBW6K4048600UggYGAc5rNNOOMOpBJAHNHLSZNtGOnri/JdZZUDzzMio0dKamp5SgwQIiJo70hrjf4AhTqhBAma0zmuWbLQPiASPXmg+LE2fTN0Gm0lpShOZxR3T+mmgFpW0BAyfSp3Oq7YAISlIIOYPag9z1c6tx0WqIHc5zU8e03prGf9Ps0NtqbR5Bkk8/pWc6svLQ260ocSokkhPsTxQG+1W7ughStyQAeAc0Eu/wAQUFxZURPf61Xw97R7EquAAAAUycVt+lEpOnoKU7Tu+tZXSLMvOhSxEjE+lbjRrdLFsmDAMwPtUcTkq9fiEEcgD86zupICkISonmcGtA/loyZxH6UHvEo3jy4k80rNKD20bTuBpzrsLiO1SwPSq9yPODGIpFkAXz6iD5YzHPvVzQmP6jrpUSQOPWhbqgX43SJ4+9aHREAIdBABIBH070uWikEWHR4KVbefeonHFbyYwO1PEACODxVa5Q4pKijO059q0xu1Kz7SluEj71TXavOIUkjaAZnmjCWXCttQBAAzB9TSP2zgQZUoCc1UZ5Y7ZN1si4UgmDEUqBsaAOYoxeWCdylDBI570ILJaSJWpRJjNE9Z3EiiFImBMVMFf1GDHAiq0HYodwM1IjC2yeAKuZSTSLopAUw4oY8/H3qwiPF8QdkxFVVEp3ZgE8VIFGQATMTS5E8ggMJbjhUzTwoZEdvWmAYFKPnV7UuR+HbeDPFKlPJmo5IWJJANe3pRhao9KrkaK5TtWYM+Y/vXkLOURiKmcI8AY/5j+5ryyFPu44T/ABTnR7JuJQkdhTQSCCBmlP8AtNmIBFNJwaD7OLygcgU3aNhTMCZpdw3Jx2pQkqAig++iB0tO7wPMBzWi0LqFLPhpdKgCYFZ11hZWSCmoXWnGyFJIj2qbNLjo1zeM6mFArlMYHqPesdrdgTcSwmRGY45r3Td6ph1xLqlFJMRWxXbN3VuFJSkFQkAelTo7/jNdHWTSrNwqJB3wfrNaHU9KbU3KRICZGe8VmLx+40y58qV7gTmMRRBvqRa2x4gMgZxT0W6FrYKLkKKOTBEmiVlbtBaztHrFQG+Q8vxSYQTAMd6kau9i3GwoGRAMUiGXw03bIcDKAY4IrL6ooLcKEjCzJHpmrF7qiUIIcKjHoKHWUak4rwwoAKEkiO9Ag/odrK0H2AitU2AhtLaRgGZpmkaeltpvdPyirN22238gMzmlemvxTuVqAUABEGhr0LjcYgzRJY3BYHoYoY6PDeaCjkzBFR6Uu3kMJLC1kmQYAobqKvDbKxkjFaFkAsOKkR6VjuoLlLtxtaUsACDmM08pqC+AyCXLlIIiVfzWy06zUkKUngJHNA9HtlOKbVgwQfetotKQgmI8gH6VMnYxDS2ne2mZE80q2EguJkkHmngeVA7kUqhBO7Mc1pjDNCQEwMcfoaiCytpRIHP81Y2k/fIpq0GBketUnIPuvMqCIkQKCX9s6XEpIACTgjvWrcAUEkDCTJ9eKpPspWAQlUT3FPFlkyrjewkTk800pBiOQKK3rBlYCeKqNsqUtA8oIEZqtIVSneM4g15sE3EBJPlwe1X2Pw6WFxIUDB9Jmo37thjK20qMczmloIG2LksJcUkAzxUZJStQVAPevL1RVwgBplUrMCB+9WrLp3VNQUUJbdJPzAAxB7D7VOutF6pqdSCDOarqZu3zv8Mx2+ldQ6U+ED+oOsO3rLwAynBzPP8AFdT0P4PaaxbKQ4w6o7iZx/mg3zSfkI7eIT+teBO9w+qc/lXnSEthMSfEOfvT0D+q8P8Aw/irBg8xbSeAf8U5TaZVA70zEBXqZipAsBsnbP3oXiRDafHSCMRSjaJjiYBpx+ZI9RNMQmWCJ/umhZ5nE8xNeTSbtyzAiBSBWBjmheM3Fe53NpWW5EyT+Yo103rimn22LrcpBEcxAoTcEFtxO6DEVHZnY6g7Ukx3E1FlibNOiapZsXtkXGkpnESZ+1Y3ULC8bfICYxjECK0vT75Xbw6YRI47GtJ+FsrgStIUqImPanJsWOYstPpCUrI2gyBVhwlJUobSRxArYX+kMeEPCaSTOYFBndJcS4sgQPSOKLBxZx1hdx5RuBPetF0lpjrbatwTz6cxUttpJ8RIVkH0FaOwtgw1tCsxzRIOIiiUhAWQYSAIqjeuFTpCeO9J4qw6WwCcczSLCkiSIk0tK+aQ4SVye1DbgBTgKs7eKvviVqV96F3qgjzHgfrRqCTSK+vV29s4EGJHpNZVpD13cqSjzSZkiKL3bzjx8rUpGORRHRtL/rh2NgIkyJrO5bmtEXQrBTaElSiO2RFG7kRuSDIinobBaCQYgzNR3aoKvpUctVSgOU+oMCvOAkK7kkUo4Sr3mpGElalKmIPFaY5bBSmH20jiKbtJnBMY4qdpKlPgDFPQ2UoIKoO45rTSMlPad3yn8q8+olCQQBn0q4sQs98YNULverw0pQokmMdqqRnkGX8DeUn64oO/u8RJTg5jHNa6y0G/v1rCLdS0zkAc1uOnPhc/eOsKdtNpIwDmKET3TiTNle3LLiGD51LmRHrWq6d+G+r6s+lSgS3A5GZr6S6a+E2i2bRU9apUZlQgDPet9pug6FpwSlthCCAIBoPT556V+ClwhDTjuxRKgDjiuwdM/Dq30xCi4hpUJE4GcVsX7ywtLdJCmkyeRAxQbVeq7O2YW2h9IUcgRQNCLDFnYtoSG0JgYwMUx7VrRpUNNIzk/Wudax1gpZI/ER9KzKuq3itUOqOfWgafNjicmTneT+tOBO5Z7kZpF5T4nq4RH3pVp2uKSDIABmgnkgEAEYApVpGwgd6aFEFKQJkxSlZzjiheNSY8s8gRTEhXgR3mmeIomAkEfWpUmUDtQuUjnB24JGKY3IYSF4V3mpBkkelRrExJoXjejHEpW2spA3dzVi3099xxpSREjn71Xtkq8VwRiYroXTFiyttoqEkgASKBYF6bYvsMDcopEgmtFYPhPlUUnEAmpnGUtSRmDEfeq1xAhwCMRFLWjSlxSYG4ieKbhRWVQTGaE3d+ltwJ3TGcmpLO9Q6tapye00W7LlroQQQH0RgZqUqUFEg96rBSQtCicxxT1PJSConE/wA1Ey0N7SAwrcMH1qRB3BW9UgCc9qiWtoAHxBBE5qhfaiw20ShW4kwRNO00l08hAXBBgHM0BvXFOwATHp61W1C+WVOJbmIMR9KXQbK4ulh10KifKD3pJ98WNK00rJXBEmZ9K1DVuGW0pCpJEk0/T7NLbasQQakuSVKT7COKVO49KbmUEdpqEMFaz5+BxVotqV8ommjc2tSiJVHH2qeIk6V02e4pBJgc04oaa3hJUAOT2qdtFw6lHhNEk4POKKWnSurXrSi0wog94rXGQwUOBpxJjkSMVPbsOXw8JpRBJmQK3+hfDrUFuNfimY8uATGK6B010DaWzUXFskEGdwOeapNjkeidD3t4Qp1SgSMAyD+UVrdI+FwJbLm7nJNdqa0ywswkhpMgDkdvrTLrV9LtESVISBxkGaE6Z3pvom0sElJ2lMAEQM1qQ1Y2PhhBSkpEAQBFY3Xet7dlbiWFpBnEGsHrvVt48+lTdwoSDOT60Mr66tq3UrFuwoJWndJmO+ax+rdagXBDYSsbcmJiuW3uvXzxUpTvciB9arsquHHcuqJImT+1ArZ3nVi3GgCNwnsTQW9vXrxxS0qUJgx2FJYWb6kpUpMgmOO9HbLSVEKWUYiTigRmUadc3K0qJUZ7DvVprp11QJ3JBnINbay0xI8NSUYHOPpV1GkuJKiE4Uomgnx04RsKhMFcAe4NKTK3BJJAk15XyFMYDhP614E73CRymKAQHCTGDgV4zn1mlBIQgRIBxSE4UR2oOXRw5Efela8jW1fJP1psEFI9RNIVEwPvQrGp42LUT6elQqdQIk5OBivLdUqSY4jFQrKdiT3BOKGm9LdmtJdcHvXR+m1JUhlKTkDIiuWIWptZWk5nM10vo5e62ZcMbiM0KmVo3qfkYJG0ZAmPegq1KWlUmTBopqbilMkGIn+aoMpT4+2cQKnKmyGoeOm4BS2SJz9KkbeWlDiimCRgDFa6601t7atISoz2FVLjRAtJAVEjIFZ3LsuNvcZtzVnGi2SZABmTVG4119ZUpBJSDHMd6I6noS/ESk7ozFOs+mFFkghIkzmp3ocbAN/VtR8SEhRBHYzVvSE3dw2ELQqSZzmtNaaI015XAkkDGKKWdq02yNrYEHtFEy70P+hNj0+FkuPGFcx2rQWVgywluFQEzIHalFwhCFJA80QZqMO3DhbDSZBmYFaGuL8JJUUrxPuBVFL0AAiT3xNGNO6d1G8BV4SoJBGK2+gfDy4eKHXGGyYzvFMcnNGLO5uCC00oSfSDWj0bou5u1730qC1YiCRFdi0Tom2tkJccabwc4xWpYtLezO1LbQEDMCjW03JzPQPhyw34HjKODJgGt/pfTljYo2tmcQO351Y1PU7e2bBC0g8CKyup9YsNEo8VQPBIq5NFybR1yzY2wpPkEHGRQS76iatyQHEzwAK5xq/WQAVFwoz6mDWL1XqNx5cMvuklXJVIoPk6p1B1mpRU02vMZ7VjbzXX3kbSJnis02648vcpSySByaLMWi3UJIG0+5oTtCCq4KioeYHPt9KmOnlQSopkEYPNX9O097e5IBT9K0unaWpSG0lEiKGVc4d0xACoCp3jsfWimmabL4GxXy4xW5e0ZsoKQ1kKHb3ojp2lpQsDw0xHcUGB6dpm1sSmc470bsrNDS1byY9ImjjNmwlhBAIM1I5btblEgzQXfxRs2El1JSkAfSKIMNIG+T3pqEob2lJg9pPNPSYn3oGq+DGHPEsGnhmSAY9eD+tPcUJWNsECaHaAtSvGYUZbCQsD39aIkAgk9wZp1ON3NlBGxrHzmBTAg7HwDkED7zT4G4D/ALD5faokLVtfM+/60jSlUlIjIEGmITkfQfzXpO5OeakQBgx2FFCJAkmeImonGjhYIAqwcKVHoKjBJAB4rPJrjUC0KkqEczH3rovSUC3aKkkGKwLOd89iI/Ouj9LpDrbAWJ8tPHLXS8aI6iCpED1mqLCVG4I7wKK3aE7TjvVK1bSbzI7ClrUXBFkFFskqBME1E4ZJjFFEoSbdIKRQ1aR47wjAOKyvVaSqzpSHElQ3ACDIqNwsqBKUqBn8qbcKV4gz2qJIJnzEealSySoClrhCVKPsKIWWk3lwEqQ2uDjAzNafpnSLPxEK2qkjPH+K6d03ploUIQUSOcgf4oxZbcr0foe4u35cZcJURJjFdD0D4b2rS2lutEhHOK6JYWdu0tJQ2BIq68soaUEgeXjFbFkB2/T2mWTZUm3IPYwKtD8C3tgJBA71T1a8fSIBEH2rM6levqfEkcU4B+91lq3JQSkDtB4rOax1EtsFCHQAeM1ntSfdVJKjzQfUHnNixu4bn9atKTW+pnZSlT6QZPJ9qyOo6++oubXQoE9qq66pSg2Scyf2qjZoSQsEYmgGLcuLt0BaiQeIq1pmlXDxKfCdgnBx61qdB021Kkbkk/WP8VvdFsbfYnyAZ7JH+KAyOjdPuIILiFzE8TWjtdF3hshhZz6VrmG0JegJTG309qI2kFhBgAz6UFkzdnpBTvG3bHr2ozYW6EbN+SPSiDh8rhgZGcVGlIABAoZx5LSTJT3Jih2oKcZWkhMgZxRdr5B7GmvNNrMKSCKDBra8WpaQpUiZq8664srSnIjP5VPbWjAKYR3ogGm0+LCE8Ht7UAOZtkuFjeMAH+KzHxB676b6EftUa3cKQq83lpKU7jCCASR2HmEeufSt5bNoPgykcf4r4Y+P+rahrnxe6hTf3BUjT7tdnbISAEttIUQAB68knuSfaHO6jPKx/9k=\"></li></ol>',0,_binary '',_binary '\0','admin','Áo thun tay lỡ form rộng nam nữ chữ kiểu SVG vải đẹp dày mịn',0,89000.00,0.00,100,100,0,'ao-thun-tay-lo-form-rong-nam-nu-chu-kieu-svg-vai-ep-day-min-21',0,13,NULL,NULL,NULL,NULL,NULL);
/*!40000 ALTER TABLE `products` ENABLE KEYS */;
UNLOCK TABLES;

--
-- Table structure for table `province`
--

DROP TABLE IF EXISTS `province`;
/*!40101 SET @saved_cs_client     = @@character_set_client */;
/*!50503 SET character_set_client = utf8mb4 */;
CREATE TABLE `province` (
  `id` bigint NOT NULL AUTO_INCREMENT,
  `code` varchar(255) DEFAULT NULL,
  `name` varchar(255) DEFAULT NULL,
  `type` varchar(255) DEFAULT NULL,
  PRIMARY KEY (`id`)
) ENGINE=InnoDB DEFAULT CHARSET=utf8mb4 COLLATE=utf8mb4_0900_ai_ci;
/*!40101 SET character_set_client = @saved_cs_client */;

--
-- Dumping data for table `province`
--

LOCK TABLES `province` WRITE;
/*!40000 ALTER TABLE `province` DISABLE KEYS */;
/*!40000 ALTER TABLE `province` ENABLE KEYS */;
UNLOCK TABLES;

--
-- Table structure for table `reviews`
--

DROP TABLE IF EXISTS `reviews`;
/*!40101 SET @saved_cs_client     = @@character_set_client */;
/*!50503 SET character_set_client = utf8mb4 */;
CREATE TABLE `reviews` (
  `id` bigint NOT NULL AUTO_INCREMENT,
  `created_date` datetime(6) DEFAULT NULL,
  `last_modified_date` datetime(6) DEFAULT NULL,
  `content` longtext CHARACTER SET utf8mb4 COLLATE utf8mb4_unicode_ci NOT NULL,
  `stars` int DEFAULT NULL,
  `order_id` bigint DEFAULT NULL,
  `product_id` bigint DEFAULT NULL,
  `user_id` bigint DEFAULT NULL,
  `order_item_id` bigint DEFAULT NULL,
  PRIMARY KEY (`id`),
  KEY `FKqwgq1lxgahsxdspnwqfac6sv6` (`order_id`),
  KEY `FKpl51cejpw4gy5swfar8br9ngi` (`product_id`),
  KEY `FKcgy7qjc1r99dp117y9en6lxye` (`user_id`),
  KEY `FK2x2x74lnliqmt91bc1w95ll8n` (`order_item_id`),
  CONSTRAINT `FK2x2x74lnliqmt91bc1w95ll8n` FOREIGN KEY (`order_item_id`) REFERENCES `order_items` (`id`),
  CONSTRAINT `FKcgy7qjc1r99dp117y9en6lxye` FOREIGN KEY (`user_id`) REFERENCES `users` (`id`),
  CONSTRAINT `FKpl51cejpw4gy5swfar8br9ngi` FOREIGN KEY (`product_id`) REFERENCES `products` (`product_id`),
  CONSTRAINT `FKqwgq1lxgahsxdspnwqfac6sv6` FOREIGN KEY (`order_id`) REFERENCES `orders` (`id`)
) ENGINE=InnoDB AUTO_INCREMENT=88 DEFAULT CHARSET=utf8mb4 COLLATE=utf8mb4_0900_ai_ci;
/*!40101 SET character_set_client = @saved_cs_client */;

--
-- Dumping data for table `reviews`
--

LOCK TABLES `reviews` WRITE;
/*!40000 ALTER TABLE `reviews` DISABLE KEYS */;
INSERT INTO `reviews` VALUES (63,'2023-11-28 12:21:17.545035','2023-11-28 12:21:17.545035','Sản phẩm quá oke ?',5,92,43,37,339),(64,'2023-11-28 23:46:09.921054','2023-11-28 23:46:09.921054','Áo khá đẹp so với giá tiền ?',4,92,45,37,336),(65,'2023-11-29 14:06:59.671985','2023-11-29 14:06:59.671985','Sản phẩm giống như ảnh, chất lượng khá oke ??',4,92,45,37,337),(66,'2023-11-29 14:07:59.464352','2023-11-29 14:07:59.464352','Sản phẩm không giống như ảnh, được cái shipper khá nhiệt tình :)))',4,92,45,37,338),(67,'2023-11-29 14:08:34.649375','2023-11-29 14:08:34.649375','Giao hàng không đúng, đặt màu đen mà giao màu xanh ?',2,92,43,37,340),(68,'2023-11-30 17:53:50.811285','2023-11-30 17:53:50.811285','Sản phẩm đẹp như mong đợi ?',5,103,45,37,353),(69,'2023-11-30 17:54:33.925240','2023-11-30 17:54:33.925240','Mình nhận được hàng khá nhanh, mới đặt hôm qua hôm nay đã nhận được hàng, cho 5 sao ??',5,103,45,37,354),(70,'2023-11-30 17:56:05.185964','2023-11-30 17:56:05.185964','Áo không giống như trong hình ?',5,103,45,37,355),(71,'2023-11-30 17:56:47.404432','2023-11-30 17:56:47.404432','Áo không được như mong đợi ?',3,103,45,37,356),(72,'2023-12-02 23:59:15.997509','2023-12-02 23:59:15.997509','Chất lượng áo khỏi chê nha mn, nên mua ?',5,106,54,37,359),(73,'2023-12-03 01:59:29.892934','2023-12-03 01:59:29.892934','Áo khá đẹp, mình đặt cho em gái mình và rất vừa vừa, size khá chuẩn cộng thêm giao hàng nhanh, cho 5 sao ?',5,107,111,37,360),(74,'2023-12-03 10:55:07.357493','2023-12-03 10:55:07.357493','Sản phẩm quá oke ??',5,109,115,37,364),(75,'2023-12-06 13:50:05.438172','2023-12-06 13:50:05.438172','Áo khá chất lượng ??',5,109,115,37,365),(76,'2023-12-08 17:43:46.758044','2023-12-08 17:43:46.758044','sản phầm tốt nhưng bị nhăn',5,109,44,37,366),(77,'2023-12-08 17:48:21.035672','2023-12-08 17:48:21.035672','Hàng không đúng như mô tả, vì áo có 3 lỗ  ?',1,94,35,37,343),(78,'2023-12-08 18:04:09.968676','2023-12-08 18:04:09.968676','???????',4,100,38,37,350),(79,'2023-12-08 18:04:17.177756','2023-12-08 18:04:17.177756','??????',5,99,34,37,349),(80,'2023-12-08 18:04:27.244727','2023-12-08 18:04:27.244727','??',2,98,34,37,348),(81,'2023-12-08 18:04:35.912581','2023-12-08 18:04:35.912581','??????',5,95,56,37,344),(82,'2023-12-17 16:49:57.809536','2023-12-17 16:49:57.809536','Sản phẩm quá đẹp',5,116,118,37,377),(83,'2023-12-27 23:05:12.812747','2023-12-27 23:05:12.812747','Áo đẹp, chất liệu vải dày dặn và mịn như mô tả, lần sau sẽ tiếp tục ủng hộ shop ???',5,121,124,42,387),(84,'2023-12-27 23:05:49.738089','2023-12-27 23:05:49.738089','Áo đẹp, chất liệu vải không dày dặn cho lắm, giao hàng cũng nhanh ??',4,121,125,42,388),(85,'2023-12-30 15:19:33.329634','2023-12-30 15:19:33.329634','Giày khá đẹp, giao hàng cũng nhanh ???',5,116,118,37,379),(86,'2024-03-10 15:24:07.474945','2024-03-10 15:24:07.474945','Good shose ???',5,116,118,37,378),(87,'2024-05-03 11:32:38.722459','2024-05-03 11:32:38.722459','xuat xac shop ơi ?',5,108,34,37,363);
/*!40000 ALTER TABLE `reviews` ENABLE KEYS */;
UNLOCK TABLES;

--
-- Table structure for table `roles`
--

DROP TABLE IF EXISTS `roles`;
/*!40101 SET @saved_cs_client     = @@character_set_client */;
/*!50503 SET character_set_client = utf8mb4 */;
CREATE TABLE `roles` (
  `id` bigint NOT NULL AUTO_INCREMENT,
  `created_date` datetime(6) DEFAULT NULL,
  `last_modified_date` datetime(6) DEFAULT NULL,
  `description` longtext CHARACTER SET utf8mb4 COLLATE utf8mb4_unicode_ci,
  `name` varchar(255) NOT NULL,
  PRIMARY KEY (`id`),
  UNIQUE KEY `UK_ofx66keruapi6vyqpv6f2or37` (`name`)
) ENGINE=InnoDB AUTO_INCREMENT=5 DEFAULT CHARSET=utf8mb4 COLLATE=utf8mb4_0900_ai_ci;
/*!40101 SET character_set_client = @saved_cs_client */;

--
-- Dumping data for table `roles`
--

LOCK TABLES `roles` WRITE;
/*!40000 ALTER TABLE `roles` DISABLE KEYS */;
INSERT INTO `roles` VALUES (3,'2023-11-17 14:39:23.432000','2023-11-17 14:39:23.432000',NULL,'ROLE_ADMIN'),(4,'2023-11-17 14:39:23.471000','2023-11-17 14:39:23.471000',NULL,'ROLE_USER');
/*!40000 ALTER TABLE `roles` ENABLE KEYS */;
UNLOCK TABLES;

--
-- Table structure for table `user_follow_products`
--

DROP TABLE IF EXISTS `user_follow_products`;
/*!40101 SET @saved_cs_client     = @@character_set_client */;
/*!50503 SET character_set_client = utf8mb4 */;
CREATE TABLE `user_follow_products` (
  `id` bigint NOT NULL AUTO_INCREMENT,
  `created_date` datetime(6) DEFAULT NULL,
  `last_modified_date` datetime(6) DEFAULT NULL,
  `is_deleted` bit(1) NOT NULL,
  `product_id` bigint DEFAULT NULL,
  `user_id` bigint DEFAULT NULL,
  PRIMARY KEY (`id`),
  KEY `FKnuk6m7x8y4boq27pawx4hdhb1` (`product_id`),
  KEY `FKkvfp8ugd6frwnbk85edthlxed` (`user_id`),
  CONSTRAINT `FKkvfp8ugd6frwnbk85edthlxed` FOREIGN KEY (`user_id`) REFERENCES `users` (`id`),
  CONSTRAINT `FKnuk6m7x8y4boq27pawx4hdhb1` FOREIGN KEY (`product_id`) REFERENCES `products` (`product_id`)
) ENGINE=InnoDB AUTO_INCREMENT=49 DEFAULT CHARSET=utf8mb4 COLLATE=utf8mb4_0900_ai_ci;
/*!40101 SET character_set_client = @saved_cs_client */;

--
-- Dumping data for table `user_follow_products`
--

LOCK TABLES `user_follow_products` WRITE;
/*!40000 ALTER TABLE `user_follow_products` DISABLE KEYS */;
INSERT INTO `user_follow_products` VALUES (1,'2023-11-20 17:24:01.338000','2023-12-02 23:53:05.407612',_binary '',76,37),(2,'2023-11-21 16:20:14.842000','2023-12-02 23:53:02.637717',_binary '',77,37),(3,'2023-11-23 18:54:28.907000','2023-12-16 15:18:48.787124',_binary '',33,37),(4,'2023-11-24 21:41:54.016397','2023-11-27 14:08:45.050841',_binary '',88,37),(5,'2023-11-26 10:44:01.083889','2023-12-02 23:46:27.948363',_binary '\0',53,37),(6,'2023-11-26 10:44:32.773930','2023-12-05 23:14:36.335650',_binary '',67,37),(7,'2023-11-26 15:20:18.017504','2024-03-06 16:06:41.220821',_binary '',75,37),(8,'2023-11-26 15:20:18.872543','2023-11-27 14:47:45.983775',_binary '',74,37),(9,'2023-11-27 14:27:58.393217','2023-12-02 23:57:09.964537',_binary '\0',38,37),(10,'2023-11-27 14:27:59.865849','2023-11-27 22:42:05.760994',_binary '',83,37),(11,'2023-11-27 20:29:28.120094','2023-11-27 22:42:08.855214',_binary '',35,37),(12,'2023-11-27 22:41:38.715952','2023-12-05 23:15:55.700364',_binary '\0',34,37),(13,'2023-11-27 22:41:57.155874','2023-11-29 14:39:43.072535',_binary '',36,37),(14,'2023-11-29 15:53:00.001842','2023-11-29 15:53:26.363436',_binary '',34,44),(15,'2023-11-29 15:53:01.378980','2023-11-29 15:53:01.378980',_binary '\0',76,44),(16,'2023-11-29 15:54:07.729895','2023-11-29 15:54:45.133036',_binary '',33,44),(17,'2023-11-29 15:54:20.415623','2023-11-29 15:54:23.412993',_binary '',75,44),(18,'2023-12-02 22:07:50.920868','2023-12-16 15:18:55.329010',_binary '',45,37),(19,'2023-12-02 22:12:04.357512','2023-12-02 23:39:14.311920',_binary '',59,37),(20,'2023-12-02 23:39:29.411273','2023-12-16 15:18:51.635877',_binary '',54,37),(21,'2023-12-02 23:39:31.617023','2023-12-02 23:43:45.556915',_binary '',58,37),(22,'2023-12-02 23:44:59.900075','2023-12-16 15:18:53.447069',_binary '',110,37),(23,'2023-12-02 23:53:07.166159','2023-12-16 15:18:56.189012',_binary '',78,37),(24,'2023-12-03 00:23:31.653479','2023-12-10 15:33:45.304128',_binary '\0',111,37),(25,'2023-12-03 02:00:34.053417','2023-12-10 15:33:33.188030',_binary '\0',115,37),(26,'2023-12-03 02:02:29.799297','2023-12-05 23:13:51.618612',_binary '\0',70,37),(27,'2023-12-03 02:07:52.866343','2023-12-05 23:15:57.701753',_binary '\0',37,37),(28,'2023-12-03 02:08:33.421131','2023-12-05 23:14:08.832296',_binary '\0',112,37),(29,'2023-12-03 10:50:41.761554','2023-12-10 15:33:15.480315',_binary '\0',44,37),(30,'2023-12-05 23:13:48.896151','2023-12-05 23:14:00.341929',_binary '',64,37),(31,'2023-12-05 23:14:03.335661','2023-12-05 23:14:04.159040',_binary '',72,37),(32,'2023-12-05 23:14:05.233728','2023-12-10 16:27:38.515146',_binary '\0',61,37),(33,'2023-12-05 23:14:29.579455','2023-12-05 23:14:31.944494',_binary '',66,37),(34,'2023-12-05 23:14:33.907009','2023-12-05 23:14:34.652631',_binary '',73,37),(35,'2023-12-05 23:15:10.253436','2023-12-05 23:15:11.345841',_binary '',89,37),(36,'2023-12-09 00:23:24.053037','2023-12-09 00:23:24.053037',_binary '\0',117,37),(37,'2023-12-17 15:26:35.492333','2024-03-10 15:25:19.467860',_binary '\0',118,37),(38,'2023-12-17 16:46:24.127280','2023-12-17 16:46:24.127280',_binary '\0',110,46),(39,'2023-12-17 16:46:27.568865','2023-12-17 16:46:27.568865',_binary '\0',87,46),(40,'2023-12-17 16:46:29.069969','2023-12-17 16:46:56.328670',_binary '',114,46),(41,'2023-12-27 23:07:40.298550','2023-12-27 23:07:40.298550',_binary '\0',124,42),(42,'2023-12-27 23:07:42.042413','2023-12-27 23:07:42.042413',_binary '\0',125,42),(43,'2023-12-27 23:07:43.090084','2023-12-27 23:07:43.090084',_binary '\0',127,42),(44,'2023-12-30 15:16:57.278871','2023-12-30 15:16:57.278871',_binary '\0',51,47),(45,'2023-12-30 15:17:02.841698','2023-12-30 15:17:02.841698',_binary '\0',123,47),(46,'2024-03-06 16:14:59.039719','2024-03-06 16:14:59.039719',_binary '\0',122,37),(47,'2024-03-18 15:09:43.224502','2024-03-18 15:10:24.173523',_binary '',87,37),(48,'2024-04-25 13:28:03.023191','2024-04-25 13:28:03.023191',_binary '\0',119,37);
/*!40000 ALTER TABLE `user_follow_products` ENABLE KEYS */;
UNLOCK TABLES;

--
-- Table structure for table `users`
--

DROP TABLE IF EXISTS `users`;
/*!40101 SET @saved_cs_client     = @@character_set_client */;
/*!50503 SET character_set_client = utf8mb4 */;
CREATE TABLE `users` (
  `id` bigint NOT NULL AUTO_INCREMENT,
  `created_date` datetime(6) DEFAULT NULL,
  `last_modified_date` datetime(6) DEFAULT NULL,
  `avatar_url` varchar(255) DEFAULT NULL,
  `created_by` varchar(255) DEFAULT NULL,
  `email` varchar(255) NOT NULL,
  `gender` varchar(255) DEFAULT NULL,
  `is_email_active` bit(1) DEFAULT NULL,
  `is_enabled` bit(1) DEFAULT NULL,
  `is_phone_active` bit(1) DEFAULT NULL,
  `last_modified_by` varchar(255) DEFAULT NULL,
  `password` varchar(255) NOT NULL,
  `phone_number` varchar(255) DEFAULT NULL,
  `username` varchar(255) NOT NULL,
  `otp` varchar(255) DEFAULT NULL,
  `otp_created_time` datetime(6) DEFAULT NULL,
  `name` varchar(255) DEFAULT NULL,
  `is_locked` bit(1) DEFAULT NULL,
  PRIMARY KEY (`id`),
  UNIQUE KEY `UK_6dotkott2kjsp8vw4d0m25fb7` (`email`),
  UNIQUE KEY `UK_r43af9ap4edm43mmtq01oddj6` (`username`),
  UNIQUE KEY `UK_9q63snka3mdh91as4io72espi` (`phone_number`)
) ENGINE=InnoDB AUTO_INCREMENT=49 DEFAULT CHARSET=utf8mb4 COLLATE=utf8mb4_0900_ai_ci;
/*!40101 SET character_set_client = @saved_cs_client */;

--
-- Dumping data for table `users`
--

LOCK TABLES `users` WRITE;
/*!40000 ALTER TABLE `users` DISABLE KEYS */;
INSERT INTO `users` VALUES (36,'2023-11-17 14:39:23.379000','2023-12-10 13:39:40.418209','avatar-url','system','huachhcin@gmail.com','Nam',_binary '',_binary '',_binary '\0','system','$2a$10$kDgeeu8.vYAkPtKCxT73jeZ.XkTH0wgTnPMkIRmndgUaYsbMzEBVK','0444444444','admin','4660','2023-12-10 13:39:40.415203','admin',_binary '\0'),(37,'2023-11-17 14:39:23.466000','2024-05-19 01:28:04.249791','https://res.cloudinary.com/dkurral2z/image/upload/v1714725668/duck_shop/ka0a4yk6e0yfanrzioze.jpg','system','user@gmail.com','Nam',_binary '',_binary '',_binary '\0','user','$2a$10$POz.5Bx.fMmXXbLwAsk04OiN6LFMOCCxeb5M4pzzaoCR.axD6ZYXS','0333333333','user',NULL,NULL,'清华 ☕',_binary '\0'),(41,'2023-11-20 19:49:47.673000','2023-11-29 14:58:23.124339','https://qpet.vn/wp-content/uploads/2023/05/Meme-meo-cam-sung.jpg','system','chhinhua444@gmail.com',NULL,_binary '',_binary '',_binary '\0','system','$2a$10$vOF9.OO8S8jOEhX4r3wf4e1ynbEFAarnVBWLUmv9rEE05PpXmdhfS',NULL,'chhinhua','3893','2023-11-29 14:58:23.122341',NULL,_binary '\0'),(42,'2023-11-24 16:11:23.979000','2023-12-27 23:06:43.339142','https://res.cloudinary.com/dkurral2z/image/upload/v1703693206/duck_shop/ragvksecfvliatgsmptr.jpg','system','cchhinhddua@gmail.com',NULL,_binary '',_binary '',_binary '\0','user2','$2a$10$Bx02Y/T8u/l9yG9DzpyQcug41MNcaZHjA0Ge0/15SbO4wAR.3he3a',NULL,'user2','7151','2023-11-24 16:11:23.922345',NULL,_binary '\0'),(43,'2023-11-27 20:40:03.153308','2023-11-27 20:41:09.332027',NULL,'system','cchhinhua@gmail.com',NULL,_binary '',_binary '',_binary '\0','system','$2a$10$lZVJF/Sukmq.9GwauAypGe1elZbJ6adHtnJr8g6JH9LlBkaGb.eNS',NULL,'user3','6085','2023-11-27 20:40:18.865418',NULL,_binary '\0'),(44,'2023-11-29 15:06:33.562698','2023-11-29 15:52:00.833537','https://res.cloudinary.com/dkurral2z/image/upload/v1701247845/duck_shop/rgstsmjjekdshewfrp85.jpg','system','chhinhueeeeeeeeea@gmail.com','Nam',_binary '',_binary '',_binary '\0','user4','$2a$10$.ga9EKj7KAkwd1M1/dl/HO3VnoQpmPy3ueSjOiEZ3jrblTp0ot4BO','0326474615','user4','5153','2023-11-29 15:08:24.065667','Nguyễn Văn A',_binary '\0'),(45,'2023-12-10 16:22:30.551780','2023-12-17 17:00:27.828316',NULL,'system','huachhin@gmail.com',NULL,_binary '',_binary '',_binary '\0','system','$2a$10$WgYTY/HRvr1F1DgBdO2BYeKRVlKSJdR4MVrUUqbYcug4xmSjz2rw6',NULL,'xavier','8585','2023-12-17 16:59:39.831199',NULL,_binary '\0'),(46,'2023-12-17 16:43:04.778995','2023-12-17 16:48:41.761004','https://res.cloudinary.com/dkurral2z/image/upload/v1702806529/duck_shop/ansibaop6jqlc2y3twuc.jpg','system','chhinhđàasdfsdaua@gmail.com','Nam',_binary '',_binary '',_binary '\0','user05','$2a$10$ZNHq.J2FohBlBsC4ge3zQOYuZzNju7fZqwq56wgqV71kHtR7V57E2','0326474614','user05','4508','2023-12-17 16:43:04.749989','Chau Chhin Hua',_binary '\0'),(47,'2023-12-30 15:11:27.457799','2024-03-10 12:23:40.740698','https://res.cloudinary.com/dkurral2z/image/upload/v1703924271/duck_shop/f9vunlxhlc9l5cnrutao.jpg','system','chhinhua54564@gmail.com','Nam',_binary '',_binary '',_binary '\0','system','$2a$10$K0t8SEf2NMeyqJWwQ5x55.KrfY.0vCxOpqEp0.DqgB3XnVm1wVI22','0326474619','user10','0574','2024-03-10 12:22:29.970049','Chau Chhin Hua',_binary '\0'),(48,'2024-05-27 16:06:09.752259','2024-05-27 16:11:56.793569','https://res.cloudinary.com/dkurral2z/image/upload/v1716801014/duck_shop/rc1kpvg7gcpxbsrvvhfh.jpg','system','chhinhua@gmail.com','Nam',_binary '',_binary '',_binary '\0','jinhua','$2a$10$4ajkB4VA6UO0XFudvbO3aO5vWkHPc11bpvzAVZLPHuXy0G4kziy5C','0326474610','jinhua','1643','2024-05-27 16:06:09.619259','清华',_binary '\0');
/*!40000 ALTER TABLE `users` ENABLE KEYS */;
UNLOCK TABLES;

--
-- Table structure for table `users_roles`
--

DROP TABLE IF EXISTS `users_roles`;
/*!40101 SET @saved_cs_client     = @@character_set_client */;
/*!50503 SET character_set_client = utf8mb4 */;
CREATE TABLE `users_roles` (
  `user_id` bigint NOT NULL,
  `role_id` bigint NOT NULL,
  PRIMARY KEY (`user_id`,`role_id`),
  KEY `FKj6m8fwv7oqv74fcehir1a9ffy` (`role_id`),
  CONSTRAINT `FK2o0jvgh89lemvvo17cbqvdxaa` FOREIGN KEY (`user_id`) REFERENCES `users` (`id`),
  CONSTRAINT `FKj6m8fwv7oqv74fcehir1a9ffy` FOREIGN KEY (`role_id`) REFERENCES `roles` (`id`)
) ENGINE=InnoDB DEFAULT CHARSET=utf8mb4 COLLATE=utf8mb4_0900_ai_ci;
/*!40101 SET character_set_client = @saved_cs_client */;

--
-- Dumping data for table `users_roles`
--

LOCK TABLES `users_roles` WRITE;
/*!40000 ALTER TABLE `users_roles` DISABLE KEYS */;
INSERT INTO `users_roles` VALUES (36,3),(37,4),(41,4),(42,4),(43,4),(44,4),(45,4),(46,4),(47,4),(48,4);
/*!40000 ALTER TABLE `users_roles` ENABLE KEYS */;
UNLOCK TABLES;

--
-- Table structure for table `ward`
--

DROP TABLE IF EXISTS `ward`;
/*!40101 SET @saved_cs_client     = @@character_set_client */;
/*!50503 SET character_set_client = utf8mb4 */;
CREATE TABLE `ward` (
  `id` bigint NOT NULL AUTO_INCREMENT,
  `code` varchar(255) DEFAULT NULL,
  `district_code` varchar(255) DEFAULT NULL,
  `name` varchar(255) DEFAULT NULL,
  `type` varchar(255) DEFAULT NULL,
  PRIMARY KEY (`id`)
) ENGINE=InnoDB DEFAULT CHARSET=utf8mb4 COLLATE=utf8mb4_0900_ai_ci;
/*!40101 SET character_set_client = @saved_cs_client */;

--
-- Dumping data for table `ward`
--

LOCK TABLES `ward` WRITE;
/*!40000 ALTER TABLE `ward` DISABLE KEYS */;
/*!40000 ALTER TABLE `ward` ENABLE KEYS */;
UNLOCK TABLES;

--
-- Dumping routines for database 'duck'
--
/*!40103 SET TIME_ZONE=@OLD_TIME_ZONE */;

/*!40101 SET SQL_MODE=@OLD_SQL_MODE */;
/*!40014 SET FOREIGN_KEY_CHECKS=@OLD_FOREIGN_KEY_CHECKS */;
/*!40014 SET UNIQUE_CHECKS=@OLD_UNIQUE_CHECKS */;
/*!40101 SET CHARACTER_SET_CLIENT=@OLD_CHARACTER_SET_CLIENT */;
/*!40101 SET CHARACTER_SET_RESULTS=@OLD_CHARACTER_SET_RESULTS */;
/*!40101 SET COLLATION_CONNECTION=@OLD_COLLATION_CONNECTION */;
/*!40111 SET SQL_NOTES=@OLD_SQL_NOTES */;

-- Dump completed on 2024-06-09 16:27:42
